mouse id,sex,bw,RBC,mHGB,HCT,MCV,MCHC ,D1Mit316,D1Mit236,D1Mit386,D1Mit16,D1Mit426,D1MIT293,D2Mit1,D2Mit365,D2Mit182,D2Mit190,D2MIT143,D3Mit22,D3Mit258,D3MIT352,D4Mit149,D4Mit214,D4MIT166,D4Mit37,D4MIT12,D4Mit204,D4MIT209,D4Mit42,D5Mit145,D5Mit81,D5Mit240,D5Mit136,D5Mit292,D6Mit86,D6MIT123,D6Mit230,D6MIT111, D6Mit15,D7Mit152,D7Mit69,D7Mit101,D7Mit223,D8Mit58,D8Mit191,D9Mit217,D9Mit129,D9Mit12,D9Mit52,D10Mit181,D10Mit38,D10Mit139,D10Mit10,D10Mit237,D11MIT71,D11Mit189,D11Mit219,D11Mit124,D11MIT99,D11Mit360,D12MIT172,D12MIT285,D12MIT190,D12MIT69,D12MIT75,D12Mit248,B-Spectrin,D12MIT156,D12Mit95,D12Mit16,D13Mit130,D13Mit78,D14MIT98,D14MIT110,D14Mit60,D14Mit194,D14Mit75,D15Mit174,D15Mit85,D15Mit67,D15Mit171,D15Mit40,D16Mit32,D16Mit60,D16Mit189,D16Mit86,D17Mit113,D17MIT139,D17Mit185,D17Mit39,D17Mit123,D18Mit64,D18Mit9,D19Mit32,D19Mit46,D19MIT88,D19Mit1,D19MIT71,DXMit99,DX249
,,,,,,,,1,1,1,1,1,1,2,2,2,2,2,3,3,3,4,4,4,4,4,4,4,4,5,5,5,5,5,6,6,6,6,6,7,7,7,7,8,8,9,9,9,9,10,10,10,10,10,11,11,11,11,11,11,12,12,12,12,12,12,12,12,12,12,13,13,14,14,14,14,14,15,15,15,15,15,16,16,16,16,17,17,17,17,17,18,18,19,19,19,19,19,X,X
,,,,,,,,2.4599,23.6912,48.814,75.104,84.3218,97.551,2.2259,20.21,39.529,60.37,89.16,32.2503,66.685,78.44,2.0417,24.1603,43.27,53.4255,57.7648,66.255,84.5894,82.6371,3.369,26.886,53.238,59.5694,79.2301,1.806,27.7648,45.742,64.027,77.701,2.7137,31.1895,69.0052,88.854,2.5238,21.159,2.458,24.4514,52.2379,73.0641,2.573,23.233,39.722,47.44,67.8872,4.6976,27.389,43.9982,62.925,62.9935,67.1268,21.09,23.465,26.064,27.207,28.7016,28.726,33.731,35.6954,39.6983,60.561,61.6914,67.21,7.08,4.7333,24.599,45.957,59.53,1.843,15.739,32.169,45.0226,57.2239,2.3314,23.2733,46.828,54.315,8.1371,27.402,39.3,45.636,60.6705,4.459,42.5558,3.0429,29.056,32.232,50.3188,56.278,73.7348,76.0275
100,1,1.03,2.1,5.6,14.4,71.4,38.889,C,C,T,T,T,H,C,C,H,H,H,T,T,T,C,C,C,H,C,H,H,H,T,T,H,H,H,H,H,H,H,H,T,T,C,C,T,H,H,H,H,H,C,H,H,H,H,H,H,C,C,C,C,C,C,H,H,H,H,H,H,H,H,T,T,T,T,T,H,H,H,H,H,-,H,H,-,-,H,T,H,H,H,C,H,H,H,H,C,H,C,C,C
101,0,1.1,1.9,5.6,15.2,78,36.842,T,T,H,H,H,H,C,H,T,H,H,H,C,C,T,T,C,C,C,C,C,C,H,H,H,T,T,T,T,T,H,H,H,C,H,H,T,T,T,T,T,C,H,H,H,H,C,C,C,C,-,C,C,C,C,C,-,-,C,C,C,C,C,H,-,H,H,T,H,H,C,C,C,C,H,C,C,C,C,C,C,C,C,C,H,C,C,C,H,C,H,H,H
102,1,1.47,2.1,4.8,15.2,74.4,31.579,T,T,T,T,T,H,T,H,H,H,H,T,T,T,T,T,T,T,T,T,H,H,H,H,H,H,H,C,H,H,H,T,T,H,H,T,T,T,H,H,C,C,C,C,C,C,C,H,H,C,C,C,C,H,H,H,-,-,H,H,H,H,H,C,C,T,T,T,T,H,C,C,C,C,H,T,H,T,T,H,H,H,H,C,H,H,H,H,H,H,H,C,C
104,1,1.16,1.5,4,12,75.9,33.333,C,C,-,C,C,C,T,T,H,-,C,H,H,H,H,H,H,T,T,-,T,T,H,H,T,T,H,T,T,T,T,T,C,H,H,C,H,C,H,T,H,H,T,H,H,H,H,H,H,C,C,C,C,H,H,H,C,C,C,C,C,C,C,C,C,H,H,H,C,H,H,H,H,H,C,H,C,H,H,C,H,H,H,H,H,T,T,T,H,H,H,T,T
105,0,1.04,3,7.2,20.8,71.3,34.615,T,T,T,H,H,H,T,H,H,H,H,H,T,T,H,H,H,H,H,H,T,T,T,C,C,C,C,C,C,H,H,H,T,H,H,H,H,H,H,H,H,C,H,H,H,C,C,H,T,H,C,C,C,T,T,T,T,T,-,T,T,T,T,H,H,H,H,H,H,H,C,C,C,C,C,T,T,T,T,H,H,H,H,H,C,C,C,-,H,H,H,H,H
108,1,1.28,3.2,8,24,74.7,33.333,C,H,T,H,H,H,C,C,C,H,H,H,H,H,H,T,T,T,T,T,T,T,H,C,C,C,C,H,H,H,H,H,C,H,T,H,T,T,T,H,H,H,H,C,C,C,H,T,T,T,C,C,C,H,H,H,H,H,H,H,H,H,H,H,H,H,H,C,C,C,H,C,C,C,H,H,C,H,H,H,H,H,H,H,H,H,C,H,T,H,T,C,C
109,0,1.3,2.6,5.6,20,75.7,28,T,H,C,H,H,-,H,H,H,H,H,H,H,H,H,H,H,-,C,C,H,C,H,H,T,-,T,C,C,C,-,H,H,C,C,C,H,H,-,-,-,T,C,-,H,-,C,T,T,H,C,C,C,H,-,H,T,T,T,T,-,T,T,H,T,C,C,-,-,T,-,H,H,-,H,H,-,H,H,H,H,C,C,-,T,T,-,H,H,H,H,-,H
110,1,1.3,1.9,4.8,16,81,30,H,H,H,-,T,T,T,T,T,-,-,-,-,H,-,H,C,-,C,C,H,H,-,H,H,H,C,H,H,H,H,-,H,C,C,T,-,-,H,-,H,T,C,C,C,C,H,H,H,C,C,-,C,H,-,-,H,H,H,H,-,H,T,H,H,C,C,-,H,-,H,-,-,T,-,C,H,C,C,-,H,H,H,-,T,H,T,T,H,H,H,-,-
111,1,1.35,1.3,3.2,10.4,80.4,30.769,T,H,H,H,T,T,H,H,H,H,H,C,-,C,T,T,H,H,C,H,C,C,H,H,T,H,H,H,T,H,H,H,T,T,T,H,T,H,C,C,T,T,H,H,H,T,T,C,C,C,C,C,C,C,C,C,C,C,-,C,C,C,C,T,T,C,C,H,H,H,T,-,-,T,-,H,H,H,H,-,C,C,C,C,H,C,H,H,H,H,H,C,C
112,1,0.91,1.9,6,16,83.5,37.5,H,H,C,-,-,C,-,H,-,H,H,C,H,H,T,T,T,T,T,T,T,T,T,T,T,T,T,H,C,C,H,T,T,C,C,C,T,T,H,-,H,H,-,C,H,T,T,T,H,C,H,C,C,H,-,H,-,-,H,H,-,H,H,H,H,T,T,T,T,H,H,H,H,H,H,H,H,H,H,H,H,C,C,C,H,T,C,C,C,C,C,T,T
113,1,1.65,1.5,3.2,12,79.3,26.667,-,T,T,-,H,C,-,H,H,H,-,H,H,H,-,-,H,H,C,H,H,H,T,H,H,H,T,H,T,H,C,C,T,T,T,H,T,T,H,H,H,C,-,T,-,-,-,C,C,C,C,C,C,C,C,C,C,C,C,C,H,H,H,H,H,H,H,H,H,H,C,H,H,H,H,C,C,C,C,H,H,H,H,H,T,H,T,H,H,H,H,T,T
114,0,1.61,1.9,5.6,13.6,72.5,41.176,T,H,H,T,T,T,H,H,H,H,H,C,H,H,H,H,T,H,H,H,C,H,T,C,C,C,H,H,T,T,H,H,H,-,H,H,H,C,H,H,H,H,H,T,T,T,T,C,C,C,C,C,C,T,T,T,T,T,T,T,T,H,C,H,H,T,T,T,H,H,T,H,H,H,H,H,H,H,H,H,H,H,H,H,C,C,H,T,T,T,T,C,C
115,1,1.28,2.6,8,22.4,84.5,35.714,H,H,H,C,C,C,H,H,T,H,C,T,T,T,T,T,H,H,C,H,H,H,H,H,H,H,C,H,H,H,H,C,T,C,C,C,H,H,H,H,T,T,T,T,T,T,T,H,H,C,C,C,C,C,C,C,C,C,C,C,C,C,C,C,C,H,H,H,H,H,T,T,T,T,H,H,T,H,H,C,-,-,H,H,H,T,T,H,H,H,H,T,T
116,0,1.44,2.9,8,22.4,79.3,35.714,H,H,H,H,H,H,T,T,H,H,H,C,C,C,H,-,H,H,C,H,C,H,H,C,H,H,T,H,H,-,C,H,H,H,H,H,T,T,H,T,T,H,H,H,-,-,-,H,H,C,H,C,C,C,C,C,C,C,C,C,C,C,C,-,-,H,H,H,H,H,T,H,H,H,H,C,H,C,C,C,-,H,H,H,H,C,H,H,C,C,C,H,H
117,0,1.38,1.8,5.6,15.2,81.5,36.842,T,T,T,T,T,H,T,H,H,H,C,H,H,H,-,H,H,H,H,H,C,C,C,C,C,C,H,H,H,C,H,H,T,H,H,H,H,H,H,T,T,T,H,H,T,T,T,T,T,T,C,C,C,T,T,T,T,T,T,T,T,H,H,T,T,T,T,H,C,C,T,H,H,H,H,T,T,T,T,H,H,H,H,-,-,-,H,H,C,C,C,H,-
119,0,1.34,2,6.4,17.6,87.7,36.364,H,C,H,H,H,H,C,-,H,H,T,T,-,T,H,H,H,H,C,H,T,T,C,H,H,H,T,H,H,H,T,T,C,C,T,T,T,T,H,T,T,T,C,H,H,H,H,T,C,C,C,C,C,C,C,C,C,C,C,C,C,C,C,-,H,C,C,H,H,H,C,H,H,T,T,T,H,T,T,H,H,H,H,H,C,H,H,H,H,C,H,H,H
125,0,1.15,1.6,4,13.6,85.6,29.412,C,C,C,H,H,H,H,H,H,C,C,C,H,H,H,H,H,H,H,T,T,T,T,T,C,C,C,H,T,-,T,T,H,C,H,C,H,H,T,H,H,H,T,H,H,H,C,H,H,H,-,C,C,T,T,T,T,T,T,T,T,H,C,-,-,T,T,T,T,T,T,T,T,H,H,T,T,T,T,C,C,H,H,H,C,T,T,H,C,H,C,C,C
126,0,1.33,2.2,5.6,16.8,75.7,33.333,H,H,H,H,H,C,H,H,H,C,C,H,T,T,H,H,H,H,H,H,T,T,T,C,C,C,C,H,H,H,H,H,H,C,H,T,H,H,C,C,T,T,T,H,H,H,C,H,H,C,C,C,C,H,H,H,H,H,H,H,H,H,H,H,H,H,H,H,H,H,T,T,T,T,T,H,H,H,H,T,T,T,H,H,H,H,H,H,H,H,H,T,T
127,1,1.34,4.1,9.6,29.6,73.1,32.432,-,H,T,T,T,-,C,T,T,T,H,C,-,C,C,C,C,-,-,T,-,T,C,C,C,-,C,C,-,C,-,H,C,T,T,H,H,H,-,-,-,H,T,H,H,-,T,-,H,H,-,C,C,H,-,H,H,H,H,H,-,H,H,-,C,H,H,-,H,-,-,-,C,-,-,-,-,T,T,-,-,-,H,-,C,H,-,-,C,-,C,C,C
128,1,1.22,0.8,1.6,5.6,73.3,28.571,-,H,C,-,C,H,C,C,C,C,-,H,T,T,H,H,H,H,C,H,C,C,T,T,T,T,H,H,H,H,H,C,H,H,T,T,C,C,T,-,H,C,H,T,T,-,T,H,C,C,C,-,C,-,-,T,-,-,T,T,-,T,H,H,C,C,C,-,H,C,H,T,T,T,H,H,T,H,H,T,-,H,H,-,T,C,H,H,H,H,H,-,T
129,1,1.43,1.8,4,12,70,33.333,-,T,T,H,H,H,T,T,T,H,H,H,H,H,H,H,H,-,H,H,H,H,H,T,T,H,H,C,H,H,T,H,H,C,H,H,C,C,H,-,C,H,H,H,T,T,T,C,C,C,H,-,C,T,T,H,-,-,-,H,-,H,H,T,T,H,T,T,T,T,C,C,-,H,H,C,T,C,C,H,T,H,H,H,H,C,H,C,C,C,C,T,T
130,1,1.46,1.8,3.2,12.8,72,25,C,C,T,-,-,T,-,C,-,C,C,C,C,C,T,T,H,H,H,H,H,H,H,C,C,C,-,-,T,H,H,-,T,H,T,T,C,C,T,-,T,H,-,C,C,C,C,T,T,C,C,C,C,T,T,T,T,T,T,T,T,T,C,H,H,T,H,C,H,H,H,T,T,T,H,H,T,T,H,H,H,H,H,C,T,H,H,H,C,H,C,C,C
131,1,1.39,0.8,1.6,5.6,74.6,28.571,T,T,T,-,-,T,-,C,-,H,H,H,H,H,H,H,T,T,T,H,H,H,T,T,H,H,H,T,H,H,H,H,H,H,T,T,H,T,T,C,C,C,H,H,H,H,H,H,H,H,C,C,C,H,H,H,-,-,H,H,H,T,-,-,-,T,T,H,H,H,T,H,H,H,C,T,H,T,T,C,C,C,C,C,T,H,H,H,H,H,H,C,C
132,1,1.22,1.9,5.6,16,82.4,35,T,T,H,-,C,H,C,H,-,H,-,T,T,H,-,-,T,H,H,H,H,H,T,T,T,T,T,C,H,H,H,H,H,H,H,T,C,C,H,H,H,T,C,C,T,T,T,H,T,T,C,C,C,H,H,H,H,H,H,H,H,H,H,-,H,C,C,H,H,H,C,H,H,H,H,H,H,H,H,C,C,C,C,H,H,H,H,-,C,C,C,T,T
134,1,1.27,1.4,4.8,10.4,76.8,46.154,H,C,C,H,T,T,C,C,C,C,C,H,-,T,-,C,C,C,H,C,H,C,H,H,C,C,C,H,H,H,T,T,H,H,H,C,C,C,-,T,-,C,-,H,H,C,C,T,-,H,-,C,C,H,H,H,H,H,H,H,H,H,C,C,C,H,H,C,H,H,H,H,H,H,H,C,C,C,C,T,T,-,H,H,T,H,H,H,T,H,T,T,-
135,0,0.93,2.5,8,23,90.7,34.783,T,H,H,C,C,C,T,H,H,-,C,H,H,T,-,H,T,T,-,T,H,H,C,H,T,T,C,T,H,-,C,H,T,T,C,C,C,C,H,C,H,H,-,T,C,C,C,T,H,H,-,C,C,C,C,C,C,C,-,H,C,C,H,-,H,C,C,H,H,H,C,C,C,H,T,C,C,C,C,T,-,T,T,T,H,H,C,H,H,H,H,H,-
136,1,1.5,2.5,5.6,18.4,74.8,30.435,T,H,C,H,H,H,H,H,H,T,H,H,H,H,H,T,T,T,T,T,T,T,C,H,H,H,H,T,H,H,H,H,T,T,H,T,H,C,H,H,T,T,H,H,H,H,C,C,C,C,C,C,C,H,H,C,C,C,C,C,C,C,C,H,H,H,H,H,C,C,H,H,H,T,H,T,T,H,T,H,H,T,T,T,H,H,H,H,H,H,H,T,T
138,0,1.2,1.9,4.8,15.2,79.2,31.579,H,H,T,T,H,H,C,C,C,C,C,H,-,H,H,H,C,C,C,C,H,C,C,C,T,T,T,T,H,-,C,C,C,C,H,T,C,H,H,H,H,H,H,H,H,H,T,H,H,C,C,C,C,C,C,C,C,C,C,C,C,C,-,-,-,C,C,C,H,H,C,C,C,C,H,C,T,C,C,T,T,H,H,H,H,H,H,H,H,H,H,T,T
140,0,1.38,0.9,2.4,5.6,64.7,42.857,T,T,T,T,H,-,H,H,H,H,H,T,H,H,T,T,T,T,T,C,C,C,H,H,C,C,H,H,H,H,H,H,T,T,C,H,H,T,T,H,C,C,T,T,T,T,T,H,H,H,C,-,C,H,H,H,H,H,H,H,H,-,H,C,C,H,H,H,T,T,H,H,H,H,H,H,T,T,H,H,-,T,T,-,H,-,C,H,C,C,C,C,-
141,1,1.68,2.9,5.6,20.8,73.5,26.923,H,H,C,H,H,H,T,-,H,-,C,H,-,H,T,T,H,-,-,C,-,C,T,T,-,-,H,T,T,H,-,H,H,H,H,H,H,H,H,C,H,T,T,T,T,T,T,-,H,H,-,C,C,C,C,C,C,C,C,H,H,H,H,T,T,T,T,T,T,T,H,H,H,H,-,H,H,H,H,-,-,H,H,C,H,H,C,H,-,H,H,C,C
142,0,1.21,1.9,5.6,13.6,71.6,41.176,T,C,C,C,C,C,T,T,T,H,H,T,-,T,-,-,H,H,H,C,C,C,C,C,C,C,C,H,H,H,H,T,T,T,T,T,H,T,H,H,T,H,-,H,H,H,H,H,C,C,-,C,H,H,H,H,H,H,T,H,H,H,H,C,H,T,T,H,H,H,C,C,C,C,C,C,C,C,C,C,-,C,C,C,T,H,H,-,C,C,C,H,H
143,0,1.27,2.3,6.4,20,86.4,32,H,T,H,H,T,T,H,H,H,H,H,H,H,H,-,C,C,-,-,C,H,H,H,C,C,C,C,T,C,-,H,H,T,T,C,C,H,H,C,-,H,H,H,T,-,-,-,H,H,C,C,C,C,C,-,C,C,C,C,C,-,C,C,H,H,T,T,-,C,C,-,H,H,H,H,T,H,T,T,C,-,H,H,-,T,-,H,-,H,T,H,-,-
144,1,1.22,2.6,7.2,23.2,87,31.034,-,H,H,T,T,T,H,H,T,H,H,-,-,T,T,T,H,-,-,H,C,H,C,-,C,C,C,H,T,T,T,-,T,-,H,T,H,H,C,-,C,C,H,H,H,H,C,-,C,C,C,-,C,-,C,C,C,C,C,C,-,C,C,H,-,H,H,H,T,T,T,-,-,H,H,T,H,T,T,H,C,-,C,H,H,H,H,C,C,C,C,T,T
145,1,1.29,1.8,4,12.8,72.7,31.25,H,H,H,-,-,T,-,T,-,H,C,T,H,H,C,C,H,H,H,H,H,H,C,C,H,H,H,T,H,H,C,C,H,H,-,H,H,H,H,-,T,T,C,-,C,H,H,C,C,C,C,C,C,H,H,H,H,H,-,H,H,H,H,H,H,H,H,H,T,T,T,T,T,H,H,H,C,H,H,H,H,H,H,H,H,T,H,H,C,C,C,C,C
146,1,1.29,2.1,4.8,16,76.1,30,-,H,T,-,-,T,-,T,-,H,H,C,H,H,H,H,C,C,H,C,C,C,H,H,H,H,T,-,H,H,H,H,T,H,H,H,C,C,H,-,T,T,-,H,C,C,H,H,H,H,C,C,C,T,H,T,-,-,T,T,H,T,T,T,T,H,H,C,C,C,H,H,H,H,H,H,T,C,H,C,T,T,T,T,T,H,H,H,H,H,H,T,-
147,1,1.35,3.1,8.8,25.6,82.2,34.375,T,T,T,T,H,H,C,C,H,T,T,H,T,T,H,H,C,H,H,H,H,H,T,H,H,H,T,T,T,T,C,C,T,T,T,T,C,H,H,C,H,H,C,H,T,T,T,C,C,C,H,C,C,T,T,T,T,T,T,T,T,T,T,H,T,H,H,H,H,H,T,H,H,H,H,C,H,C,C,H,H,C,C,C,T,T,T,T,H,T,H,H,H
148,1,1.38,2.6,8,24,91.4,33.333,T,H,H,T,T,T,T,H,H,-,H,H,H,H,H,-,H,H,H,H,H,H,H,H,H,H,T,T,H,H,H,H,T,H,H,T,H,H,H,H,H,H,H,H,C,H,H,C,C,C,C,C,C,T,T,T,T,T,T,H,H,H,H,H,H,H,H,H,H,H,H,H,H,C,C,H,C,H,H,C,C,H,H,H,T,T,T,H,C,C,C,T,-
149,0,1.12,3.6,9.6,29.6,81.8,32.432,H,H,H,H,H,H,H,H,H,H,H,H,-,T,H,-,C,C,C,H,H,H,H,H,H,H,H,H,T,T,T,T,H,T,H,H,H,C,H,T,T,T,H,C,-,C,C,-,C,C,C,C,C,H,H,H,H,H,-,H,H,H,-,-,-,C,C,C,C,C,C,-,H,T,T,C,-,C,C,-,-,-,H,H,T,C,C,H,H,C,-,H,H
150,0,1.17,2.6,5.6,19.2,73.1,29.167,H,H,T,T,T,H,H,H,H,H,T,T,T,T,C,C,C,H,H,H,H,H,H,H,T,T,H,H,C,C,C,H,H,H,T,T,H,H,H,H,H,H,H,H,H,H,C,T,T,H,C,C,C,T,T,T,T,T,T,T,T,T,T,H,H,H,H,H,H,H,T,T,T,H,H,H,H,H,H,H,-,H,H,H,T,T,H,H,C,C,C,C,C
151,1,1.29,2.2,6.4,17.6,81.3,36.364,T,H,H,H,H,C,C,-,T,-,T,H,-,C,-,H,H,H,H,H,T,H,H,C,-,H,H,H,T,-,T,H,T,T,T,-,T,T,-,H,-,H,T,H,H,H,H,-,-,H,-,C,C,H,H,H,H,H,H,H,H,H,-,-,-,T,T,T,H,H,H,H,H,H,H,H,H,H,H,C,-,C,C,H,H,H,H,T,T,T,T,C,-
152,1,1.41,1.1,3.2,8,62.3,40,H,C,C,T,T,-,C,C,C,-,T,H,C,C,-,C,H,H,H,H,H,H,H,H,H,H,H,H,T,T,H,H,H,H,H,-,T,T,H,T,T,T,H,C,C,C,C,H,C,C,C,C,C,H,H,H,H,H,H,H,H,-,H,H,H,T,T,T,T,T,T,T,T,T,H,T,C,H,T,C,-,H,H,H,T,H,C,C,C,C,C,C,C
153,0,1.32,0.7,1.6,4.8,67.5,33.333,H,H,T,T,T,T,H,H,T,T,H,H,C,C,T,T,T,H,H,H,H,H,H,T,T,T,T,C,H,H,H,H,H,T,H,C,C,C,H,H,C,H,H,T,T,C,C,C,H,H,C,C,C,H,T,T,T,T,T,T,T,H,H,C,C,H,H,H,H,H,H,H,H,H,H,C,C,C,C,H,-,H,H,H,H,H,T,T,T,T,T,C,C
154,0,1.52,1.7,4,13.6,78.1,29.412,H,H,C,C,C,C,T,T,H,H,H,H,H,T,T,T,H,C,H,C,H,H,C,C,H,H,T,T,H,H,H,C,H,H,H,H,H,T,T,T,H,H,C,C,C,C,C,H,C,C,H,C,C,H,H,H,H,H,H,H,H,C,C,C,C,T,T,H,H,H,H,H,T,T,T,C,H,C,C,H,C,C,C,C,T,T,H,H,H,H,H,C,C
155,1,1.58,2.1,4.8,15.2,74.3,31.579,C,C,H,H,T,T,T,H,H,H,H,T,C,C,H,H,C,-,C,C,H,H,H,H,T,T,T,C,C,C,H,-,H,H,T,T,-,-,T,-,H,C,H,C,-,-,-,T,H,H,C,H,C,H,-,-,-,-,H,C,-,C,C,T,T,C,C,-,T,T,-,T,T,T,T,H,-,H,H,H,-,-,H,-,C,-,T,T,C,H,C,-,-
156,1,1.34,2,6.4,18.4,89.7,34.783,H,H,H,-,T,T,C,C,H,T,T,T,T,T,T,H,C,C,C,C,H,C,H,C,C,H,H,C,H,H,T,T,T,H,H,H,T,T,T,-,H,H,H,T,T,T,T,T,H,C,C,-,C,C,-,C,-,-,-,C,-,C,C,C,C,H,H,C,C,C,H,H,-,H,H,H,H,H,H,C,C,C,C,H,C,H,H,H,H,C,H,T,T
157,0,1.36,1.8,4.8,16,89,30,H,H,H,-,-,C,-,H,-,T,H,H,H,H,C,H,H,H,H,H,C,C,H,C,H,H,H,H,T,T,H,H,T,T,T,T,T,T,H,-,H,H,T,T,T,T,H,C,C,H,C,-,-,H,H,H,H,H,H,H,H,H,H,H,H,-,-,T,H,C,H,H,T,-,H,T,-,-,T,H,H,-,H,H,H,T,H,H,H,H,-,C,C
158,1,1.43,1.3,3.2,9.6,75,33.333,H,H,T,-,-,T,-,T,-,C,C,H,C,H,-,H,C,C,C,C,C,-,H,-,-,H,H,C,C,-,H,H,H,C,H,T,H,H,C,C,C,C,-,H,H,H,H,H,C,C,H,C,C,H,H,H,H,H,H,H,H,H,H,H,H,T,T,T,T,T,C,-,C,H,H,H,C,-,H,-,C,C,C,H,T,T,H,H,H,H,H,C,C
159,0,1.28,2.2,4.8,16.8,75.9,28.571,T,T,T,T,T,H,H,H,H,H,-,T,H,H,-,-,H,H,H,H,T,H,H,H,H,H,H,C,C,C,C,H,T,T,T,T,T,T,H,H,T,H,T,H,H,H,C,H,C,C,H,C,C,H,T,T,-,T,T,H,H,H,H,H,H,H,H,H,C,C,T,T,T,T,H,H,H,H,H,H,H,H,H,T,H,C,T,-,T,T,T,C,C
160,0,1.28,1.2,2.4,8.8,74,27.273,T,T,H,H,H,T,T,T,H,H,H,H,H,C,C,C,H,H,H,H,H,H,C,C,H,H,T,C,H,H,H,H,T,T,T,T,H,H,H,H,H,C,H,C,C,C,C,C,C,C,H,C,H,H,H,T,T,T,-,H,H,H,H,H,H,C,C,T,T,T,H,H,H,H,H,T,T,T,T,T,T,-,T,T,H,H,H,H,T,T,T,H,H
161,1,1.23,1.3,3.2,8.8,67.7,36.364,T,H,C,C,C,H,H,H,H,T,T,T,T,T,H,T,T,T,H,H,C,C,H,T,T,T,H,H,T,H,H,H,T,H,H,C,C,C,T,T,T,C,T,C,C,C,C,H,H,H,C,C,C,T,T,T,T,T,T,T,T,T,T,H,H,H,H,H,T,T,H,T,T,T,T,C,-,C,H,H,H,-,H,H,H,H,H,H,C,C,C,C,C
162,0,1.17,3.6,9.6,31.2,86.7,30.769,H,H,C,H,H,T,C,C,H,H,H,H,H,H,H,H,H,H,H,H,H,H,T,H,C,C,C,H,T,T,H,H,H,C,C,C,H,H,H,C,H,H,C,C,C,H,H,H,C,C,C,C,C,H,H,H,H,H,H,H,H,H,H,T,T,H,H,H,C,C,H,H,T,H,H,H,H,H,H,H,H,H,H,C,H,H,H,H,T,H,T,C,C
164,0,1.5,2,4.8,17.6,89.2,27.273,C,H,T,H,H,C,H,H,H,H,H,T,C,C,T,H,H,H,C,H,H,H,H,H,H,H,T,T,T,T,T,T,H,C,H,H,H,H,H,H,H,H,T,T,T,T,T,H,H,C,C,C,C,C,C,C,C,C,C,-,C,C,H,H,H,H,H,H,T,T,C,C,C,C,H,H,H,H,H,C,C,C,C,C,H,H,C,H,H,H,H,H,H
165,0,1.42,2.6,8,22.9,88,34.934,T,T,H,C,C,C,C,C,H,H,C,H,C,C,T,T,H,H,H,H,H,H,C,H,T,T,H,H,T,T,H,C,C,H,H,H,H,H,H,H,H,H,C,C,C,C,C,T,H,H,C,C,C,H,H,H,H,H,H,H,H,H,H,H,T,T,T,T,T,T,T,T,T,T,T,T,H,T,T,C,H,H,H,H,T,T,H,T,T,T,T,C,C
166,0,0.86,2.8,8,23.9,85.3,33.473,H,H,H,H,H,H,T,T,T,H,H,C,H,H,C,C,C,C,C,C,C,C,C,C,C,C,C,H,H,H,C,H,T,H,C,H,C,C,H,H,H,H,-,H,H,H,C,H,C,C,C,C,C,C,C,C,H,H,-,H,H,H,H,C,C,C,C,C,H,H,T,T,T,T,T,H,H,H,H,H,-,C,C,C,C,H,C,H,T,H,T,C,-
167,1,1.28,2.2,6.4,19.2,87,33.333,T,T,T,C,C,C,H,C,C,H,H,T,T,T,C,H,H,H,H,H,H,H,H,C,C,C,H,T,T,T,H,H,H,H,H,H,H,H,H,H,T,T,H,H,H,H,H,H,H,H,C,C,C,T,T,T,T,T,T,T,T,T,T,T,H,H,H,H,H,H,C,C,C,C,C,H,H,H,H,C,C,C,C,C,H,C,C,C,H,C,H,T,T
168,0,1.27,3.1,8.8,24.8,78.6,35.484,H,H,H,C,C,C,C,H,H,H,H,H,H,H,H,H,T,-,-,T,C,H,T,T,T,T,T,T,T,H,H,H,H,H,H,H,C,C,-,-,-,C,H,H,-,-,-,H,H,H,C,C,C,T,-,T,T,T,T,T,-,T,H,H,H,C,C,-,H,C,-,T,H,H,C,T,-,H,T,H,-,T,T,-,T,-,H,H,T,T,T,-,-
169,1,1.08,3.8,11.2,29.6,78.5,37.838,-,C,C,C,T,T,H,H,C,C,C,C,T,C,H,H,H,H,H,H,T,H,C,C,H,H,H,H,H,H,H,-,T,T,T,H,-,-,C,-,H,H,H,H,H,H,C,C,C,C,C,-,C,H,-,H,H,H,H,T,-,T,T,T,T,H,H,H,H,H,H,H,-,H,H,T,T,T,T,T,T,T,T,-,C,H,T,H,C,H,C,C,C
171,1,1.49,2,5.6,16.8,81.5,33.333,T,T,H,-,-,H,-,T,-,T,H,C,C,C,H,H,H,H,H,H,H,H,C,H,T,T,T,C,H,H,H,H,H,T,T,T,H,T,H,-,H,H,C,H,H,H,H,H,C,C,C,-,-,T,T,T,T,T,T,T,T,H,H,H,C,-,-,H,C,C,T,T,T,H,H,H,T,H,H,T,T,H,H,C,H,H,H,H,H,C,-,C,C
172,0,1.4,2.6,6.4,16.8,66.9,38.095,H,H,H,-,-,H,-,H,-,H,H,H,C,C,T,H,H,H,H,H,H,H,T,H,H,H,H,H,H,H,H,H,H,H,H,H,H,T,H,H,H,H,H,H,H,C,H,H,H,H,H,C,C,H,H,H,H,H,H,H,H,H,H,H,H,H,H,H,H,H,H,H,H,T,T,H,H,H,H,T,T,H,H,-,-,-,-,T,H,H,H,C,-
173,1,1.46,1.2,3.2,8.8,71.2,36.364,C,C,C,H,H,H,C,H,H,H,H,C,C,C,T,T,H,H,H,H,H,H,-,T,H,H,H,T,H,H,H,H,H,-,C,H,T,T,H,H,C,C,H,H,C,C,C,H,H,H,H,C,C,H,H,H,H,H,H,H,H,H,C,H,H,H,H,T,T,-,T,T,T,T,T,H,H,H,H,T,T,H,H,H,T,T,T,T,H,H,H,C,C
174,0,1.01,1.9,5.6,15.2,80.9,36.842,H,T,T,H,H,H,H,H,H,C,C,H,H,H,T,T,T,H,H,C,C,C,H,H,H,H,H,H,C,C,H,H,C,H,H,-,H,T,C,C,C,C,C,H,H,H,H,H,T,T,C,C,C,H,-,H,H,H,H,H,-,H,H,H,H,C,C,C,H,H,T,T,T,T,T,T,T,T,T,C,C,C,C,C,T,T,C,H,C,C,C,H,T
175,0,1.16,2.2,7.2,20,95.3,36,T,T,C,H,H,T,H,H,H,-,H,T,T,H,C,C,C,T,-,T,T,T,H,H,H,H,H,H,H,H,H,H,H,H,T,T,T,H,H,H,H,C,C,C,C,C,C,H,H,C,H,C,C,C,C,C,C,C,C,C,C,C,C,H,H,T,T,T,T,T,C,C,C,C,C,T,T,T,T,H,H,H,H,H,C,H,T,T,T,T,T,T,T
176,0,1.21,3,8.8,24.8,81.2,35.484,T,T,H,H,H,H,H,H,T,T,T,H,H,H,H,H,C,C,C,C,T,H,H,H,H,H,H,T,T,H,H,H,T,T,H,H,C,H,H,H,C,C,T,T,T,H,C,C,C,C,C,C,C,C,C,C,C,C,C,C,C,H,H,H,H,H,H,T,H,H,H,C,H,H,H,H,T,H,H,H,-,C,C,C,H,T,C,H,H,H,H,H,H
177,1,1.52,2.2,6.4,16.8,76,38.095,T,H,H,T,T,T,T,H,H,H,C,T,H,H,H,H,H,T,T,H,H,H,T,H,C,C,C,T,T,T,T,H,H,H,H,H,T,T,T,T,T,T,H,C,C,C,H,T,H,H,-,C,C,T,T,T,T,T,T,T,T,T,H,H,H,H,H,H,H,H,C,H,H,H,C,H,T,H,-,H,H,T,-,T,H,C,H,H,T,T,T,H,H
178,1,1.48,1.7,4.8,12,71,40,H,H,T,T,T,T,T,T,H,T,H,T,T,T,-,H,H,H,H,T,T,T,C,T,T,T,T,H,C,-,C,C,H,H,C,C,H,H,T,T,T,H,H,H,C,C,C,T,H,C,C,C,C,T,T,T,H,H,H,-,H,C,C,C,C,H,H,H,T,T,H,H,H,H,C,C,T,C,C,H,H,H,C,C,H,H,H,H,H,H,H,C,-
179,0,1.52,2.3,6.4,17.6,76.7,36.364,C,H,T,T,T,H,H,C,C,H,H,C,-,C,H,H,H,H,T,T,T,T,H,H,T,T,H,T,C,C,C,C,H,H,H,H,C,C,T,H,T,H,H,H,H,H,H,-,C,C,H,C,C,H,T,T,T,T,T,T,T,T,H,-,C,T,T,T,H,H,C,C,C,C,H,H,H,H,H,T,H,H,H,H,H,C,H,H,H,H,H,C,C
180,0,1.25,3,8.8,23.2,78.1,37.931,T,H,C,C,C,C,H,T,T,H,H,H,C,H,T,T,T,T,T,T,H,H,T,H,H,H,C,H,C,C,C,H,H,C,H,C,C,C,T,T,T,T,T,T,T,T,T,C,H,H,C,C,-,H,H,H,H,H,H,H,H,H,-,-,-,-,-,H,H,H,H,H,T,T,T,H,H,H,H,C,H,H,H,H,H,T,C,H,H,H,-,C,C
181,0,1.41,2.7,8,20.8,76.5,38.462,T,H,H,H,H,T,H,-,H,H,T,T,-,T,T,T,H,-,-,H,H,H,H,C,C,C,H,H,C,C,C,C,T,T,H,H,H,H,-,-,-,C,H,H,H,-,H,-,H,C,-,-,C,C,-,-,-,-,C,C,-,C,C,H,H,T,T,-,H,-,-,-,H,H,-,-,-,H,H,-,-,H,H,-,H,H,-,T,T,T,T,-,H
182,1,1.27,1.7,4.8,12.8,76.9,37.5,-,C,C,-,H,H,H,H,-,C,H,C,C,C,T,-,T,-,-,T,H,H,H,H,H,H,H,H,C,C,H,H,C,C,C,H,H,C,H,-,C,C,T,-,H,H,H,H,H,C,C,-,C,H,-,H,-,-,H,H,-,H,H,H,H,H,H,T,T,T,H,C,-,C,C,C,C,C,C,C,-,C,C,-,H,H,C,C,H,H,H,C,-
183,1,1.4,2.4,7.2,18.4,76.4,39.13,-,H,H,-,-,C,-,T,-,H,H,H,C,H,H,H,H,C,C,C,C,C,H,H,C,H,H,H,T,T,H,H,H,H,T,H,T,T,H,-,H,T,T,H,C,C,C,H,C,C,C,-,C,-,C,C,C,C,C,H,H,H,-,-,-,T,T,H,H,C,H,H,H,H,H,H,C,C,H,C,C,-,H,H,H,T,C,H,T,T,-,C,-
184,1,1.35,2.3,7.2,18.4,79.4,39.13,T,T,T,-,-,H,-,T,-,H,H,T,C,C,C,T,H,H,H,C,C,C,H,T,H,T,H,T,H,H,C,C,H,H,C,C,T,H,H,T,H,H,T,T,T,T,T,H,H,C,H,C,C,-,-,H,-,-,-,C,-,C,C,-,-,H,H,H,H,H,C,C,H,H,T,H,T,H,H,H,H,H,H,C,H,H,H,H,H,T,H,T,T
186,0,1.31,1.4,3.2,9.6,70.6,33.333,H,H,T,T,T,T,H,H,H,H,H,H,H,H,T,H,C,C,H,C,C,C,T,H,C,C,H,H,C,C,C,C,H,H,T,T,H,H,H,C,C,H,H,H,H,T,H,C,C,H,-,C,C,T,T,T,T,T,-,T,T,T,T,-,H,T,T,T,H,H,T,H,H,H,H,T,T,H,T,C,-,C,C,C,H,H,H,C,C,C,C,T,T
187,0,1.38,1.5,4,11.2,73.3,35.714,H,H,H,C,C,C,H,H,H,H,H,T,H,H,C,C,H,H,C,H,H,H,H,H,T,T,T,C,C,C,T,T,H,H,C,H,H,H,H,H,C,C,C,H,H,H,-,H,H,C,C,C,C,C,-,H,-,-,H,H,-,H,H,-,-,T,T,T,H,H,H,H,H,H,T,T,T,H,T,C,-,H,H,H,H,H,C,C,H,H,H,T,T
188,1,1.47,2.3,6.4,16.8,73.3,38.095,H,H,T,T,H,H,H,H,T,T,T,T,T,T,T,T,T,T,-,H,H,H,H,H,C,C,C,H,H,H,H,H,C,H,T,T,H,H,T,H,C,C,H,H,H,H,H,T,T,H,-,C,C,C,C,C,C,C,C,C,C,C,C,T,T,H,H,H,C,H,H,T,T,T,T,H,T,H,H,H,H,H,H,C,T,H,T,T,T,T,T,C,C
189,0,1.23,1.7,5,13,79.4,38.462,C,C,H,H,H,H,H,H,H,H,H,H,H,H,H,H,H,T,T,T,T,T,H,H,H,C,H,H,H,H,H,H,T,H,C,H,T,T,H,T,H,H,H,H,H,H,C,H,H,C,C,C,C,T,T,T,T,T,T,T,T,T,H,-,-,H,H,H,H,H,H,C,C,H,H,C,C,C,C,C,C,H,H,H,T,T,T,H,H,H,H,C,C
190,1,1.48,2.1,6,15,68.8,40,C,C,T,T,T,T,H,H,C,C,H,T,H,H,C,C,C,C,H,C,C,C,T,H,H,H,H,T,T,-,H,H,H,T,T,H,H,H,-,H,-,H,T,T,T,T,T,T,H,C,-,C,C,H,H,H,H,H,H,H,H,H,-,-,-,H,H,H,H,H,C,H,H,H,H,H,H,H,H,H,H,H,H,H,T,C,H,C,H,C,H,T,T
191,1,1.1,2.9,9,24,82.8,37.5,T,T,H,H,H,T,C,H,H,T,T,H,H,H,-,-,H,H,C,H,H,H,T,T,H,H,H,H,C,C,H,H,H,H,H,H,H,T,C,C,H,H,-,T,T,T,H,C,H,H,C,H,C,C,C,C,C,C,C,H,H,H,-,-,-,C,C,H,H,H,H,H,H,H,H,H,T,H,H,H,C,C,C,C,H,C,H,H,H,H,H,C,-
192,1,1.25,2.3,7,19,83.9,36.842,H,C,C,H,H,T,H,H,C,H,H,C,H,H,-,C,C,C,H,H,H,H,H,C,H,H,H,H,C,C,C,C,H,C,C,H,T,T,T,T,T,H,T,T,T,H,C,H,H,H,C,C,C,T,H,H,H,H,H,H,H,H,H,C,C,H,H,T,T,T,T,T,H,H,H,H,T,H,H,H,-,H,H,C,H,H,T,H,H,H,H,C,C
193,0,1.39,2.6,7,19,74.5,36.842,-,H,H,H,H,H,T,-,H,H,H,C,-,H,H,H,H,T,T,T,T,T,H,H,C,C,C,H,C,C,C,H,H,C,C,H,C,C,H,H,H,H,H,H,T,T,T,-,H,C,H,C,H,H,H,T,T,T,T,T,T,T,T,H,-,H,H,H,H,H,C,C,C,H,T,H,H,H,H,C,-,H,H,H,H,T,H,H,C,C,C,H,H
194,0,1.43,1.8,5,14,74.8,35.714,C,C,C,H,H,-,T,T,T,H,H,T,-,H,C,H,H,-,-,H,T,T,H,H,H,-,C,T,H,H,H,H,H,H,C,H,C,H,-,-,H,C,H,H,C,T,-,H,C,C,H,-,C,H,-,-,H,H,H,H,-,H,H,H,H,T,T,-,T,T,-,T,T,T,H,T,-,T,T,H,-,H,T,-,H,H,-,C,H,-,H,-,C
195,1,1.51,1.8,5,14,77.3,35.714,-,H,C,-,T,T,-,T,-,H,C,T,C,C,C,H,H,-,C,H,C,C,T,T,H,H,H,C,H,H,H,C,C,H,T,H,H,C,T,-,T,H,H,C,C,H,T,H,H,C,C,-,C,C,-,C,-,-,C,C,-,C,-,-,-,C,C,-,-,C,-,T,-,H,C,T,T,T,T,H,H,H,H,-,T,H,C,H,H,H,H,-,-
196,1,1.38,2,6,16,82.9,37.5,T,H,H,-,T,H,-,T,-,T,H,C,H,H,H,C,C,C,H,H,H,H,T,T,T,T,T,H,T,T,H,H,T,T,C,C,H,H,H,-,H,H,H,H,H,H,H,H,H,C,H,-,-,H,H,H,H,H,T,H,-,H,H,H,H,-,-,T,H,H,T,T,-,H,H,H,H,H,H,H,H,H,H,H,T,T,T,T,H,H,-,T,T
197,1,1.51,2.8,8,23,82,34.783,H,C,C,-,-,C,-,C,-,H,H,C,C,C,H,H,H,H,C,H,C,H,H,C,C,C,H,H,H,H,H,H,T,T,H,H,H,T,C,C,C,C,H,H,H,H,H,T,T,H,H,C,C,-,C,C,H,C,C,C,C,C,C,H,H,T,T,H,H,H,C,H,H,C,C,H,H,H,H,T,H,H,H,C,H,H,H,H,H,H,H,T,T
198,1,1.28,3.2,9,26,81.3,34.615,C,H,H,-,H,H,T,T,T,T,T,C,H,H,T,H,H,H,C,H,H,H,H,H,H,H,T,C,H,H,H,T,H,T,H,C,C,C,H,T,T,T,C,H,H,T,T,H,C,C,H,C,C,C,C,C,-,-,C,C,C,C,C,-,-,T,H,H,C,C,H,H,H,T,T,H,H,H,H,H,H,H,C,C,T,H,T,T,T,T,T,C,C
199,0,1.33,2.2,7,19,85.9,36.842,H,T,T,T,T,T,H,H,C,C,C,C,T,T,H,C,C,C,H,C,C,C,C,C,C,C,H,H,H,H,H,H,H,H,C,H,C,H,H,H,C,C,H,T,T,T,H,H,H,C,C,C,C,H,H,H,H,H,H,C,C,C,C,T,T,H,H,H,C,C,H,H,H,H,H,C,H,C,C,H,H,H,H,H,T,T,H,T,T,T,T,C,C
200,0,1.54,2.2,6,15,68.3,40,H,H,H,H,C,C,H,T,T,T,T,C,C,C,T,H,H,H,C,H,H,H,H,H,C,C,H,H,T,H,H,H,C,C,T,H,H,H,T,T,H,H,H,H,H,H,C,T,T,H,C,C,-,C,C,C,C,C,H,H,H,H,T,H,H,-,-,T,H,H,H,H,C,C,H,H,T,H,H,C,H,T,T,T,H,H,H,H,H,H,-,C,C
201,0,1.53,1.7,4,12,70.7,33.333,T,T,C,C,C,C,H,H,H,H,H,T,T,T,H,H,H,H,H,C,C,C,T,T,H,H,C,C,H,H,C,C,C,C,C,C,H,H,T,H,H,H,T,T,T,H,H,H,H,C,C,C,H,H,H,H,-,-,H,H,H,C,C,H,H,C,C,H,H,H,C,H,H,H,H,H,T,H,H,H,H,-,H,T,H,T,C,H,C,C,-,H,H
202,0,1.3,3,7,21,71.8,33.333,H,T,T,T,T,H,H,H,H,H,T,T,H,H,H,H,H,H,H,H,H,H,T,H,H,C,H,H,H,H,H,H,H,H,H,H,T,T,T,T,T,H,H,C,C,C,C,-,T,T,C,C,C,T,T,T,T,T,T,T,T,T,T,H,H,H,H,H,C,C,H,H,T,T,T,H,C,C,H,T,-,T,T,T,H,C,H,H,T,T,T,H,H
203,1,1.36,1.9,6,15,79.1,40,C,C,C,H,H,H,C,C,C,T,T,H,C,C,-,T,T,T,T,H,C,C,H,H,H,H,H,H,H,H,H,H,T,H,C,C,H,C,H,C,-,H,T,T,T,T,H,H,C,C,-,C,C,H,H,H,H,H,H,H,H,-,H,H,H,T,T,T,T,-,T,T,H,H,H,-,T,T,T,H,-,H,H,H,T,C,C,C,T,C,T,T,T
204,1,1.56,2.1,6,17,82.6,35.294,T,T,T,H,H,H,C,C,H,H,H,H,C,C,-,C,C,H,H,H,H,H,H,H,T,T,T,T,H,-,H,H,T,T,T,T,T,T,H,H,H,H,T,H,H,H,T,C,H,H,H,C,C,H,H,H,H,H,H,H,H,H,C,T,T,T,T,T,T,T,T,H,H,H,H,H,H,H,H,C,-,C,C,H,T,T,H,T,T,T,T,C,C
205,0,1.42,1.7,4,12,70.4,33.333,H,T,T,T,T,T,H,H,H,H,H,H,T,T,H,T,T,-,T,T,T,T,H,C,H,H,H,H,C,C,C,H,T,H,H,C,H,H,H,H,H,T,C,H,H,H,H,C,H,H,C,H,-,T,T,T,T,T,T,T,T,T,T,H,H,-,-,T,T,T,H,C,C,H,H,C,H,C,C,H,T,T,T,T,H,C,H,H,C,C,-,C,C
206,0,1.13,1.4,4,11,81.5,36.364,T,H,C,C,C,H,H,H,C,C,C,C,T,T,C,H,H,-,-,H,T,T,T,H,T,-,T,C,C,C,H,T,H,H,H,H,H,H,-,-,-,H,-,H,H,-,H,C,C,C,-,C,C,C,-,-,-,-,C,C,-,C,H,T,T,T,T,-,H,H,-,H,T,-,T,T,-,T,T,H,-,C,C,-,H,H,-,-,H,H,H,-,H
207,0,1.38,2.2,5,15,69.8,33.333,-,T,H,-,C,C,-,C,H,H,T,C,H,H,H,T,T,-,-,H,H,H,-,H,H,T,T,H,H,H,H,H,T,T,T,-,C,H,C,-,T,T,C,-,C,H,H,H,C,C,H,-,C,T,-,T,-,-,-,T,-,H,H,H,T,T,T,-,H,H,H,C,-,H,H,C,C,C,C,C,C,-,H,-,C,C,H,C,C,C,C,-,C
208,1,1.19,1.6,4,12,78.8,33.333,-,-,-,-,-,-,-,-,-,-,-,-,-,-,-,-,-,-,-,-,-,-,-,-,-,-,-,-,-,-,-,-,-,-,-,-,-,-,-,-,-,-,-,-,-,-,-,-,-,-,-,-,-,C,C,-,C,C,C,C,C,C,C,-,-,-,-,-,-,-,-,-,-,-,-,-,-,-,-,-,-,-,-,-,-,-,-,-,-,-,-,-,-
209,0,1.53,2.7,7,20,74.8,35,-,-,-,-,-,-,-,-,-,-,-,-,-,-,-,-,-,-,-,-,-,-,-,-,-,-,-,-,-,-,-,-,-,-,-,-,-,-,-,-,-,-,-,-,-,-,-,-,-,-,-,-,-,T,T,-,T,T,T,T,T,T,C,-,-,-,-,-,-,-,-,-,-,-,-,-,-,-,-,-,-,-,-,-,-,-,-,-,-,-,-,-,-
210,1,1.43,1.9,6,15,78.2,40,-,-,-,-,-,-,-,-,-,-,-,-,-,-,-,-,-,-,-,-,-,-,-,-,-,-,-,-,-,-,-,-,-,-,-,-,-,-,-,-,-,-,-,-,-,-,-,-,-,-,-,-,-,T,T,T,T,-,T,T,H,H,H,-,-,-,-,-,-,-,-,-,-,-,-,-,-,-,-,-,-,-,-,-,-,-,-,-,-,-,-,-,-
211,0,1.18,1.6,5,14,87.1,35.714,-,-,-,-,-,-,-,-,-,-,-,-,-,-,-,-,-,-,-,-,-,-,-,-,-,-,-,-,-,-,-,-,-,-,-,-,-,-,-,-,-,-,-,-,-,-,-,-,-,-,-,-,-,H,H,H,H,H,H,H,H,H,T,-,-,-,-,-,-,-,-,-,-,-,-,-,-,-,-,-,-,-,-,-,-,-,-,-,-,-,-,-,-
212,1,1.55,1.7,5,14,82.7,35.714,-,-,-,-,-,-,-,-,-,-,-,-,-,-,-,-,-,-,-,-,-,-,-,-,-,-,-,-,-,-,-,-,-,-,-,-,-,-,-,-,-,-,-,-,-,-,-,-,-,-,-,-,-,H,H,H,-,-,H,H,T,T,T,-,-,-,-,-,-,-,-,-,-,-,-,-,-,-,-,-,-,-,-,-,-,-,-,-,-,-,-,-,-
213,1,1.41,2,6,16,80,37.5,-,-,-,-,-,-,-,-,-,-,-,-,-,-,-,-,-,-,-,-,-,-,-,-,-,-,-,-,-,-,-,-,-,-,-,-,-,-,-,-,-,-,-,-,-,-,-,-,-,-,-,-,-,C,C,C,C,C,C,C,C,C,C,-,-,-,-,-,-,-,-,-,-,-,-,-,-,-,-,-,-,-,-,-,-,-,-,-,-,-,-,-,-
214,0,1.01,2.2,6,19,85.6,31.579,-,-,-,-,-,-,-,-,-,-,-,-,-,-,-,-,-,-,-,-,-,-,-,-,-,-,-,-,-,-,-,-,-,-,-,-,-,-,-,-,-,-,-,-,-,-,-,-,-,-,-,-,-,H,H,H,H,H,H,H,H,H,H,-,-,-,-,-,-,-,-,-,-,-,-,-,-,-,-,-,-,-,-,-,-,-,-,-,-,-,-,-,-
215,1,1.24,0.9,2,7,72.4,28.571,-,-,-,-,-,-,-,-,-,-,-,-,-,-,-,-,-,-,-,-,-,-,-,-,-,-,-,-,-,-,-,-,-,-,-,-,-,-,-,-,-,-,-,-,-,-,-,-,-,-,-,-,-,H,H,H,H,H,H,H,H,H,T,-,-,-,-,-,-,-,-,-,-,-,-,-,-,-,-,-,-,-,-,-,-,-,-,-,-,-,-,-,-
216,1,0.88,1.6,4,11,72.3,36.364,-,-,-,-,-,-,-,-,-,-,-,-,-,-,-,-,-,-,-,-,-,-,-,-,-,-,-,-,-,-,-,-,-,-,-,-,-,-,-,-,-,-,-,-,-,-,-,-,-,-,-,-,-,H,H,H,H,H,H,H,H,H,H,-,-,-,-,-,-,-,-,-,-,-,-,-,-,-,-,-,-,-,-,-,-,-,-,-,-,-,-,-,-
217,1,1.42,1.8,5,14,80.4,35.714,-,-,-,-,-,-,-,-,-,-,-,-,-,-,-,-,-,-,-,-,-,-,-,-,-,-,-,-,-,-,-,-,-,-,-,-,-,-,-,-,-,-,-,-,-,-,-,-,-,-,-,-,-,-,T,T,T,-,T,H,H,H,H,-,-,-,-,-,-,-,-,-,-,-,-,-,-,-,-,-,-,-,-,-,-,-,-,-,-,-,-,-,-
218,0,1.19,2.2,8,21,94.9,38.095,-,-,-,-,-,-,-,-,-,-,-,-,-,-,-,-,-,-,-,-,-,-,-,-,-,-,-,-,-,-,-,-,-,-,-,-,-,-,-,-,-,-,-,-,-,-,-,-,-,-,-,-,-,T,T,T,T,T,T,T,T,T,H,-,-,-,-,-,-,-,-,-,-,-,-,-,-,-,-,-,-,-,-,-,-,-,-,-,-,-,-,-,-
219,0,0.82,1.9,6,16,83.2,37.5,-,-,-,-,-,-,-,-,-,-,-,-,-,-,-,-,-,-,-,-,-,-,-,-,-,-,-,-,-,-,-,-,-,-,-,-,-,-,-,-,-,-,-,-,-,-,-,-,-,-,-,-,-,H,H,H,H,H,H,-,H,H,T,-,-,-,-,-,-,-,-,-,-,-,-,-,-,-,-,-,-,-,-,-,-,-,-,-,-,-,-,-,-
220,1,1.34,1.8,6,15,82.6,40,-,-,-,-,-,-,-,-,-,-,-,-,-,-,-,-,-,-,-,-,-,-,-,-,-,-,-,-,-,-,-,-,-,-,-,-,-,-,-,-,-,-,-,-,-,-,-,-,-,-,-,-,-,H,H,H,H,H,H,H,H,H,H,-,-,-,-,-,-,-,-,-,-,-,-,-,-,-,-,-,-,-,-,-,-,-,-,-,-,-,-,-,-
221,0,1.45,2.4,6,17,71.3,35.294,-,-,-,-,-,-,-,-,-,-,-,-,-,-,-,-,-,-,-,-,-,-,-,-,-,-,-,-,-,-,-,-,-,-,-,-,-,-,-,-,-,-,-,-,-,-,-,-,-,-,-,-,-,T,T,T,T,T,T,T,T,T,T,-,-,-,-,-,-,-,-,-,-,-,-,-,-,-,-,-,-,-,-,-,-,-,-,-,-,-,-,-,-
222,1,1.38,1.8,5,14,74.7,35.714,-,-,-,-,-,-,-,-,-,-,-,-,-,-,-,-,-,-,-,-,-,-,-,-,-,-,-,-,-,-,-,-,-,-,-,-,-,-,-,-,-,-,-,-,-,-,-,-,-,-,-,-,-,T,T,T,T,T,T,T,T,T,T,-,-,-,-,-,-,-,-,-,-,-,-,-,-,-,-,-,-,-,-,-,-,-,-,-,-,-,-,-,-
223,1,1.08,1.4,4,11,78.2,36.364,-,-,-,-,-,-,-,-,-,-,-,-,-,-,-,-,-,-,-,-,-,-,-,-,-,-,-,-,-,-,-,-,-,-,-,-,-,-,-,-,-,-,-,-,-,-,-,-,-,-,-,-,-,H,H,H,H,H,H,H,H,H,T,-,-,-,-,-,-,-,-,-,-,-,-,-,-,-,-,-,-,-,-,-,-,-,-,-,-,-,-,-,-
224,0,1.23,2.2,6,17,74.9,35.294,-,-,-,-,-,-,-,-,-,-,-,-,-,-,-,-,-,-,-,-,-,-,-,-,-,-,-,-,-,-,-,-,-,-,-,-,-,-,-,-,-,-,-,-,-,-,-,-,-,-,-,-,-,H,H,H,H,H,H,H,H,H,T,-,-,-,-,-,-,-,-,-,-,-,-,-,-,-,-,-,-,-,-,-,-,-,-,-,-,-,-,-,-
225,0,1.35,1.8,5,14,79.1,35.714,-,-,-,-,-,-,-,-,-,-,-,-,-,-,-,-,-,-,-,-,-,-,-,-,-,-,-,-,-,-,-,-,-,-,-,-,-,-,-,-,-,-,-,-,-,-,-,-,-,-,-,-,-,C,C,C,C,C,C,C,C,C,C,-,-,-,-,-,-,-,-,-,-,-,-,-,-,-,-,-,-,-,-,-,-,-,-,-,-,-,-,-,-
226,0,1.54,2.6,7,22,83.2,31.818,-,-,-,-,-,-,-,-,-,-,-,-,-,-,-,-,-,-,-,-,-,-,-,-,-,-,-,-,-,-,-,-,-,-,-,-,-,-,-,-,-,-,-,-,-,-,-,-,-,-,-,-,-,C,C,C,C,C,C,C,C,C,C,-,-,-,-,-,-,-,-,-,-,-,-,-,-,-,-,-,-,-,-,-,-,-,-,-,-,-,-,-,-
227,0,1.4,2.3,6,18,79.4,33.333,-,-,-,-,-,-,-,-,-,-,-,-,-,-,-,-,-,-,-,-,-,-,-,-,-,-,-,-,-,-,-,-,-,-,-,-,-,-,-,-,-,-,-,-,-,-,-,-,-,-,-,-,-,H,H,H,H,H,H,H,H,H,H,-,-,-,-,-,-,-,-,-,-,-,-,-,-,-,-,-,-,-,-,-,-,-,-,-,-,-,-,-,-
228,0,1.05,2.7,8,23,85.5,34.783,-,-,-,-,-,-,-,-,-,-,-,-,-,-,-,-,-,-,-,-,-,-,-,-,-,-,-,-,-,-,-,-,-,-,-,-,-,-,-,-,-,-,-,-,-,-,-,-,-,-,-,-,-,T,T,T,T,T,-,T,T,T,H,-,-,-,-,-,-,-,-,-,-,-,-,-,-,-,-,-,-,-,-,-,-,-,-,-,-,-,-,-,-
229,0,1.54,1.3,4,10,80.5,40,-,-,-,-,-,-,-,-,-,-,-,-,-,-,-,-,-,-,-,-,-,-,-,-,-,-,-,-,-,-,-,-,-,-,-,-,-,-,-,-,-,-,-,-,-,-,-,-,-,-,-,-,-,H,H,H,H,H,H,H,T,H,C,-,-,-,-,-,-,-,-,-,-,-,-,-,-,-,-,-,-,-,-,-,-,-,-,-,-,-,-,-,-
230,0,0.99,2.1,7,20,92.6,35,-,-,-,-,-,-,-,-,-,-,-,-,-,-,-,-,-,-,-,-,-,-,-,-,-,-,-,-,-,-,-,-,-,-,-,-,-,-,-,-,-,-,-,-,-,-,-,-,-,-,-,-,-,T,-,T,-,-,T,T,-,T,H,-,-,-,-,-,-,-,-,-,-,-,-,-,-,-,-,-,-,-,-,-,-,-,-,-,-,-,-,-,-
232,0,1.02,2.5,8,20,80.3,40,-,-,-,-,-,-,-,-,-,-,-,-,-,-,-,-,-,-,-,-,-,-,-,-,-,-,-,-,-,-,-,-,-,-,-,-,-,-,-,-,-,-,-,-,-,-,-,-,-,-,-,-,-,H,H,H,H,H,H,H,H,H,H,-,-,-,-,-,-,-,-,-,-,-,-,-,-,-,-,-,-,-,-,-,-,-,-,-,-,-,-,-,-
233,0,1.36,3,9,25,85.1,36,-,-,-,-,-,-,-,-,-,-,-,-,-,-,-,-,-,-,-,-,-,-,-,-,-,-,-,-,-,-,-,-,-,-,-,-,-,-,-,-,-,-,-,-,-,-,-,-,-,-,-,-,-,C,-,C,C,C,C,C,-,C,C,-,-,-,-,-,-,-,-,-,-,-,-,-,-,-,-,-,-,-,-,-,-,-,-,-,-,-,-,-,-
234,1,1.49,2.5,8,22,88,36.364,-,-,-,-,-,-,-,-,-,-,-,-,-,-,-,-,-,-,-,-,-,-,-,-,-,-,-,-,-,-,-,-,-,-,-,-,-,-,-,-,-,-,-,-,-,-,-,-,-,-,-,-,-,C,C,C,C,C,C,H,H,H,H,-,-,-,-,-,-,-,-,-,-,-,-,-,-,-,-,-,-,-,-,-,-,-,-,-,-,-,-,-,-
235,0,1.6,1.5,4,12,81.9,33.333,-,-,-,-,-,-,-,-,-,-,-,-,-,-,-,-,-,-,-,-,-,-,-,-,-,-,-,-,-,-,-,-,-,-,-,-,-,-,-,-,-,-,-,-,-,-,-,-,-,-,-,-,-,T,T,T,T,T,T,T,T,T,H,-,-,-,-,-,-,-,-,-,-,-,-,-,-,-,-,-,-,-,-,-,-,-,-,-,-,-,-,-,-
236,0,1.68,1.5,4,12,79.4,33.333,-,-,-,-,-,-,-,-,-,-,-,-,-,-,-,-,-,-,-,-,-,-,-,-,-,-,-,-,-,-,-,-,-,-,-,-,-,-,-,-,-,-,-,-,-,-,-,-,-,-,-,-,-,T,T,T,T,T,T,T,T,T,T,-,-,-,-,-,-,-,-,-,-,-,-,-,-,-,-,-,-,-,-,-,-,-,-,-,-,-,-,-,-
237,1,1.02,1.9,6,16,82.8,37.5,-,-,-,-,-,-,-,-,-,-,-,-,-,-,-,-,-,-,-,-,-,-,-,-,-,-,-,-,-,-,-,-,-,-,-,-,-,-,-,-,-,-,-,-,-,-,-,-,-,-,-,-,-,C,C,C,H,H,H,H,H,H,H,-,-,-,-,-,-,-,-,-,-,-,-,-,-,-,-,-,-,-,-,-,-,-,-,-,-,-,-,-,-
238,0,1.1,3.3,11,30,89.4,36.667,-,-,-,-,-,-,-,-,-,-,-,-,-,-,-,-,-,-,-,-,-,-,-,-,-,-,-,-,-,-,-,-,-,-,-,-,-,-,-,-,-,-,-,-,-,-,-,-,-,-,-,-,-,T,T,T,T,T,T,T,T,T,H,-,-,-,-,-,-,-,-,-,-,-,-,-,-,-,-,-,-,-,-,-,-,-,-,-,-,-,-,-,-
239,1,1.18,1.4,4,12,88,33.333,-,-,-,-,-,-,-,-,-,-,-,-,-,-,-,-,-,-,-,-,-,-,-,-,-,-,-,-,-,-,-,-,-,-,-,-,-,-,-,-,-,-,-,-,-,-,-,-,-,-,-,-,-,H,H,H,H,H,H,H,H,H,H,-,-,-,-,-,-,-,-,-,-,-,-,-,-,-,-,-,-,-,-,-,-,-,-,-,-,-,-,-,-
240,0,1.17,3,8,25,84.8,32,-,-,-,-,-,-,-,-,-,-,-,-,-,-,-,-,-,-,-,-,-,-,-,-,-,-,-,-,-,-,-,-,-,-,-,-,-,-,-,-,-,-,-,-,-,-,-,-,-,-,-,-,-,C,C,C,C,C,C,C,C,C,C,-,-,-,-,-,-,-,-,-,-,-,-,-,-,-,-,-,-,-,-,-,-,-,-,-,-,-,-,-,-
241,0,1.34,2.4,7,19,78.9,36.842,-,-,-,-,-,-,-,-,-,-,-,-,-,-,-,-,-,-,-,-,-,-,-,-,-,-,-,-,-,-,-,-,-,-,-,-,-,-,-,-,-,-,-,-,-,-,-,-,-,-,-,-,-,C,C,C,C,C,C,C,C,C,C,-,-,-,-,-,-,-,-,-,-,-,-,-,-,-,-,-,-,-,-,-,-,-,-,-,-,-,-,-,-
242,0,1.24,2.3,6,17,74.7,35.294,-,-,-,-,-,-,-,-,-,-,-,-,-,-,-,-,-,-,-,-,-,-,-,-,-,-,-,-,-,-,-,-,-,-,-,-,-,-,-,-,-,-,-,-,-,-,-,-,-,-,-,-,-,T,T,T,T,T,T,T,T,T,H,-,-,-,-,-,-,-,-,-,-,-,-,-,-,-,-,-,-,-,-,-,-,-,-,-,-,-,-,-,-
243,0,0.96,1.9,6,15,78.5,40,-,-,-,-,-,-,-,-,-,-,-,-,-,-,-,-,-,-,-,-,-,-,-,-,-,-,-,-,-,-,-,-,-,-,-,-,-,-,-,-,-,-,-,-,-,-,-,-,-,-,-,-,-,T,T,T,T,-,T,T,T,T,T,-,-,-,-,-,-,-,-,-,-,-,-,-,-,-,-,-,-,-,-,-,-,-,-,-,-,-,-,-,-
244,0,1.48,5.2,13,40,76.2,32.5,-,-,-,-,-,-,-,-,-,-,-,-,-,-,-,-,-,-,-,-,-,-,-,-,-,-,-,-,-,-,-,-,-,-,-,-,-,-,-,-,-,-,-,-,-,-,-,-,-,-,-,-,-,H,H,H,H,H,-,H,H,H,H,-,-,-,-,-,-,-,-,-,-,-,-,-,-,-,-,-,-,-,-,-,-,-,-,-,-,-,-,-,-
246,0,1.34,1.5,4,11,73.7,36.364,-,-,-,-,-,-,-,-,-,-,-,-,-,-,-,-,-,-,-,-,-,-,-,-,-,-,-,-,-,-,-,-,-,-,-,-,-,-,-,-,-,-,-,-,-,-,-,-,-,-,-,-,-,H,H,H,H,H,-,T,T,T,T,-,-,-,-,-,-,-,-,-,-,-,-,-,-,-,-,-,-,-,-,-,-,-,-,-,-,-,-,-,-
247,0,1.51,1.3,3,9,70.7,33.333,-,-,-,-,-,-,-,-,-,-,-,-,-,-,-,-,-,-,-,-,-,-,-,-,-,-,-,-,-,-,-,-,-,-,-,-,-,-,-,-,-,-,-,-,-,-,-,-,-,-,-,-,-,H,-,H,H,H,H,H,H,H,H,-,-,-,-,-,-,-,-,-,-,-,-,-,-,-,-,-,-,-,-,-,-,-,-,-,-,-,-,-,-
248,0,1.31,2.3,6,16,71,37.5,-,-,-,-,-,-,-,-,-,-,-,-,-,-,-,-,-,-,-,-,-,-,-,-,-,-,-,-,-,-,-,-,-,-,-,-,-,-,-,-,-,-,-,-,-,-,-,-,-,-,-,-,-,C,C,C,C,C,C,H,H,H,H,-,-,-,-,-,-,-,-,-,-,-,-,-,-,-,-,-,-,-,-,-,-,-,-,-,-,-,-,-,-
250,1,1.36,2,6,15,75.6,40,-,-,-,-,-,-,-,-,-,-,-,-,-,-,-,-,-,-,-,-,-,-,-,-,-,-,-,-,-,-,-,-,-,-,-,-,-,-,-,-,-,-,-,-,-,-,-,-,-,-,-,-,-,C,C,C,C,C,C,C,C,C,C,-,-,-,-,-,-,-,-,-,-,-,-,-,-,-,-,-,-,-,-,-,-,-,-,-,-,-,-,-,-
251,0,1.15,2.7,8,21,79,38.095,-,-,-,-,-,-,-,-,-,-,-,-,-,-,-,-,-,-,-,-,-,-,-,-,-,-,-,-,-,-,-,-,-,-,-,-,-,-,-,-,-,-,-,-,-,-,-,-,-,-,-,-,-,T,T,T,T,T,T,T,T,T,T,-,-,-,-,-,-,-,-,-,-,-,-,-,-,-,-,-,-,-,-,-,-,-,-,-,-,-,-,-,-
252,1,0.9,2.5,8,22,86.6,36.364,-,-,-,-,-,-,-,-,-,-,-,-,-,-,-,-,-,-,-,-,-,-,-,-,-,-,-,-,-,-,-,-,-,-,-,-,-,-,-,-,-,-,-,-,-,-,-,-,-,-,-,-,-,C,C,C,C,C,-,C,C,C,H,-,-,-,-,-,-,-,-,-,-,-,-,-,-,-,-,-,-,-,-,-,-,-,-,-,-,-,-,-,-
253,0,1.15,2,6,16,81.2,37.5,-,-,-,-,-,-,-,-,-,-,-,-,-,-,-,-,-,-,-,-,-,-,-,-,-,-,-,-,-,-,-,-,-,-,-,-,-,-,-,-,-,-,-,-,-,-,-,-,-,-,-,-,-,H,H,H,H,H,-,H,H,H,H,-,-,-,-,-,-,-,-,-,-,-,-,-,-,-,-,-,-,-,-,-,-,-,-,-,-,-,-,-,-
254,0,1.42,1.7,5,13,77.4,38.462,-,-,-,-,-,-,-,-,-,-,-,-,-,-,-,-,-,-,-,-,-,-,-,-,-,-,-,-,-,-,-,-,-,-,-,-,-,-,-,-,-,-,-,-,-,-,-,-,-,-,-,-,-,H,H,H,H,H,-,H,H,H,H,-,-,-,-,-,-,-,-,-,-,-,-,-,-,-,-,-,-,-,-,-,-,-,-,-,-,-,-,-,-
255,0,1.53,2.7,8,21,79.2,38.095,-,-,-,-,-,-,-,-,-,-,-,-,-,-,-,-,-,-,-,-,-,-,-,-,-,-,-,-,-,-,-,-,-,-,-,-,-,-,-,-,-,-,-,-,-,-,-,-,-,-,-,-,-,T,T,T,T,T,-,T,T,T,T,-,-,-,-,-,-,-,-,-,-,-,-,-,-,-,-,-,-,-,-,-,-,-,-,-,-,-,-,-,-
256,0,1.03,3.1,9,25,80.1,36,-,-,-,-,-,-,-,-,-,-,-,-,-,-,-,-,-,-,-,-,-,-,-,-,-,-,-,-,-,-,-,-,-,-,-,-,-,-,-,-,-,-,-,-,-,-,-,-,-,-,-,-,-,-,H,H,H,-,H,H,H,T,-,-,-,-,-,-,-,-,-,-,-,-,-,-,-,-,-,-,-,-,-,-,-,-,-,-,-,-,-,-,-
257,0,1.29,2.5,6,18,71.2,33.333,-,-,-,-,-,-,-,-,-,-,-,-,-,-,-,-,-,-,-,-,-,-,-,-,-,-,-,-,-,-,-,-,-,-,-,-,-,-,-,-,-,-,-,-,-,-,-,-,-,-,-,-,-,-,C,C,C,-,C,C,C,C,-,-,-,-,-,-,-,-,-,-,-,-,-,-,-,-,-,-,-,-,-,-,-,-,-,-,-,-,-,-,-
258,1,1.22,2.9,8,21,71,38.095,-,-,-,-,-,-,-,-,-,-,-,-,-,-,-,-,-,-,-,-,-,-,-,-,-,-,-,-,-,-,-,-,-,-,-,-,-,-,-,-,-,-,-,-,-,-,-,-,-,-,-,-,-,-,H,H,H,-,H,H,H,T,-,-,-,-,-,-,-,-,-,-,-,-,-,-,-,-,-,-,-,-,-,-,-,-,-,-,-,-,-,-,-
259,1,1.3,2.5,6,17,68.1,35.294,-,-,-,-,-,-,-,-,-,-,-,-,-,-,-,-,-,-,-,-,-,-,-,-,-,-,-,-,-,-,-,-,-,-,-,-,-,-,-,-,-,-,-,-,-,-,-,-,-,-,-,-,-,-,H,H,H,-,H,H,H,H,C,-,-,-,-,-,-,-,-,-,-,-,-,-,-,-,-,-,-,-,-,-,-,-,-,-,-,-,-,-,-
260,0,1.47,2,6,16,80.3,37.5,-,-,-,-,-,-,-,-,-,-,-,-,-,-,-,-,-,-,-,-,-,-,-,-,-,-,-,-,-,-,-,-,-,-,-,-,-,-,-,-,-,-,-,-,-,-,-,-,-,-,-,-,-,-,H,H,H,-,H,T,T,T,-,-,-,-,-,-,-,-,-,-,-,-,-,-,-,-,-,-,-,-,-,-,-,-,-,-,-,-,-,-,-
261,1,1.3,2.2,7,19,86.9,36.842,-,-,-,-,-,-,-,-,-,-,-,-,-,-,-,-,-,-,-,-,-,-,-,-,-,-,-,-,-,-,-,-,-,-,-,-,-,-,-,-,-,-,-,-,-,-,-,-,-,-,-,-,-,-,C,C,C,-,C,C,H,H,H,-,-,-,-,-,-,-,-,-,-,-,-,-,-,-,-,-,-,-,-,-,-,-,-,-,-,-,-,-,-
262,1,1.31,2,7,17,82.9,41.176,-,-,-,-,-,-,-,-,-,-,-,-,-,-,-,-,-,-,-,-,-,-,-,-,-,-,-,-,-,-,-,-,-,-,-,-,-,-,-,-,-,-,-,-,-,-,-,-,-,-,-,-,-,-,C,C,C,-,C,H,H,H,H,-,-,-,-,-,-,-,-,-,-,-,-,-,-,-,-,-,-,-,-,-,-,-,-,-,-,-,-,-,-
263,1,1.18,2,5,15,73.7,33.333,-,-,-,-,-,-,-,-,-,-,-,-,-,-,-,-,-,-,-,-,-,-,-,-,-,-,-,-,-,-,-,-,-,-,-,-,-,-,-,-,-,-,-,-,-,-,-,-,-,-,-,-,-,-,T,T,T,-,T,T,T,H,H,-,-,-,-,-,-,-,-,-,-,-,-,-,-,-,-,-,-,-,-,-,-,-,-,-,-,-,-,-,-
264,1,1.44,2.3,7,18,80.6,38.889,-,-,-,-,-,-,-,-,-,-,-,-,-,-,-,-,-,-,-,-,-,-,-,-,-,-,-,-,-,-,-,-,-,-,-,-,-,-,-,-,-,-,-,-,-,-,-,-,-,-,-,-,-,-,H,H,H,-,H,H,H,H,H,-,-,-,-,-,-,-,-,-,-,-,-,-,-,-,-,-,-,-,-,-,-,-,-,-,-,-,-,-,-
265,0,1.3,2.7,9,25,93.2,36,-,-,-,-,-,-,-,-,-,-,-,-,-,-,-,-,-,-,-,-,-,-,-,-,-,-,-,-,-,-,-,-,-,-,-,-,-,-,-,-,-,-,-,-,-,-,-,-,-,-,-,-,-,-,H,H,H,-,H,H,H,H,T,-,-,-,-,-,-,-,-,-,-,-,-,-,-,-,-,-,-,-,-,-,-,-,-,-,-,-,-,-,-
266,0,1.14,3.3,10,29,89.5,34.483,-,-,-,-,-,-,-,-,-,-,-,-,-,-,-,-,-,-,-,-,-,-,-,-,-,-,-,-,-,-,-,-,-,-,-,-,-,-,-,-,-,-,-,-,-,-,-,-,-,-,-,-,-,-,T,T,T,-,T,T,T,T,T,-,-,-,-,-,-,-,-,-,-,-,-,-,-,-,-,-,-,-,-,-,-,-,-,-,-,-,-,-,-
267,0,1.32,3,10,27,90.2,37.037,-,-,-,-,-,-,-,-,-,-,-,-,-,-,-,-,-,-,-,-,-,-,-,-,-,-,-,-,-,-,-,-,-,-,-,-,-,-,-,-,-,-,-,-,-,-,-,-,-,-,-,-,-,-,C,C,C,-,C,C,C,C,C,-,-,-,-,-,-,-,-,-,-,-,-,-,-,-,-,-,-,-,-,-,-,-,-,-,-,-,-,-,-
268,0,1.39,2.6,7,22,83,31.818,-,-,-,-,-,-,-,-,-,-,-,-,-,-,-,-,-,-,-,-,-,-,-,-,-,-,-,-,-,-,-,-,-,-,-,-,-,-,-,-,-,-,-,-,-,-,-,-,-,-,-,-,-,-,H,H,H,-,H,H,H,H,H,-,-,-,-,-,-,-,-,-,-,-,-,-,-,-,-,-,-,-,-,-,-,-,-,-,-,-,-,-,-
269,1,1.14,2.2,7,19,86.5,36.842,-,-,-,-,-,-,-,-,-,-,-,-,-,-,-,-,-,-,-,-,-,-,-,-,-,-,-,-,-,-,-,-,-,-,-,-,-,-,-,-,-,-,-,-,-,-,-,-,-,-,-,-,-,-,H,H,H,-,H,H,H,H,H,-,-,-,-,-,-,-,-,-,-,-,-,-,-,-,-,-,-,-,-,-,-,-,-,-,-,-,-,-,-
271,0,1.37,2.6,9,24,92.7,37.5,-,-,-,-,-,-,-,-,-,-,-,-,-,-,-,-,-,-,-,-,-,-,-,-,-,-,-,-,-,-,-,-,-,-,-,-,-,-,-,-,-,-,-,-,-,-,-,-,-,-,-,-,-,-,T,T,T,-,T,T,T,T,H,-,-,-,-,-,-,-,-,-,-,-,-,-,-,-,-,-,-,-,-,-,-,-,-,-,-,-,-,-,-
272,0,1.08,1.8,5,15,84.5,33.333,-,-,-,-,-,-,-,-,-,-,-,-,-,-,-,-,-,-,-,-,-,-,-,-,-,-,-,-,-,-,-,-,-,-,-,-,-,-,-,-,-,-,-,-,-,-,-,-,-,-,-,-,-,-,H,H,H,-,H,H,H,H,H,-,-,-,-,-,-,-,-,-,-,-,-,-,-,-,-,-,-,-,-,-,-,-,-,-,-,-,-,-,-
273,1,1.2,2.2,7,19,85.8,36.842,-,-,-,-,-,-,-,-,-,-,-,-,-,-,-,-,-,-,-,-,-,-,-,-,-,-,-,-,-,-,-,-,-,-,-,-,-,-,-,-,-,-,-,-,-,-,-,-,-,-,-,-,-,-,H,H,H,-,H,H,H,H,H,-,-,-,-,-,-,-,-,-,-,-,-,-,-,-,-,-,-,-,-,-,-,-,-,-,-,-,-,-,-
274,0,1.13,1.6,5,14,83.8,35.714,-,-,-,-,-,-,-,-,-,-,-,-,-,-,-,-,-,-,-,-,-,-,-,-,-,-,-,-,-,-,-,-,-,-,-,-,-,-,-,-,-,-,-,-,-,-,-,-,-,-,-,-,-,-,T,T,T,-,T,T,T,T,T,-,-,-,-,-,-,-,-,-,-,-,-,-,-,-,-,-,-,-,-,-,-,-,-,-,-,-,-,-,-
276,0,1.23,2.8,8,23,83.1,34.783,-,-,-,-,-,-,-,-,-,-,-,-,-,-,-,-,-,-,-,-,-,-,-,-,-,-,-,-,-,-,-,-,-,-,-,-,-,-,-,-,-,-,-,-,-,-,-,-,-,-,-,-,-,-,H,T,T,-,T,T,T,T,T,-,-,-,-,-,-,-,-,-,-,-,-,-,-,-,-,-,-,-,-,-,-,-,-,-,-,-,-,-,-
277,1,1.57,2.1,7,19,89.2,36.842,-,-,-,-,-,-,-,-,-,-,-,-,-,-,-,-,-,-,-,-,-,-,-,-,-,-,-,-,-,-,-,-,-,-,-,-,-,-,-,-,-,-,-,-,-,-,-,-,-,-,-,-,-,-,H,H,H,-,H,C,C,C,C,-,-,-,-,-,-,-,-,-,-,-,-,-,-,-,-,-,-,-,-,-,-,-,-,-,-,-,-,-,-
278,1,0.9,1.8,5,15,81.6,33.333,-,-,-,-,-,-,-,-,-,-,-,-,-,-,-,-,-,-,-,-,-,-,-,-,-,-,-,-,-,-,-,-,-,-,-,-,-,-,-,-,-,-,-,-,-,-,-,-,-,-,-,-,-,-,H,H,H,-,H,C,C,C,C,-,-,-,-,-,-,-,-,-,-,-,-,-,-,-,-,-,-,-,-,-,-,-,-,-,-,-,-,-,-
279,1,1.16,1.4,4,12,82,33.333,-,-,-,-,-,-,-,-,-,-,-,-,-,-,-,-,-,-,-,-,-,-,-,-,-,-,-,-,-,-,-,-,-,-,-,-,-,-,-,-,-,-,-,-,-,-,-,-,-,-,-,-,-,-,H,H,-,-,H,H,H,T,T,-,-,-,-,-,-,-,-,-,-,-,-,-,-,-,-,-,-,-,-,-,-,-,-,-,-,-,-,-,-
282,0,1.26,2.7,9,26,97.8,34.615,-,-,-,-,-,-,-,-,-,-,-,-,-,-,-,-,-,-,-,-,-,-,-,-,-,-,-,-,-,-,-,-,-,-,-,-,-,-,-,-,-,-,-,-,-,-,-,-,-,-,-,-,-,-,H,H,H,-,H,H,H,H,H,-,-,-,-,-,-,-,-,-,-,-,-,-,-,-,-,-,-,-,-,-,-,-,-,-,-,-,-,-,-
283,1,1.08,2.1,7,19,88.7,36.842,-,-,-,-,-,-,-,-,-,-,-,-,-,-,-,-,-,-,-,-,-,-,-,-,-,-,-,-,-,-,-,-,-,-,-,-,-,-,-,-,-,-,-,-,-,-,-,-,-,-,-,-,-,-,H,H,H,-,H,C,H,H,H,-,-,-,-,-,-,-,-,-,-,-,-,-,-,-,-,-,-,-,-,-,-,-,-,-,-,-,-,-,-
284,0,1.09,2.5,8.8,22.5,93.2,39.111,-,-,-,-,-,-,-,-,-,-,-,-,-,-,-,-,-,-,-,-,-,-,-,-,-,-,-,-,-,-,-,-,-,-,-,-,-,-,-,-,-,-,-,-,-,-,-,-,-,-,-,-,-,-,H,C,C,-,C,C,C,C,C,-,-,-,-,-,-,-,-,-,-,-,-,-,-,-,-,-,-,-,-,-,-,-,-,-,-,-,-,-,-
285,1,1.32,1.5,4,12,80.5,33.333,-,-,-,-,-,-,-,-,-,-,-,-,-,-,-,-,-,-,-,-,-,-,-,-,-,-,-,-,-,-,-,-,-,-,-,-,-,-,-,-,-,-,-,-,-,-,-,-,-,-,-,-,-,-,H,H,H,-,H,H,H,H,H,-,-,-,-,-,-,-,-,-,-,-,-,-,-,-,-,-,-,-,-,-,-,-,-,-,-,-,-,-,-
286,0,1.18,2.8,9,25,90.1,36,-,-,-,-,-,-,-,-,-,-,-,-,-,-,-,-,-,-,-,-,-,-,-,-,-,-,-,-,-,-,-,-,-,-,-,-,-,-,-,-,-,-,-,-,-,-,-,-,-,-,-,-,-,-,H,H,H,-,H,H,H,H,H,-,-,-,-,-,-,-,-,-,-,-,-,-,-,-,-,-,-,-,-,-,-,-,-,-,-,-,-,-,-
287,1,1.09,2.8,9,28,98.5,32.143,-,-,-,-,-,-,-,-,-,-,-,-,-,-,-,-,-,-,-,-,-,-,-,-,-,-,-,-,-,-,-,-,-,-,-,-,-,-,-,-,-,-,-,-,-,-,-,-,-,-,-,-,-,-,C,C,C,-,C,C,C,C,C,-,-,-,-,-,-,-,-,-,-,-,-,-,-,-,-,-,-,-,-,-,-,-,-,-,-,-,-,-,-
288,1,1.44,1.5,5,12,80.1,41.667,-,-,-,-,-,-,-,-,-,-,-,-,-,-,-,-,-,-,-,-,-,-,-,-,-,-,-,-,-,-,-,-,-,-,-,-,-,-,-,-,-,-,-,-,-,-,-,-,-,-,-,-,-,-,H,H,H,-,H,H,H,H,H,-,-,-,-,-,-,-,-,-,-,-,-,-,-,-,-,-,-,-,-,-,-,-,-,-,-,-,-,-,-
289,1,1.34,1.8,6,16,90.3,37.5,-,-,-,-,-,-,-,-,-,-,-,-,-,-,-,-,-,-,-,-,-,-,-,-,-,-,-,-,-,-,-,-,-,-,-,-,-,-,-,-,-,-,-,-,-,-,-,-,-,-,-,-,-,-,C,C,C,-,C,C,C,C,C,-,-,-,-,-,-,-,-,-,-,-,-,-,-,-,-,-,-,-,-,-,-,-,-,-,-,-,-,-,-
290,0,1.13,1.4,4,11,76.7,36.364,-,-,-,-,-,-,-,-,-,-,-,-,-,-,-,-,-,-,-,-,-,-,-,-,-,-,-,-,-,-,-,-,-,-,-,-,-,-,-,-,-,-,-,-,-,-,-,-,-,-,-,-,-,-,H,H,H,-,H,H,H,H,H,-,-,-,-,-,-,-,-,-,-,-,-,-,-,-,-,-,-,-,-,-,-,-,-,-,-,-,-,-,-
291,1,1.56,1.9,6,16,82.7,37.5,-,-,-,-,-,-,-,-,-,-,-,-,-,-,-,-,-,-,-,-,-,-,-,-,-,-,-,-,-,-,-,-,-,-,-,-,-,-,-,-,-,-,-,-,-,-,-,-,-,-,-,-,-,-,T,T,T,-,T,T,T,T,H,-,-,-,-,-,-,-,-,-,-,-,-,-,-,-,-,-,-,-,-,-,-,-,-,-,-,-,-,-,-
292,1,1.08,1.4,4,10,74.7,40,-,-,-,-,-,-,-,-,-,-,-,-,-,-,-,-,-,-,-,-,-,-,-,-,-,-,-,-,-,-,-,-,-,-,-,-,-,-,-,-,-,-,-,-,-,-,-,-,-,-,-,-,-,-,H,T,T,-,T,T,T,T,T,-,-,-,-,-,-,-,-,-,-,-,-,-,-,-,-,-,-,-,-,-,-,-,-,-,-,-,-,-,-
293,0,1.38,2.2,6,16,72.5,37.5,-,-,-,-,-,-,-,-,-,-,-,-,-,-,-,-,-,-,-,-,-,-,-,-,-,-,-,-,-,-,-,-,-,-,-,-,-,-,-,-,-,-,-,-,-,-,-,-,-,-,-,-,-,-,H,H,H,-,H,H,H,H,T,-,-,-,-,-,-,-,-,-,-,-,-,-,-,-,-,-,-,-,-,-,-,-,-,-,-,-,-,-,-
294,1,1.39,1.6,5,13,80.4,38.462,-,-,-,-,-,-,-,-,-,-,-,-,-,-,-,-,-,-,-,-,-,-,-,-,-,-,-,-,-,-,-,-,-,-,-,-,-,-,-,-,-,-,-,-,-,-,-,-,-,-,-,-,-,-,T,T,T,-,T,T,T,T,T,-,-,-,-,-,-,-,-,-,-,-,-,-,-,-,-,-,-,-,-,-,-,-,-,-,-,-,-,-,-
296,1,1.14,2.4,7,21,88.7,33.333,-,-,-,-,-,-,-,-,-,-,-,-,-,-,-,-,-,-,-,-,-,-,-,-,-,-,-,-,-,-,-,-,-,-,-,-,-,-,-,-,-,-,-,-,-,-,-,-,-,-,-,-,-,-,C,C,C,-,C,C,C,C,H,-,-,-,-,-,-,-,-,-,-,-,-,-,-,-,-,-,-,-,-,-,-,-,-,-,-,-,-,-,-
297,1,1.48,1,3,8,74.3,37.5,-,-,-,-,-,-,-,-,-,-,-,-,-,-,-,-,-,-,-,-,-,-,-,-,-,-,-,-,-,-,-,-,-,-,-,-,-,-,-,-,-,-,-,-,-,-,-,-,-,-,-,-,-,-,T,T,T,-,T,T,T,T,T,-,-,-,-,-,-,-,-,-,-,-,-,-,-,-,-,-,-,-,-,-,-,-,-,-,-,-,-,-,-
298,0,1.22,3.5,12,33,91.9,36.364,-,-,-,-,-,-,-,-,-,-,-,-,-,-,-,-,-,-,-,-,-,-,-,-,-,-,-,-,-,-,-,-,-,-,-,-,-,-,-,-,-,-,-,-,-,-,-,-,-,-,-,-,-,-,H,H,H,-,H,H,H,H,C,-,-,-,-,-,-,-,-,-,-,-,-,-,-,-,-,-,-,-,-,-,-,-,-,-,-,-,-,-,-
299,0,0.88,2.7,9,26,95.4,34.615,-,-,-,-,-,-,-,-,-,-,-,-,-,-,-,-,-,-,-,-,-,-,-,-,-,-,-,-,-,-,-,-,-,-,-,-,-,-,-,-,-,-,-,-,-,-,-,-,-,-,-,-,-,-,C,C,C,-,C,C,C,C,C,-,-,-,-,-,-,-,-,-,-,-,-,-,-,-,-,-,-,-,-,-,-,-,-,-,-,-,-,-,-
301,1,1.22,2.1,6,16,77.1,37.5,-,-,-,-,-,-,-,-,-,-,-,-,-,-,-,-,-,-,-,-,-,-,-,-,-,-,-,-,-,-,-,-,-,-,-,-,-,-,-,-,-,-,-,-,-,-,-,-,-,-,-,-,-,-,C,C,C,-,C,C,C,H,H,-,-,-,-,-,-,-,-,-,-,-,-,-,-,-,-,-,-,-,-,-,-,-,-,-,-,-,-,-,-
302,0,1.19,1.3,4,10,80.7,40,-,-,-,-,-,-,-,-,-,-,-,-,-,-,-,-,-,-,-,-,-,-,-,-,-,-,-,-,-,-,-,-,-,-,-,-,-,-,-,-,-,-,-,-,-,-,-,-,-,-,-,-,-,-,H,C,H,-,H,H,H,H,H,-,-,-,-,-,-,-,-,-,-,-,-,-,-,-,-,-,-,-,-,-,-,-,-,-,-,-,-,-,-
303,0,0.83,1.8,6,15,85.9,40,-,-,-,-,-,-,-,-,-,-,-,-,-,-,-,-,-,-,-,-,-,-,-,-,-,-,-,-,-,-,-,-,-,-,-,-,-,-,-,-,-,-,-,-,-,-,-,-,-,-,-,-,-,-,T,T,T,-,T,T,T,T,H,-,-,-,-,-,-,-,-,-,-,-,-,-,-,-,-,-,-,-,-,-,-,-,-,-,-,-,-,-,-
304,0,1.03,2.9,9,24,81.4,37.5,-,-,-,-,-,-,-,-,-,-,-,-,-,-,-,-,-,-,-,-,-,-,-,-,-,-,-,-,-,-,-,-,-,-,-,-,-,-,-,-,-,-,-,-,-,-,-,-,-,-,-,-,-,-,T,T,T,-,T,H,H,H,H,-,-,-,-,-,-,-,-,-,-,-,-,-,-,-,-,-,-,-,-,-,-,-,-,-,-,-,-,-,-
305,1,1.01,3,9,26,87,34.615,-,-,-,-,-,-,-,-,-,-,-,-,-,-,-,-,-,-,-,-,-,-,-,-,-,-,-,-,-,-,-,-,-,-,-,-,-,-,-,-,-,-,-,-,-,-,-,-,-,-,-,-,-,-,C,C,C,-,C,C,C,C,C,-,-,-,-,-,-,-,-,-,-,-,-,-,-,-,-,-,-,-,-,-,-,-,-,-,-,-,-,-,-
306,0,1.29,3.5,9,29,82.9,31.034,-,-,-,-,-,-,-,-,-,-,-,-,-,-,-,-,-,-,-,-,-,-,-,-,-,-,-,-,-,-,-,-,-,-,-,-,-,-,-,-,-,-,-,-,-,-,-,-,-,-,-,-,-,-,H,H,H,-,H,H,H,H,H,-,-,-,-,-,-,-,-,-,-,-,-,-,-,-,-,-,-,-,-,-,-,-,-,-,-,-,-,-,-
