Abdominal,Caudal,Vertebrae,Aratio,MID0111,MID0127,MID0124,MID0122,MID0117,MID0118,MID0119,MID0211,MID0221,MID0229,MID0215,MID0216,MID0231,MID0220,MID0311,MID0321,MID0316,MID0322,MID0323,MID0318,MID0421,MID0412,MID0414,MID0425,MID0424,MID0428,MID0418,MID0511,MM03D01K,MID0515,MID0517,MID0518,MM05D05K,MID0611,MID0602,MID0614,MID0623,MID0616,MID0711,MID0722,MID0723,MID0712,MID0703,MID0714,MID0706,MID0811,MID0812,MID0821,MID0826,MID0823,MID0911,MID0923,MID0921,MID0913,MID0914,MID0916,MID0922,MID1011,MID1025,MID1024,MID1014,MID1028,MID1015,MID1121,MID1125,MID1123,MID1112,MID1113,MID1116,MID1211,MID1213,MID1221,MID1207,MID1218,MID1311,MID1324,MID1322,MID1314,MID1306,MID1317,MID1308,MID1423,MID1414,MID1425,MID1424,MID1416,MID1511,MID1513,MID1505,MID1516,MID1523,MID1522,MID1518,MID1611,MID1626,MID1603,MID1615,MID1616,MID1721,MID1715,MID1717,MID1718,MID1725,MID1719,MID1830,MID1812,MID1814,MID1806,MID1807,MID1808,MID1921,MID1924,MID1923,MID1926,MID1917,MID2011,MID2014,MID2016,G042S318,MID2017,MID2101,MID2122,MID2112,MID2113,MID2126,MID2124,MID2116,G021S407,MID2221,MID2211,MID2222,MID2212,MID2213,MID2216,MID2311,MID2322,MID2312,MID2313,MM05G07K,MID2321,MID2305,MID2411,MID2428,MID2412,MID2414,MID2421,MID2425
,,,,1,1,1,1,1,1,1,2,2,2,2,2,2,2,3,3,3,3,3,3,4,4,4,4,4,4,4,5,5,5,5,5,5,6,6,6,6,6,7,7,7,7,7,7,7,8,8,8,8,8,9,9,9,9,9,9,9,10,10,10,10,10,10,11,11,11,11,11,11,12,12,12,12,12,13,13,13,13,13,13,13,14,14,14,14,14,15,15,15,15,15,15,15,16,16,16,16,16,17,17,17,17,17,17,18,18,18,18,18,18,19,19,19,19,19,20,20,20,20,20,21,21,21,21,21,21,21,21,22,22,22,22,22,22,23,23,23,23,23,23,23,24,24,24,24,24,24
,,,,0,14.79,23.23,35.34,49.57,62.04,77.51,0,20.61,30.72,39.85,54.7,68.03,78.84,0,11.83,31.8,41.85,56.59,69.29,0,12.65,23.52,35.77,46.22,53.42,64.46,0,15.09,30.46,42.93,52.71,67.15,0,13.37,26.32,36.11,59.29,0,14.27,25.89,31.91,38.85,48.03,60.67,0,17.21,26.01,39.64,55.62,0,9.07,18.79,25.38,33.87,46.51,61.37,0,10.49,20.64,39.14,48.6,64.28,0,6.01,24.13,29.85,39.38,51.66,0,17.71,31.41,48.31,60.17,0,10.4,23,33.17,44,51.86,57.58,0,17.28,31.87,39.45,57.9,0,9.23,19.79,32.81,35.68,45.82,51.53,0,21.51,33.06,46.42,68.64,0,12.63,28.21,42.66,51.15,62.69,0,6.94,19.2,31.5,39.07,53.65,0,11.62,24.29,35.87,54.02,0,16.46,26.26,37.14,66.06,0,3.99,18.65,36.68,49.4,59.58,65.9,70.74,0,16.61,31.74,36.58,54.69,61.63,0,16.42,23.65,34.14,50.51,56.21,64.04,0,10.83,19.02,30.93,38.82,54.67
12,16,28,0.428571429,H,H,H,H,H,H,A,H,A,A,A,A,A,A,H,H,H,H,H,H,H,H,H,H,A,A,A,B,B,B,H,H,A,H,B,B,B,B,A,H,H,H,H,H,H,H,H,H,H,B,A,A,A,A,A,A,H,H,H,B,B,B,B,A,A,A,A,A,H,A,H,H,H,H,B,B,B,B,B,B,H,H,B,B,H,H,H,H,H,B,B,B,B,H,B,B,B,H,H,H,H,H,H,H,A,A,H,H,H,B,H,H,A,A,A,B,B,B,B,A,H,H,H,A,A,H,H,H,H,H,H,H,H,H,B,B,B,B,B,B,B,H,H,B,B,H,H
13,16,29,0.448275862,H,H,H,A,A,A,A,A,H,H,H,H,H,H,A,A,A,A,A,A,B,H,H,H,H,B,B,B,B,B,H,H,H,H,H,B,B,B,A,H,H,H,H,H,B,H,H,H,H,H,B,B,B,B,B,B,B,B,B,B,H,A,A,H,H,H,H,H,H,H,B,H,H,H,A,H,H,H,H,H,H,A,A,A,H,B,A,A,A,H,H,H,B,H,H,H,A,H,H,B,B,B,B,B,H,H,H,H,H,H,A,A,A,H,H,A,A,A,B,B,B,B,H,H,H,A,A,A,H,H,A,A,A,A,H,A,A,A,H,H,H,A,H,H,H,H,H
13,16,29,0.448275862,H,A,A,A,H,H,H,A,H,H,H,H,H,H,B,A,A,A,A,A,B,B,H,H,H,A,A,B,B,H,H,H,H,H,H,H,H,H,H,H,A,A,A,A,A,A,A,A,A,A,H,H,H,H,H,H,B,H,H,H,H,B,B,A,A,A,A,A,A,A,A,H,H,H,H,H,B,B,B,B,B,A,A,A,A,A,H,H,H,H,H,H,H,B,B,H,H,A,H,H,H,H,H,H,B,B,H,H,H,A,B,H,H,H,H,H,H,A,A,H,B,B,B,H,H,H,H,H,A,A,A,A,A,A,B,B,H,H,H,H,H,H,H,H,H,H,H
13,15,28,0.464285714,A,A,A,A,A,A,A,H,H,H,H,H,A,H,B,B,H,H,H,A,H,H,H,H,B,B,B,B,B,B,B,B,H,H,H,H,H,H,H,H,H,H,H,H,H,H,H,H,H,H,A,A,A,A,A,H,H,B,B,B,B,H,H,H,H,H,H,H,A,H,A,A,A,H,A,H,H,B,B,B,B,H,H,H,H,H,H,H,H,H,H,H,H,A,A,A,A,A,A,A,A,A,H,H,H,H,H,H,H,H,A,A,H,H,H,B,B,B,H,H,H,H,H,H,H,H,H,H,B,H,H,H,H,A,H,H,H,H,H,B,B,A,H,H,H,H,B
13,17,30,0.433333333,B,B,A,A,A,H,H,B,B,B,B,B,B,H,H,H,A,A,B,B,H,H,H,H,H,H,H,A,A,H,H,H,B,H,H,H,H,H,H,H,H,H,H,H,H,H,H,H,H,B,B,B,B,B,H,H,A,H,H,H,H,H,H,B,B,H,H,H,H,B,B,B,B,B,B,B,B,B,B,H,H,A,H,H,H,H,B,B,B,B,B,B,B,B,B,B,A,A,B,B,B,B,B,B,A,H,H,H,H,H,H,H,H,H,H,A,A,H,H,H,H,H,H,H,A,A,A,H,H,H,A,A,A,H,A,H,H,H,H,H,H,A,A,A,A,A,A
13,15,28,0.464285714,H,H,H,H,H,H,H,H,H,A,A,A,A,A,B,B,B,B,H,H,B,H,H,H,H,H,B,A,A,A,H,H,B,B,B,H,H,H,H,A,A,A,A,A,A,A,A,A,A,A,H,B,H,H,H,H,H,A,H,B,B,B,B,H,B,B,B,B,H,H,H,H,H,H,H,H,H,A,A,H,H,A,A,H,H,B,A,H,H,H,H,H,H,H,H,H,H,H,H,H,B,H,H,H,A,A,A,A,A,A,H,H,H,H,H,A,A,A,A,H,H,H,H,A,A,A,A,H,B,B,H,H,A,A,A,A,A,A,H,B,B,H,H,H,H,A,A
13,15,28,0.464285714,H,H,H,H,B,B,B,H,H,H,H,B,B,B,B,B,B,B,H,H,A,A,A,A,A,A,A,H,H,H,H,A,A,H,H,H,H,A,A,A,A,A,A,A,A,B,B,B,B,B,B,B,B,B,B,B,B,H,H,B,B,B,B,H,H,H,H,B,H,H,H,H,B,B,B,H,H,H,H,H,H,H,H,H,H,H,H,H,H,H,H,H,H,H,H,A,A,A,H,B,B,B,H,H,B,B,B,B,B,H,B,B,B,A,A,H,A,H,H,H,H,H,H,H,H,H,H,H,B,B,B,H,H,H,H,H,H,B,B,B,B,B,H,H,H,H,H
12,17,29,0.413793103,H,H,H,H,H,B,B,B,B,B,B,B,H,H,H,H,H,H,H,H,H,H,H,H,H,A,A,H,B,B,B,B,B,H,H,H,H,H,B,B,B,B,B,B,H,A,A,A,A,H,A,A,H,H,H,H,H,H,H,H,B,B,B,A,H,H,H,H,H,B,B,B,B,B,A,A,A,H,H,H,A,H,H,H,H,H,H,A,A,A,A,A,A,A,A,H,H,H,H,H,H,H,H,A,H,B,H,H,H,H,H,B,B,B,B,A,A,H,H,H,B,B,B,B,H,H,H,A,H,A,A,A,A,A,A,A,A,H,H,H,H,H,H,H,H,H,A
13,16,29,0.448275862,A,A,A,A,A,A,A,A,H,H,H,H,H,H,B,B,B,H,H,A,H,H,H,B,B,B,B,H,B,H,H,H,B,H,A,A,A,H,H,H,H,H,H,H,H,H,H,H,H,B,B,H,H,H,A,A,H,H,H,H,H,H,A,H,H,H,H,H,H,H,H,A,A,A,B,B,B,B,B,B,B,H,H,H,H,H,A,A,A,H,B,B,B,H,H,H,H,H,H,H,H,H,H,H,H,H,A,A,A,A,H,H,B,B,H,B,B,B,H,A,H,H,H,A,A,A,A,A,A,A,A,H,H,H,H,H,H,H,A,A,A,B,B,B,B,H,H
13,16,29,0.448275862,H,H,H,H,H,H,H,B,B,B,H,H,H,A,B,B,H,H,B,B,B,B,B,B,B,B,B,H,A,A,H,H,B,B,B,H,H,A,A,A,H,H,H,B,B,H,H,H,H,H,A,A,A,A,H,B,B,H,H,H,H,H,H,H,H,A,A,H,H,H,H,H,A,A,H,H,H,H,H,H,H,H,H,H,B,B,A,H,B,B,B,B,B,A,A,A,A,A,H,H,H,A,H,H,A,A,A,A,A,A,H,H,H,H,H,A,A,H,B,B,A,A,H,B,B,B,B,B,H,H,B,B,H,H,B,B,H,H,H,H,H,H,H,H,B,B,B
13,16,29,0.448275862,A,A,A,A,H,H,A,H,H,H,H,H,H,H,A,A,A,A,A,A,H,H,H,H,H,H,H,H,B,H,A,A,A,H,H,H,H,B,A,A,A,A,A,H,H,B,B,B,B,B,H,H,H,B,B,H,A,H,H,B,H,H,A,A,A,H,H,H,H,H,A,A,A,A,A,A,A,A,A,A,A,H,B,B,B,B,B,B,B,H,H,H,H,A,A,A,H,H,A,A,A,A,A,H,A,A,H,H,A,A,A,H,B,B,B,B,B,B,B,B,A,A,A,A,A,A,A,A,B,B,H,A,A,A,H,H,H,H,B,B,B,A,A,A,A,A,H
13,16,29,0.448275862,A,A,H,H,H,H,H,H,H,H,A,A,H,H,H,H,H,B,B,B,A,A,A,A,A,H,H,A,A,A,A,A,A,H,H,H,A,A,H,H,B,H,H,H,H,B,B,B,H,H,A,A,A,A,A,H,B,B,B,B,H,H,A,A,A,A,H,H,H,H,A,A,A,A,A,H,H,H,H,H,H,B,B,B,B,H,A,A,H,H,H,H,H,B,B,B,B,H,B,B,B,B,B,B,B,B,B,B,H,H,H,H,B,B,H,H,H,H,H,H,B,B,B,B,H,H,A,A,H,H,H,H,H,B,H,H,H,H,A,A,A,A,A,A,A,A,A
13,16,29,0.448275862,H,H,H,H,H,A,A,B,H,H,A,A,A,A,H,A,A,A,A,H,H,H,H,H,H,H,H,B,B,B,B,B,B,B,B,B,B,B,H,A,A,A,A,H,H,B,B,B,B,H,A,A,A,A,A,A,H,A,A,A,H,B,B,B,B,B,H,H,A,B,B,H,H,H,A,A,A,A,A,A,A,H,H,H,B,B,H,H,H,H,H,A,A,A,H,H,H,H,A,A,A,H,H,H,B,H,H,H,H,H,H,H,H,H,H,B,B,B,B,B,H,H,H,H,H,H,H,H,A,H,H,H,H,B,H,H,H,H,B,B,B,H,H,H,H,H,H
12,16,28,0.428571429,A,A,A,A,A,A,A,B,H,H,H,B,H,H,H,H,H,H,H,B,H,H,H,H,A,A,A,H,H,H,H,H,H,B,B,B,B,B,H,H,H,H,H,H,H,H,H,H,H,H,H,H,H,H,H,H,B,B,B,H,H,H,H,H,H,A,A,A,A,A,A,A,A,A,H,H,H,H,B,B,B,A,A,H,H,B,B,B,B,B,B,H,H,B,H,H,H,H,H,H,H,H,H,H,B,B,H,H,H,A,A,B,B,H,H,A,H,H,H,H,H,H,H,H,B,H,H,H,B,B,B,B,H,H,H,H,H,B,B,B,B,H,H,H,A,A,A
12,16,28,0.428571429,B,B,H,H,H,B,H,H,A,A,A,A,H,H,B,B,B,H,H,H,A,A,A,A,A,H,H,A,H,H,A,A,H,H,H,H,H,H,H,H,B,B,H,H,H,H,H,H,H,H,A,A,A,A,A,A,A,A,H,H,H,H,H,H,H,H,H,H,B,A,H,H,H,H,B,H,H,H,H,H,H,B,B,B,B,B,H,H,H,H,H,H,H,A,A,A,A,A,H,H,H,B,B,H,H,H,H,H,H,H,A,A,H,H,B,H,B,B,B,H,H,H,H,H,H,B,B,B,H,H,H,H,H,A,B,B,B,B,B,B,H,H,H,H,H,H,A
13,16,29,0.448275862,H,H,H,B,B,B,B,A,A,A,A,A,A,H,A,A,H,H,H,H,B,A,A,A,A,A,A,B,B,B,H,H,A,H,H,A,A,H,H,H,H,H,H,B,B,B,B,B,B,B,A,A,H,H,H,H,H,H,H,H,H,H,H,H,H,B,H,H,H,H,H,H,H,H,H,H,H,H,H,B,B,H,H,H,H,H,H,H,H,B,B,B,B,A,A,A,A,H,H,H,A,A,A,H,B,B,B,B,H,H,H,H,H,H,H,A,H,H,H,H,H,H,H,B,B,B,B,H,H,H,H,H,H,H,B,B,H,H,H,H,H,A,A,A,A,A,A
12,18,30,0.4,A,A,A,A,H,H,H,B,B,B,H,H,H,H,B,B,B,B,B,H,H,H,H,H,H,H,H,A,A,A,A,A,A,B,H,B,H,H,A,A,H,H,H,H,H,B,H,H,H,H,B,B,B,B,B,B,B,H,H,H,H,H,A,B,H,H,H,H,H,A,H,H,B,B,B,H,H,H,H,H,H,B,B,H,H,H,H,H,H,A,A,A,A,H,H,H,H,A,B,B,B,B,B,B,H,H,H,A,A,A,H,B,H,H,H,B,H,H,H,A,H,H,H,H,H,H,H,H,B,B,B,B,B,B,B,B,H,H,H,A,A,H,H,H,A,A,H
12,17,29,0.413793103,A,A,H,H,H,H,B,A,A,H,H,H,H,H,A,A,A,A,H,H,H,H,A,A,A,A,A,H,H,A,A,A,A,A,A,A,A,A,A,A,A,A,A,H,H,B,B,H,H,H,B,B,B,B,H,H,H,A,H,H,H,H,H,H,H,B,B,B,B,H,H,H,A,A,A,A,A,A,A,H,H,H,H,H,H,H,H,H,H,A,A,A,A,B,A,A,A,A,B,B,B,H,H,H,H,H,H,H,H,H,B,B,B,B,H,H,H,A,A,H,A,A,A,A,A,A,H,H,H,H,A,A,A,A,B,B,B,B,B,B,H,H,H,A,A,A,A
12,17,29,0.413793103,H,H,B,H,H,H,H,H,H,H,H,H,H,H,H,A,A,A,A,A,A,H,H,H,H,H,H,A,H,H,H,H,B,H,H,H,H,B,B,B,H,H,A,A,A,H,B,B,B,H,A,A,A,A,H,H,B,H,B,B,H,H,H,A,A,A,A,A,A,A,A,H,H,H,A,A,A,H,A,A,H,B,B,A,A,A,H,H,H,H,H,H,H,B,B,B,B,B,H,H,H,A,A,A,H,H,H,H,H,H,H,H,H,H,H,H,H,H,A,A,B,B,A,A,H,H,H,H,A,A,A,H,B,B,H,H,H,A,A,A,A,H,H,H,A,A,A
12,17,29,0.413793103,H,H,H,B,B,B,H,B,B,B,B,B,B,B,B,H,H,H,H,H,B,H,H,H,B,B,H,B,B,B,B,B,H,H,B,B,B,B,A,A,H,H,H,H,B,A,A,A,H,H,A,A,H,H,H,B,B,H,H,H,H,H,H,B,B,H,H,H,H,H,H,A,A,H,B,H,H,H,A,A,A,H,B,H,H,H,H,H,H,H,A,A,A,A,A,A,A,A,H,B,B,H,H,H,A,B,B,B,B,B,H,H,H,A,H,A,A,H,H,H,H,H,H,H,A,A,H,H,H,H,H,H,H,H,B,B,B,H,H,H,H,H,H,H,H,H,B
13,16,29,0.448275862,H,H,H,H,H,H,H,H,H,H,H,H,H,H,A,A,A,A,H,H,H,H,A,A,A,A,H,B,B,B,B,H,A,H,H,A,A,H,B,B,H,H,H,H,H,H,H,A,A,A,B,B,B,B,H,H,B,H,H,H,H,H,H,H,H,H,H,A,A,B,B,B,B,H,A,A,A,H,H,H,H,A,A,A,A,A,A,A,A,A,A,A,A,H,H,B,B,B,A,A,H,H,H,H,A,A,A,A,A,A,H,B,B,B,B,A,A,H,H,B,B,B,B,B,B,B,B,B,A,A,H,H,H,H,A,A,H,H,B,B,B,H,H,H,H,H,H
13,16,29,0.448275862,B,B,B,B,H,H,H,H,A,A,A,A,A,H,A,A,A,A,A,A,B,B,B,B,B,B,B,B,B,B,B,B,B,A,A,A,H,H,H,H,H,A,A,A,A,B,B,B,B,H,B,H,H,H,H,A,A,H,H,H,H,H,H,A,A,A,H,H,H,H,H,H,H,H,H,H,A,A,A,A,A,A,A,H,H,H,H,H,H,H,H,H,H,A,H,H,H,H,H,H,H,B,B,B,H,H,H,H,H,H,B,B,B,B,B,A,H,H,H,B,H,H,A,H,H,A,A,A,A,A,H,H,H,H,B,B,H,H,H,H,H,A,A,A,A,A,A
13,16,29,0.448275862,H,H,H,B,B,A,A,A,A,H,H,H,A,A,B,B,B,B,B,H,A,B,B,B,B,B,B,A,H,H,H,H,H,B,B,B,B,H,H,H,H,H,H,H,H,H,H,H,B,H,B,H,H,H,H,H,H,H,H,H,H,H,H,H,H,H,H,H,H,A,H,H,B,B,H,B,B,B,B,B,B,H,H,H,H,H,B,B,A,A,A,A,A,B,A,A,H,H,H,H,B,B,B,B,H,H,H,B,B,B,H,B,H,H,H,H,H,H,H,B,A,A,A,A,A,A,H,H,B,B,B,B,H,H,H,B,B,B,H,H,H,A,A,A,A,A,H
12,17,29,0.413793103,A,A,A,A,A,A,A,H,A,A,A,H,H,H,H,H,H,H,H,H,B,B,B,B,H,A,A,H,A,A,H,H,H,H,H,H,H,H,A,A,A,H,H,H,A,H,A,A,A,A,B,H,H,H,H,H,A,B,B,B,B,B,B,H,H,B,B,B,B,B,B,H,H,H,A,A,A,A,A,H,H,H,H,H,H,A,B,B,B,B,B,B,B,H,H,H,H,H,H,H,H,B,H,H,A,A,A,H,H,H,B,B,H,H,H,A,A,A,A,A,H,H,H,A,A,A,H,B,A,H,H,H,H,H,B,B,H,H,H,H,H,H,A,H,H,H,H
12,16,28,0.428571429,A,A,A,H,H,H,H,B,B,B,B,B,B,H,H,H,H,A,H,H,H,H,A,A,A,A,A,B,B,B,H,H,H,H,H,H,A,A,H,H,H,H,H,A,H,H,H,H,A,H,B,B,B,B,B,B,B,H,B,B,H,H,H,B,B,B,H,H,H,H,H,H,H,H,H,H,H,H,H,H,H,B,B,H,H,H,H,H,B,B,B,B,B,H,H,H,H,H,H,H,A,A,A,A,B,B,B,H,H,H,H,H,H,A,A,H,H,H,H,A,H,H,B,B,B,B,B,B,H,A,A,A,A,A,H,H,H,H,H,H,H,A,A,A,A,A,A
12,15,27,0.444444444,H,H,H,H,H,H,H,B,B,B,H,H,A,A,H,H,H,H,H,H,B,B,B,B,H,H,H,H,H,B,B,B,B,B,H,H,H,A,H,H,H,H,H,H,H,A,H,H,H,H,H,H,H,H,H,H,A,B,B,B,B,H,H,B,B,B,B,B,B,H,H,H,H,B,H,H,H,H,H,H,B,B,B,B,B,B,H,H,A,A,A,A,A,H,H,H,B,B,B,H,H,H,H,A,H,H,A,H,H,H,H,H,H,H,H,H,H,A,A,H,A,A,A,A,A,A,A,A,H,A,H,H,H,H,H,B,B,B,B,B,B,B,H,H,H,H,H
14,16,30,0.466666667,B,B,B,B,B,B,B,B,B,B,B,H,A,A,B,H,H,H,A,A,H,H,A,A,A,A,A,A,A,A,A,A,H,H,H,B,B,H,A,H,H,B,B,B,B,H,B,H,H,H,H,A,A,A,A,A,A,H,A,A,A,H,H,H,H,H,A,A,H,B,H,H,H,H,B,B,A,A,A,A,A,A,A,A,A,A,A,H,H,H,H,H,H,B,B,H,H,H,B,B,B,B,B,B,H,H,H,H,H,H,H,H,H,H,H,H,A,A,A,A,H,H,H,H,B,B,B,B,H,H,H,H,B,B,H,A,A,A,A,A,A,H,H,H,H,H,H
13,15,28,0.464285714,H,H,H,H,H,H,H,H,H,B,B,B,B,B,H,H,A,A,A,H,H,H,B,B,H,H,H,B,B,B,B,B,H,H,H,A,A,A,A,A,A,A,A,A,A,H,H,H,B,B,H,H,H,H,B,B,H,A,H,H,H,H,H,H,H,H,H,H,H,B,B,B,B,B,H,H,H,H,A,A,A,H,H,H,H,H,B,H,H,H,A,A,A,B,B,B,H,H,H,H,A,A,A,H,B,B,H,H,H,B,A,H,H,H,H,H,H,B,H,H,B,H,H,H,H,H,H,H,H,H,H,H,H,H,B,B,B,B,B,B,B,B,B,B,H,H,H
13,16,29,0.448275862,B,B,B,B,B,B,B,H,B,H,H,H,H,H,H,H,H,A,A,A,H,B,H,H,H,H,H,H,H,H,H,H,H,H,H,H,H,A,H,H,B,B,B,B,B,B,B,B,H,H,H,H,B,B,H,H,H,H,H,H,H,H,H,H,H,H,H,H,H,A,A,A,B,B,B,B,H,H,A,A,A,H,H,H,H,B,H,H,H,H,H,B,H,A,A,A,A,A,A,A,A,A,H,H,H,H,B,B,B,H,H,H,H,H,A,H,H,B,B,B,H,B,B,H,B,B,B,B,A,A,A,A,H,H,B,B,H,H,H,A,A,H,H,H,H,H,A
12,17,29,0.413793103,B,B,H,H,A,A,A,B,B,H,B,B,B,B,B,B,B,B,H,A,B,B,B,B,H,H,H,A,H,H,B,B,B,B,B,B,B,B,H,H,H,H,H,H,H,H,H,H,H,H,B,A,A,A,A,H,H,H,H,A,A,H,H,H,H,H,H,H,H,H,A,A,A,A,A,A,A,A,A,H,H,H,H,H,A,H,H,H,H,H,B,B,B,B,H,H,B,H,H,H,H,H,H,H,H,H,B,B,H,H,H,H,B,B,B,H,H,H,H,B,A,H,H,H,H,H,H,H,H,H,H,H,H,H,H,H,H,A,H,H,H,H,H,A,A,A,A
13,16,29,0.448275862,B,B,B,H,A,A,H,A,H,H,H,B,B,B,A,A,A,A,A,A,H,H,H,H,H,H,H,A,A,A,A,H,H,H,H,H,H,A,B,B,B,B,B,B,B,H,H,H,H,H,A,A,A,A,A,A,A,H,H,H,A,A,H,B,B,B,B,B,H,B,H,H,H,H,A,A,A,A,A,A,A,A,A,A,H,B,H,H,B,H,H,H,H,H,H,H,A,A,H,H,A,A,A,A,H,A,A,H,H,H,A,A,A,A,A,H,H,H,H,B,A,A,H,H,H,H,H,H,A,A,H,H,H,H,B,B,B,B,B,B,B,H,H,H,H,H,H
12,17,29,0.413793103,H,A,A,A,A,A,H,H,H,H,H,H,H,H,H,H,A,A,H,H,H,H,H,H,H,H,H,B,B,B,B,B,B,A,H,H,H,H,B,B,B,B,B,H,H,A,A,A,H,B,H,H,B,B,H,H,H,B,B,B,B,B,H,B,B,H,H,H,H,H,H,H,H,A,A,A,A,A,A,A,A,A,A,A,A,H,B,B,B,B,B,B,H,H,H,H,H,A,H,B,B,B,B,B,B,B,B,B,B,H,A,H,H,H,H,B,B,H,H,A,B,B,B,B,B,H,H,H,H,H,H,H,H,H,H,A,A,A,A,H,B,H,H,H,H,H,H
12,15,27,0.444444444,H,B,B,H,H,A,A,A,H,H,H,H,H,B,B,B,B,B,B,B,H,H,H,H,H,H,H,B,B,B,B,H,H,H,H,H,H,H,A,A,A,A,A,A,A,H,A,A,A,A,A,H,H,H,H,H,H,B,B,B,H,H,H,H,B,B,B,B,B,H,H,H,H,H,H,H,H,H,A,A,A,H,H,H,H,H,H,H,H,H,H,H,A,A,A,A,A,H,H,H,H,H,H,B,H,H,H,H,A,A,H,H,H,H,H,A,A,A,B,B,B,B,A,A,A,A,A,A,A,A,A,A,H,H,B,B,B,B,B,B,B,A,A,A,A,A,A
12,17,29,0.413793103,H,H,H,H,H,H,A,A,A,A,A,A,A,A,H,H,A,A,H,H,H,H,H,B,B,B,B,H,A,A,H,H,H,H,A,A,A,A,B,B,H,H,H,H,H,H,B,B,B,B,H,H,H,H,H,H,H,H,H,A,A,H,H,B,H,H,H,A,A,H,H,A,A,A,H,H,A,A,A,H,H,A,H,H,H,H,H,H,H,B,B,B,B,B,B,B,B,B,A,A,A,A,A,H,H,H,H,H,H,H,B,H,H,H,H,A,A,A,H,B,H,H,H,H,H,A,A,A,A,A,A,A,H,H,A,A,A,H,H,B,B,B,B,H,H,H,H
13,16,29,0.448275862,B,B,B,B,B,B,H,H,H,H,H,H,H,H,A,A,A,A,H,B,A,H,H,H,H,H,H,H,H,H,H,H,H,A,A,A,A,H,B,B,B,H,H,A,A,B,B,B,B,H,H,H,H,B,B,B,B,H,A,A,A,A,A,B,B,H,H,H,H,B,B,B,B,B,H,H,B,B,B,B,B,H,B,B,B,H,H,B,B,B,B,B,B,H,H,H,H,H,H,H,H,A,H,H,A,A,A,A,A,H,B,B,B,H,B,H,H,H,H,H,A,A,A,A,A,A,A,A,H,H,H,H,A,A,A,A,A,A,A,A,A,B,B,B,H,H,H
13,15,28,0.464285714,H,H,H,H,H,H,A,H,B,B,H,A,A,A,A,A,A,A,A,H,H,H,H,H,H,H,H,H,H,A,A,A,A,B,B,H,H,A,A,A,H,H,H,H,B,A,A,H,H,H,H,A,A,A,A,A,A,B,B,B,B,B,B,H,H,A,H,H,H,H,H,H,H,H,H,H,H,H,H,H,H,A,A,A,A,A,H,A,A,A,A,H,H,H,H,H,H,H,B,B,H,H,H,A,B,B,H,H,H,A,H,H,A,A,A,B,B,B,B,B,A,A,A,A,H,H,H,H,H,H,H,H,H,H,H,B,B,B,B,B,H,H,H,H,H,H,H
12,16,28,0.428571429,A,A,A,H,H,H,A,A,A,A,A,H,B,B,H,A,A,H,H,H,B,B,B,B,H,H,A,A,H,H,H,B,B,H,H,H,H,H,H,B,B,B,B,B,B,H,H,H,H,H,H,H,B,B,B,B,B,B,H,H,H,H,H,H,H,H,H,H,H,H,H,H,H,A,H,H,H,H,H,H,H,H,H,B,B,B,H,H,H,A,A,A,A,H,H,H,A,A,A,A,A,A,A,H,H,H,B,H,H,H,H,A,A,H,H,B,B,B,B,B,B,B,B,H,H,H,A,A,A,A,H,H,H,H,B,B,H,H,H,H,H,A,H,H,H,H,H
12,16,28,0.428571429,A,A,A,A,A,H,B,A,A,A,A,A,A,H,H,H,H,H,B,B,B,B,B,B,B,H,H,B,B,B,B,H,H,H,H,H,H,A,H,H,H,H,H,B,B,B,B,B,H,A,A,A,A,A,A,A,A,B,B,B,B,B,B,B,B,B,B,H,H,H,H,H,H,A,B,H,H,H,H,A,A,H,H,H,H,H,A,A,A,A,A,A,A,A,A,A,H,H,H,H,H,A,A,A,B,B,B,H,A,A,H,H,A,A,A,H,H,H,H,H,H,H,H,H,H,B,B,B,H,H,A,A,A,A,H,H,H,H,H,H,B,H,H,H,H,H,H
13,16,29,0.448275862,H,B,B,B,B,B,B,H,B,B,B,A,A,A,H,H,H,A,A,A,H,H,A,A,A,A,A,H,H,H,H,H,H,H,B,B,B,B,H,H,H,H,H,B,B,A,H,H,H,H,B,B,B,H,A,A,H,H,H,H,H,H,H,A,H,H,H,H,H,H,A,A,H,H,H,H,H,H,A,A,A,B,B,A,B,B,A,A,A,A,A,H,B,H,H,B,B,H,H,H,H,H,H,H,A,H,H,H,H,B,H,A,A,A,H,H,A,A,H,H,B,B,H,H,H,H,B,B,B,B,B,B,B,H,B,B,B,H,H,H,H,B,H,H,H,H,H
12,17,29,0.413793103,H,H,A,A,H,H,H,H,H,B,B,H,H,H,H,H,A,A,A,H,B,B,B,H,H,H,H,A,A,A,H,H,H,A,A,A,A,A,A,A,A,A,A,A,A,H,H,H,H,H,H,H,A,A,A,A,A,H,H,H,H,A,A,A,A,A,A,A,H,A,A,H,B,B,A,A,A,A,A,A,A,A,A,H,H,H,H,H,H,B,B,B,B,H,H,H,H,H,B,B,H,H,H,H,H,H,B,B,B,B,H,B,B,B,B,B,B,B,B,B,B,B,H,H,H,H,H,H,B,B,B,B,B,B,B,B,H,H,H,H,H,B,B,B,B,H,H
13,15,28,0.464285714,B,B,B,H,H,H,H,H,H,H,H,B,B,B,B,B,B,B,H,H,H,H,H,H,H,H,H,H,H,H,H,A,A,H,H,H,H,H,H,H,B,B,B,B,B,H,B,B,H,H,H,A,A,A,A,A,A,B,B,H,H,H,H,B,B,H,H,H,H,H,A,A,A,A,A,A,H,H,H,H,H,B,B,B,H,H,H,H,H,H,H,H,H,H,H,H,H,H,A,A,A,A,A,A,B,H,A,H,A,A,H,H,H,B,H,H,H,A,A,A,H,B,B,H,H,A,A,A,H,H,B,B,B,B,H,H,H,H,H,A,A,B,B,H,H,H,H
13,16,29,0.448275862,B,B,B,B,B,H,A,H,B,B,B,B,H,A,B,B,B,B,A,A,H,H,B,B,B,B,B,A,A,A,A,A,A,B,B,H,H,H,H,H,H,H,H,H,H,H,H,B,B,B,A,A,A,A,A,H,H,H,H,H,H,H,H,H,A,A,A,A,H,H,B,B,B,B,B,B,B,B,B,B,B,H,A,A,A,A,H,H,H,H,H,H,H,H,B,B,B,B,H,H,H,B,B,B,A,A,A,A,B,B,H,H,H,H,A,A,H,H,H,H,H,H,B,B,B,B,B,H,H,H,H,H,A,A,H,H,H,H,B,B,B,H,H,B,H,H,H
13,15,28,0.464285714,H,A,A,H,H,A,A,H,B,B,B,B,B,B,B,H,H,A,A,A,H,H,H,B,B,B,H,H,H,H,A,H,H,H,H,H,H,H,H,H,A,A,H,H,H,H,A,A,A,A,B,B,B,H,H,H,H,H,B,B,B,B,H,A,A,A,A,H,H,A,A,A,A,A,A,A,H,H,H,H,H,B,B,B,B,H,H,B,B,B,B,B,B,H,H,A,A,A,H,A,A,A,A,A,H,H,A,A,A,B,H,H,H,H,A,B,H,H,H,A,H,H,H,H,B,B,B,B,A,H,H,H,H,B,H,H,H,H,H,H,A,A,A,H,H,H,H
12,16,28,0.428571429,B,H,H,H,H,H,H,B,B,B,B,B,H,H,B,B,H,H,H,H,H,H,H,A,A,A,A,A,A,H,H,H,H,A,H,H,H,H,B,B,B,B,B,B,B,A,A,A,A,A,A,A,A,H,H,H,H,B,H,H,H,B,B,A,A,A,H,H,H,H,H,H,H,A,H,A,A,A,A,A,H,H,B,B,B,B,H,H,B,H,H,H,H,B,B,B,B,B,A,A,A,A,A,A,H,H,H,H,H,H,H,H,B,B,B,B,B,B,H,H,H,H,H,H,H,H,H,H,A,A,H,H,H,H,A,H,H,B,B,B,B,A,H,H,H,H,H
13,17,30,0.433333333,H,A,A,A,H,H,H,A,H,H,H,B,B,B,A,A,H,H,H,H,A,H,H,H,B,B,B,H,A,A,A,H,H,H,A,A,A,A,A,H,H,H,H,H,H,H,A,A,A,H,H,H,H,H,H,H,H,H,H,A,A,A,H,A,A,A,A,H,H,B,B,H,H,A,H,H,H,H,H,H,H,H,H,H,H,H,H,B,B,B,B,B,B,H,H,H,H,B,H,H,H,H,H,A,H,H,H,H,H,H,A,A,H,H,H,B,B,H,H,A,H,H,H,B,B,B,H,H,H,H,H,H,A,A,H,H,H,H,B,B,B,B,B,B,B,H,H
12,17,29,0.413793103,H,H,H,B,B,H,A,A,H,H,H,H,H,H,H,A,A,A,A,H,H,A,A,A,A,B,B,A,A,A,A,A,A,B,H,H,A,A,H,B,B,B,H,H,H,A,A,A,H,H,A,A,A,A,A,A,H,A,A,A,H,H,H,H,H,H,H,H,H,H,A,A,A,A,B,B,B,B,B,H,H,H,H,H,H,H,H,H,H,H,H,H,H,A,A,H,H,H,B,B,B,H,H,H,H,H,A,A,H,H,H,H,H,H,H,H,A,A,A,A,B,B,B,B,B,B,B,H,H,H,H,A,A,A,H,B,B,B,B,B,B,B,B,B,B,B,H
13,16,29,0.448275862,B,H,H,H,A,A,H,H,B,H,H,H,H,H,H,H,H,H,H,H,H,H,H,H,H,H,H,H,H,H,H,H,B,H,B,B,B,B,A,A,A,A,A,H,H,H,A,A,H,H,H,H,H,H,H,A,A,H,H,A,A,A,A,H,H,H,H,H,H,B,B,B,B,B,H,H,H,H,H,H,H,H,A,A,H,H,B,B,B,B,B,B,H,H,B,B,B,B,B,A,A,A,A,A,H,H,H,H,H,H,H,A,A,A,A,H,H,H,H,A,B,B,B,B,H,H,H,H,B,H,H,H,H,H,H,B,B,B,B,B,B,A,A,H,H,H,H
12,15,27,0.444444444,A,H,H,H,H,H,H,B,B,B,B,B,B,H,H,H,A,A,A,A,A,A,H,H,B,B,B,A,A,H,H,H,B,H,H,A,A,A,B,B,B,H,H,H,H,H,B,H,H,H,A,A,A,A,A,H,H,B,B,B,H,H,H,A,H,H,B,B,B,B,B,B,B,H,H,A,H,H,H,H,H,H,H,A,A,H,A,A,A,A,A,H,H,H,H,H,H,H,A,A,H,H,H,H,A,A,A,A,A,A,H,H,H,H,H,H,H,A,H,H,H,H,H,H,H,H,H,H,B,B,B,B,B,B,A,H,H,B,B,B,B,B,B,B,B,B,H
13,15,28,0.464285714,H,H,H,H,H,H,H,B,B,B,B,B,B,B,H,H,B,B,B,B,A,H,H,H,H,H,H,H,H,H,H,B,H,B,B,B,B,B,H,H,H,H,H,H,H,H,B,B,H,H,H,H,A,A,A,A,A,A,A,H,H,H,H,H,H,H,H,H,B,H,A,A,H,H,H,H,H,H,H,H,H,A,A,H,B,B,H,H,H,H,H,H,H,H,H,B,B,H,H,H,H,H,H,B,A,A,A,H,A,A,A,H,H,H,H,B,B,B,B,B,H,H,B,H,H,H,H,H,B,B,H,H,H,H,B,B,B,B,H,H,H,H,H,H,H,H,A
12,16,28,0.428571429,B,B,B,H,H,A,H,H,H,H,A,A,H,H,A,A,H,H,H,H,B,B,B,B,H,H,H,H,B,B,H,H,H,B,B,H,H,A,H,A,A,A,H,H,H,A,A,H,H,H,A,A,H,H,H,H,A,A,A,H,H,H,H,H,H,H,H,H,H,B,H,H,H,H,B,B,H,H,H,H,H,B,H,H,H,H,B,B,B,B,B,B,B,B,H,H,H,H,H,H,H,A,A,A,H,H,H,B,B,B,H,H,H,H,H,H,H,H,H,H,B,H,H,H,H,H,H,H,B,H,H,H,A,A,B,H,H,H,H,H,H,H,H,H,B,H,H
13,15,28,0.464285714,B,H,H,H,H,H,H,A,A,H,H,H,H,H,H,H,H,B,H,H,B,H,H,H,A,A,A,A,H,H,H,H,H,H,H,H,H,H,H,A,A,A,A,A,A,H,H,H,A,A,H,H,A,A,A,H,H,H,H,H,B,B,B,H,H,H,H,H,H,A,H,H,H,H,A,H,H,H,H,B,B,H,H,H,H,H,A,A,A,A,A,A,A,B,H,H,H,A,H,H,A,A,A,A,A,A,A,A,A,H,H,H,H,H,H,B,H,H,H,A,H,H,H,B,B,B,H,H,H,B,B,B,B,B,H,H,H,H,H,H,H,H,B,H,H,H,H
12,16,28,0.428571429,B,B,B,B,B,B,B,H,B,B,B,B,B,B,B,B,B,B,B,B,H,H,H,H,B,B,B,B,B,H,H,H,H,B,B,B,B,H,A,A,A,H,H,H,H,H,B,B,B,B,H,H,B,B,B,B,B,H,H,H,B,B,B,A,A,A,A,A,H,A,A,A,A,A,B,H,H,H,H,H,H,A,A,A,A,H,B,H,H,H,H,A,A,A,H,H,H,B,H,H,H,H,B,B,H,H,H,H,H,H,H,H,H,H,H,A,A,A,A,H,A,A,H,H,H,A,A,A,H,A,A,A,A,A,A,A,A,A,H,B,B,A,A,A,A,A,H
13,15,28,0.464285714,H,H,H,H,H,H,H,A,A,A,A,A,A,A,B,H,H,H,H,H,B,B,B,B,B,B,B,H,H,A,A,A,H,H,H,H,H,H,H,H,A,A,H,H,H,H,H,H,H,H,B,B,B,H,H,H,A,B,B,B,B,H,H,H,H,H,H,H,A,H,B,B,B,B,B,B,B,H,H,H,H,H,H,H,H,A,A,A,A,A,A,A,A,B,B,H,H,H,B,H,H,H,H,H,H,H,H,H,H,H,H,H,H,H,H,B,B,B,B,B,H,H,A,A,A,A,A,A,H,H,H,H,H,H,H,B,B,H,H,H,H,B,B,B,B,H,H
12,17,29,0.413793103,H,H,H,H,A,A,A,A,H,H,H,H,H,B,A,H,H,H,H,A,H,H,H,H,H,H,H,H,A,A,A,A,A,H,H,A,A,H,H,H,H,H,H,H,H,H,H,H,H,H,H,B,B,B,B,H,H,H,A,A,A,A,A,H,H,H,H,H,H,A,A,A,H,H,A,A,A,A,A,H,H,B,B,B,B,H,H,H,H,A,H,H,H,A,A,A,A,H,A,A,A,A,H,H,H,H,H,H,H,B,A,A,A,H,H,B,B,B,B,H,A,A,A,H,H,B,B,B,H,A,A,A,H,H,A,A,A,A,H,H,H,A,H,H,H,H,H
13,16,29,0.448275862,A,A,A,A,H,A,H,A,A,A,H,H,H,H,H,H,H,B,B,B,H,H,H,A,A,A,A,H,H,A,A,A,A,A,A,A,A,A,H,H,H,H,H,H,H,H,H,B,B,B,H,H,H,H,H,H,H,A,A,A,H,H,H,H,H,H,H,H,A,A,A,A,H,H,A,A,A,A,A,H,H,B,B,B,B,B,H,H,H,H,B,B,B,H,H,H,H,H,H,H,A,A,A,A,H,H,A,A,A,A,H,H,H,A,A,H,H,H,H,B,H,H,H,H,H,H,A,A,A,A,A,A,A,A,H,H,H,H,H,H,H,A,A,H,H,H,H
13,16,29,0.448275862,H,H,H,H,B,B,B,B,H,H,H,H,H,H,H,H,H,H,H,H,H,H,B,B,B,H,H,H,H,H,H,H,H,H,B,B,B,H,B,B,B,B,B,H,H,A,A,A,A,H,B,H,H,H,H,H,A,H,H,H,H,H,A,B,B,B,B,B,B,H,H,H,H,H,A,A,A,A,A,A,A,A,H,B,B,B,A,A,H,H,H,H,H,B,H,H,H,A,A,A,A,A,A,H,H,H,H,H,H,H,H,H,H,H,H,H,H,H,H,H,H,H,A,H,H,H,H,H,B,H,H,H,H,H,H,H,H,H,H,H,H,H,H,H,H,H,H
13,16,29,0.448275862,H,H,H,B,B,B,H,H,B,B,B,B,B,B,H,H,B,B,B,B,H,B,B,B,B,B,B,H,H,B,B,B,B,B,B,B,H,H,H,H,H,H,B,B,H,B,H,H,A,A,A,A,A,A,A,H,H,H,H,H,H,A,A,A,A,A,H,H,H,B,B,B,B,H,A,A,A,H,H,H,H,A,A,A,H,B,A,A,A,A,A,A,A,H,H,H,H,H,B,B,B,B,B,H,H,H,H,B,B,B,B,B,B,H,H,H,H,H,H,B,A,A,A,A,A,A,A,A,A,A,H,H,B,B,B,H,H,H,H,H,H,H,H,B,B,B,B
13,17,30,0.433333333,H,H,H,H,H,H,H,H,H,A,A,A,A,H,B,B,B,B,B,B,A,A,A,A,A,H,H,H,H,H,H,H,H,H,H,B,B,B,H,H,H,H,B,B,B,H,A,A,A,H,B,B,B,B,B,H,H,A,H,H,H,H,H,H,H,A,A,A,A,H,H,H,H,B,A,A,H,H,H,B,B,H,H,H,H,A,H,H,H,H,H,H,H,H,H,B,B,H,H,H,H,H,H,H,H,H,H,A,A,H,H,A,A,A,A,A,A,A,H,H,H,H,H,H,A,A,A,A,A,H,H,H,H,H,H,H,H,H,H,H,H,B,B,B,B,B,B
12,16,28,0.428571429,A,H,H,H,B,B,B,H,H,H,H,H,H,H,B,H,B,B,B,B,H,H,H,A,A,A,A,H,H,H,B,H,H,H,H,B,B,H,H,H,B,B,B,B,B,B,B,B,B,B,H,H,B,B,B,B,B,H,H,H,H,H,H,H,H,H,H,A,A,A,A,A,B,B,H,B,B,H,H,H,H,H,H,H,H,H,H,A,A,A,A,H,H,H,H,A,A,H,B,B,B,A,A,A,H,H,H,H,H,H,H,H,H,H,H,B,B,B,B,B,A,A,A,A,A,A,A,A,A,A,A,A,H,H,H,H,H,B,B,B,B,A,H,H,H,H,B
13,15,28,0.464285714,A,A,A,H,H,H,B,B,B,H,H,H,B,B,B,B,B,H,H,H,H,H,A,A,A,A,A,H,H,B,B,B,H,H,H,H,H,H,H,H,H,H,A,A,A,A,A,H,H,B,B,B,B,B,H,H,A,H,H,H,H,H,B,A,A,H,B,B,B,H,H,B,B,H,B,B,B,H,A,A,A,B,H,H,H,H,H,H,A,H,H,H,H,H,A,A,A,H,A,A,A,A,H,H,H,H,H,H,H,H,H,H,H,H,H,H,H,A,A,A,H,H,H,H,H,H,H,H,B,B,B,B,H,H,H,H,B,B,B,B,B,H,H,H,H,H,H
13,16,29,0.448275862,H,A,H,H,A,A,A,H,H,H,H,H,H,H,A,A,H,H,B,B,H,H,H,H,H,H,H,B,B,B,B,B,B,B,B,H,H,H,H,H,H,H,H,H,H,H,H,H,A,A,A,H,H,H,H,H,H,A,H,H,H,H,H,H,H,H,H,A,A,H,H,H,H,H,A,A,A,H,H,H,H,B,B,B,B,B,H,H,H,H,H,H,H,A,A,A,A,H,B,B,B,B,B,B,H,H,H,A,A,A,A,A,A,A,A,H,H,H,H,B,A,A,A,H,H,H,H,B,H,H,H,H,A,A,A,A,A,A,H,H,B,H,H,H,H,H,H
12,17,29,0.413793103,B,B,B,B,B,B,H,H,H,H,H,H,B,H,A,A,A,H,H,H,B,B,H,H,H,H,H,H,H,H,H,H,H,H,H,H,H,A,H,H,B,B,B,B,B,H,H,H,H,H,B,B,B,B,B,B,B,A,A,A,A,A,H,A,A,A,H,H,H,A,H,B,B,B,B,H,H,H,H,H,H,B,B,H,A,A,A,A,A,A,A,A,A,A,A,H,H,B,H,B,H,H,H,H,A,H,H,B,B,B,H,H,H,H,A,H,H,H,H,H,B,B,B,B,H,H,H,H,H,A,H,H,H,H,H,H,H,H,H,H,H,B,B,B,B,B,H
13,16,29,0.448275862,A,A,H,B,B,H,H,H,A,A,A,B,B,B,H,B,B,B,H,H,H,H,H,H,H,H,H,A,A,H,H,H,H,H,H,H,H,H,A,A,H,H,H,H,H,H,H,H,H,H,H,H,H,H,H,H,H,A,H,H,H,H,H,H,H,H,H,H,H,H,H,B,B,B,B,H,A,A,A,H,H,H,H,H,H,H,H,H,H,H,H,H,H,B,H,H,H,H,H,H,H,H,B,B,A,A,A,A,H,H,H,H,H,H,A,A,A,A,H,H,A,A,A,A,A,H,H,H,B,H,H,H,H,H,A,A,A,A,H,H,H,B,B,B,H,H,A
12,17,29,0.413793103,H,B,B,B,H,H,H,H,H,H,A,A,A,A,H,H,H,H,H,H,A,A,A,A,A,A,H,H,H,H,H,H,H,H,H,H,H,H,H,H,A,A,A,A,H,A,A,H,H,H,H,H,H,H,H,H,H,H,H,H,H,A,H,A,A,A,A,A,A,A,A,A,H,H,H,H,B,B,B,B,B,A,A,A,A,A,B,H,H,H,H,H,H,H,H,H,A,H,B,H,H,H,H,H,H,H,H,H,H,B,H,H,H,H,H,H,A,A,A,A,B,B,H,H,H,A,A,A,A,A,A,A,A,A,H,H,H,H,B,B,B,A,A,A,A,H,H
12,15,27,0.444444444,A,A,H,H,H,B,H,A,A,A,H,B,B,B,H,B,B,B,H,H,B,H,H,H,H,H,H,A,A,A,A,A,H,A,H,H,H,H,H,H,H,H,H,H,H,H,H,B,B,B,A,A,A,A,H,H,H,H,B,B,B,B,H,H,H,H,H,H,H,B,B,H,H,H,B,B,B,B,B,B,H,B,H,H,H,H,H,H,H,H,H,B,H,H,B,B,B,B,H,H,H,A,A,A,B,H,H,H,H,H,H,B,B,H,H,A,A,A,H,H,H,H,H,B,B,B,B,B,B,B,B,B,B,B,B,B,B,B,B,B,H,H,H,H,H,H,H
13,15,28,0.464285714,H,B,B,H,H,H,H,H,H,H,H,H,B,B,H,H,H,H,H,H,H,H,H,H,H,H,A,A,A,A,A,A,A,H,H,B,B,B,H,H,H,H,H,H,A,B,H,H,H,A,A,A,A,H,H,H,H,B,H,H,H,H,H,H,A,A,A,H,H,H,H,H,H,H,B,B,B,B,B,H,H,A,H,H,H,B,A,A,H,H,H,H,H,H,A,A,A,A,A,A,A,H,H,H,B,B,H,H,H,A,H,B,B,B,B,A,A,A,H,H,H,H,H,H,H,H,A,A,H,H,H,H,B,B,H,B,B,B,B,B,B,A,A,A,A,A,A
13,16,29,0.448275862,H,H,A,A,H,H,H,H,H,H,H,H,H,H,H,A,A,A,H,H,A,A,A,A,A,A,A,H,H,H,H,H,H,H,A,A,A,H,A,A,A,A,A,A,A,H,H,H,H,H,A,A,A,A,A,H,H,H,H,H,H,H,H,H,H,H,H,H,A,B,B,B,H,H,H,B,H,H,H,H,H,H,H,H,B,B,H,H,H,B,B,B,B,H,H,H,H,H,A,H,B,B,B,B,H,H,H,H,H,H,A,A,A,H,H,B,H,H,H,H,H,B,B,B,B,H,H,H,B,B,H,H,H,H,A,A,H,H,H,H,H,H,H,H,H,H,H
12,16,28,0.428571429,B,B,B,B,B,B,H,H,B,B,B,B,H,H,H,H,A,A,H,H,B,B,B,B,B,B,H,H,H,H,H,H,A,H,H,H,H,H,B,H,H,H,H,H,A,H,H,H,H,A,H,H,H,H,H,H,H,H,B,B,B,H,H,A,A,A,A,H,B,H,H,B,B,H,H,B,B,B,H,H,H,H,H,H,H,B,B,B,B,H,H,A,A,A,H,H,H,H,H,A,A,A,H,H,H,H,H,A,H,H,H,H,H,B,B,H,H,H,H,B,H,H,H,A,A,A,A,A,H,A,A,A,A,A,B,H,H,H,A,A,A,H,H,A,A,A,A
12,16,28,0.428571429,B,B,B,B,B,B,B,B,B,B,B,B,B,B,H,H,H,A,A,A,H,H,A,A,H,B,B,H,H,H,H,B,B,H,H,H,H,H,B,B,B,B,B,B,B,H,B,B,B,H,A,A,A,H,H,H,H,H,H,H,H,H,H,A,A,H,H,H,H,H,H,H,B,B,B,B,B,B,B,B,B,A,H,H,H,A,H,H,H,H,H,H,H,H,H,H,A,A,H,A,A,A,A,A,H,H,H,H,H,H,H,H,B,B,B,H,H,A,A,A,H,H,B,B,B,B,B,B,A,H,H,H,B,B,H,H,A,A,A,A,A,A,H,H,H,H,H
13,17,30,0.433333333,H,H,H,A,A,H,B,H,H,H,H,H,A,H,A,A,H,H,H,H,H,H,H,H,H,H,H,B,B,B,B,B,B,H,H,H,H,H,H,H,H,H,H,B,B,B,B,H,H,H,A,A,H,H,H,H,B,A,A,A,H,H,H,H,H,H,H,H,A,A,A,A,A,A,A,H,H,H,H,H,B,A,A,A,H,H,H,H,H,B,B,B,B,H,H,A,A,A,B,B,B,B,B,B,A,A,H,H,H,H,H,H,A,A,H,H,H,H,H,H,A,A,H,B,H,H,H,H,H,H,A,H,H,H,H,H,H,H,A,A,A,H,H,B,B,B,B
12,17,29,0.413793103,H,H,B,B,B,B,B,H,H,A,A,A,A,A,B,B,B,B,B,B,H,B,H,H,H,H,H,A,H,H,A,H,H,H,H,H,H,H,A,A,A,A,A,H,H,H,H,H,H,H,H,H,H,H,H,H,H,H,H,H,H,H,H,H,H,B,B,B,B,B,B,B,H,A,B,B,A,A,A,A,A,H,H,B,B,B,H,H,H,H,H,A,A,H,B,H,H,H,H,H,A,H,H,H,A,A,A,B,B,B,A,A,A,A,H,A,B,B,B,B,H,H,H,H,B,B,B,B,H,H,H,H,H,H,H,H,H,H,H,H,A,H,B,B,H,H,H
12,16,28,0.428571429,A,A,A,A,A,A,A,A,A,A,H,H,H,H,B,H,H,H,B,B,H,H,H,H,A,A,H,H,H,H,H,H,H,B,B,B,B,B,B,B,B,B,H,H,A,H,H,H,H,H,H,H,H,H,H,H,H,B,B,H,H,H,H,A,H,H,H,H,H,B,B,B,B,B,H,H,B,B,B,B,B,H,H,A,A,A,H,B,B,B,B,H,B,B,B,B,H,H,H,H,H,H,H,H,H,A,A,A,A,A,H,H,H,H,H,H,B,B,B,B,A,A,H,H,H,H,B,B,A,H,H,H,B,B,H,H,H,H,H,H,H,B,B,B,B,H,A
12,16,28,0.428571429,A,A,A,H,H,A,A,H,H,H,H,A,A,A,B,H,H,B,B,H,H,H,B,B,B,B,B,A,A,A,A,H,H,H,H,A,A,A,H,H,B,B,B,H,H,H,B,B,B,H,B,B,B,H,H,H,H,B,B,B,H,H,A,H,H,H,H,H,B,B,B,B,B,B,H,H,H,B,B,B,B,H,H,H,H,A,H,H,H,H,H,B,B,A,A,A,A,A,A,A,A,A,A,A,H,H,H,H,H,H,B,B,H,H,H,H,H,H,H,H,A,A,A,H,H,H,H,H,H,H,H,H,B,B,H,H,H,A,A,A,A,B,B,B,B,B,B
12,16,28,0.428571429,H,B,B,B,H,H,H,B,H,H,H,H,A,A,H,H,A,A,A,B,A,H,H,B,B,B,B,H,H,A,A,A,A,A,A,A,H,H,A,A,H,H,B,B,B,B,B,H,H,H,A,A,A,A,A,A,A,B,B,B,B,B,H,B,H,H,H,H,H,H,H,H,H,H,B,B,B,B,B,B,H,H,H,H,H,H,A,A,A,A,A,A,A,B,H,H,H,H,A,A,A,A,A,A,A,A,A,A,H,H,H,H,H,A,H,H,H,H,H,H,H,H,H,H,H,H,H,H,H,H,H,H,H,H,H,H,H,A,A,A,A,H,H,H,H,H,H
12,16,28,0.428571429,B,B,B,B,B,B,B,H,A,A,H,H,H,H,H,H,H,B,B,B,H,H,H,H,B,B,H,B,B,B,B,B,H,B,B,B,H,H,H,H,H,H,H,H,H,B,B,B,B,H,A,A,A,B,B,B,B,B,B,B,H,H,H,A,A,A,A,A,A,A,A,A,A,A,B,B,B,B,H,H,H,H,B,B,B,B,H,H,H,H,H,H,H,A,A,H,H,H,H,H,H,H,H,H,B,B,H,H,H,A,B,B,B,H,A,A,H,H,H,B,H,H,B,H,H,H,H,H,H,B,B,B,B,B,H,H,H,H,H,H,H,A,A,H,H,H,H
13,16,29,0.448275862,H,H,H,H,A,A,A,A,H,H,H,H,A,A,H,H,H,A,A,A,A,A,A,A,H,B,B,B,H,H,H,H,A,H,A,A,A,A,H,H,H,H,H,H,A,H,H,B,B,H,H,H,B,B,B,B,B,H,H,H,B,B,H,B,H,H,H,H,H,H,H,H,H,H,A,H,H,H,H,H,H,A,H,H,B,B,H,A,A,A,A,H,H,A,A,H,H,H,H,B,B,B,H,H,H,B,B,H,H,B,H,H,B,B,B,A,A,H,H,B,H,H,H,H,A,A,A,A,H,A,A,A,A,A,H,H,H,H,H,H,B,H,A,A,A,H,H
12,17,29,0.413793103,B,A,A,A,H,H,H,A,A,A,A,A,A,H,H,H,H,B,H,H,H,H,H,A,A,H,H,B,B,B,H,H,H,H,A,H,H,H,H,H,H,H,H,A,A,H,H,H,B,B,H,H,B,H,H,H,H,H,H,H,B,B,B,H,H,H,H,H,A,B,B,H,H,A,H,H,H,H,B,B,B,A,H,H,H,H,H,H,H,H,H,H,B,B,A,A,A,A,B,B,B,B,B,B,A,A,H,H,H,H,B,B,B,B,B,H,A,A,H,H,H,H,H,B,B,B,B,B,A,A,A,A,A,A,A,A,H,H,B,B,B,H,H,H,H,H,B
13,17,30,0.433333333,H,H,H,H,H,H,H,B,H,H,H,B,H,H,A,A,A,A,H,H,B,B,B,H,A,A,A,A,A,A,H,H,H,A,A,H,H,B,H,H,H,H,H,H,H,B,B,B,B,A,B,H,A,A,A,A,A,A,H,H,H,H,H,H,H,H,H,H,A,H,H,B,H,H,H,H,H,H,H,B,B,H,H,H,H,H,B,B,B,H,H,H,H,B,B,A,A,A,H,H,H,H,H,H,A,A,A,A,A,H,H,A,A,A,A,H,A,A,A,A,B,B,B,B,H,H,H,H,A,A,A,A,H,H,H,H,H,H,H,A,A,B,B,B,B,H,H
13,16,29,0.448275862,H,H,H,H,H,H,A,B,B,B,B,B,B,H,H,H,A,H,H,H,H,H,H,H,B,B,H,H,H,H,A,A,A,A,A,A,A,H,H,H,H,H,H,H,A,A,A,A,A,H,A,A,A,A,A,H,H,H,H,H,H,H,H,A,A,A,A,A,A,B,B,H,H,H,H,H,H,H,H,H,H,A,A,A,A,A,H,H,H,H,H,B,H,B,B,B,B,B,A,H,A,H,H,H,A,A,A,A,A,A,H,H,H,H,B,B,B,B,H,H,H,H,A,A,A,A,A,A,A,A,A,A,A,A,H,H,H,H,H,H,H,H,H,H,H,H,H
12,17,29,0.413793103,A,A,A,A,A,A,A,H,H,H,H,H,B,H,B,B,B,B,B,H,H,H,H,H,H,H,H,H,B,B,B,B,B,B,H,H,H,H,H,H,H,H,H,H,H,H,H,H,H,H,H,A,A,A,A,A,A,A,A,A,A,A,A,B,B,H,H,H,H,A,A,A,H,H,H,H,H,H,H,A,A,H,H,H,H,B,B,B,B,H,H,H,H,B,B,B,B,A,A,A,H,H,H,H,A,A,A,H,H,B,H,H,H,H,B,H,H,H,H,H,H,H,H,H,H,H,H,H,B,B,B,B,H,H,H,B,B,B,B,B,H,A,A,A,H,H,H
12,16,28,0.428571429,H,A,A,A,A,A,A,B,B,B,H,H,H,H,H,A,A,A,A,A,H,H,A,A,A,A,A,H,H,H,H,H,A,H,A,A,A,H,H,H,H,B,B,B,B,A,A,A,A,A,H,H,H,H,H,A,A,H,B,B,B,B,B,B,B,B,B,B,H,A,A,A,A,A,H,A,H,H,H,H,H,H,A,A,A,H,B,B,B,H,H,A,A,B,H,H,H,H,H,A,A,A,A,A,A,A,A,A,A,A,B,B,B,B,H,H,H,H,H,H,B,B,B,B,B,B,B,B,H,H,H,H,H,H,B,H,H,H,H,H,H,H,H,H,H,H,H
12,16,28,0.428571429,H,H,H,H,H,H,H,H,H,A,A,A,A,A,A,A,A,H,H,H,A,A,A,A,A,A,A,B,B,B,B,B,H,B,B,B,B,B,B,H,H,H,H,A,A,A,A,A,A,A,A,A,H,H,B,B,B,H,H,H,H,H,H,A,A,A,A,A,A,A,A,A,A,A,H,H,A,H,H,H,H,H,H,H,H,H,H,H,H,H,H,B,B,H,A,A,A,H,H,H,H,A,A,H,A,A,A,A,A,A,H,H,H,A,A,H,H,H,H,H,H,H,H,H,H,H,H,H,H,H,H,B,B,B,A,A,A,H,H,H,H,H,H,H,H,A,A
12,16,28,0.428571429,A,A,A,A,A,A,A,H,H,H,B,H,B,B,A,H,H,H,H,H,H,H,H,B,B,B,B,H,B,B,H,H,H,H,H,H,H,H,B,B,B,B,B,B,H,A,A,A,A,B,A,A,A,A,A,A,H,A,A,A,A,A,A,B,B,H,H,H,H,H,H,H,H,A,B,B,B,B,B,B,H,B,B,H,A,A,H,H,H,B,B,H,H,H,B,H,H,H,A,A,A,A,A,A,H,A,A,A,A,A,A,A,H,H,H,H,A,A,A,H,B,B,H,H,H,H,H,H,A,A,A,A,A,A,H,H,H,H,B,B,H,B,B,B,B,B,B
12,16,28,0.428571429,B,H,H,H,H,H,H,A,H,H,H,H,H,H,H,A,A,A,A,H,B,B,B,H,H,H,H,H,H,H,H,H,H,H,H,H,H,H,H,A,A,A,A,H,H,A,A,A,A,A,H,H,H,H,H,A,A,H,B,B,B,B,B,B,B,B,B,B,H,H,H,H,H,H,H,H,H,H,A,A,A,B,B,B,B,H,H,H,B,B,B,H,H,B,B,B,B,B,B,H,H,H,A,A,A,A,H,H,H,H,H,B,B,B,B,A,A,A,B,B,H,H,H,B,B,B,B,B,B,H,H,H,H,A,H,H,H,B,B,B,B,B,B,B,B,B,H
13,16,29,0.448275862,H,H,H,B,B,B,B,H,H,H,B,B,B,H,H,H,H,H,B,B,H,H,H,H,H,H,B,H,H,A,A,H,H,H,H,H,H,H,A,A,A,A,A,A,A,A,A,A,A,A,A,A,H,H,H,B,B,A,A,A,A,A,A,A,A,A,A,H,B,H,H,H,H,A,H,A,A,A,A,A,A,H,H,H,H,A,H,H,H,H,H,H,H,H,B,B,B,B,H,H,B,B,B,H,H,H,H,H,H,H,H,H,H,H,A,A,A,A,A,H,H,H,A,H,H,H,B,B,A,A,A,H,H,H,A,H,H,B,B,B,B,H,H,H,A,A,A
12,18,30,0.4,H,H,A,A,A,A,A,H,H,H,H,H,B,B,A,A,H,H,H,H,B,B,B,B,B,B,B,A,A,H,H,H,H,H,H,H,B,B,H,H,H,H,H,H,H,A,H,H,H,H,H,H,H,H,H,B,H,H,H,H,H,H,H,H,H,A,A,A,A,H,B,B,B,H,H,H,H,H,H,H,H,H,B,B,B,B,B,B,B,B,B,B,H,B,B,B,B,H,B,B,H,H,H,H,H,H,H,H,H,H,H,B,B,H,H,B,B,B,B,H,H,H,H,H,H,H,H,H,A,H,H,H,H,H,H,H,H,H,H,H,H,A,A,A,A,A,A
12,17,29,0.413793103,B,A,A,A,A,A,A,H,H,H,H,H,H,B,B,H,B,B,B,B,H,H,H,A,A,A,H,B,B,B,B,B,B,H,H,H,H,H,A,A,A,H,H,B,B,B,B,B,H,H,B,B,H,A,A,A,A,H,H,B,B,B,B,H,H,H,H,H,B,H,H,A,A,H,A,A,A,A,H,H,H,B,B,H,H,H,H,H,H,H,H,H,H,A,A,A,H,H,H,H,H,B,B,B,H,H,A,A,A,A,B,B,B,B,B,A,H,H,H,H,H,H,H,H,H,B,H,H,A,A,H,H,H,H,H,H,H,H,H,A,H,H,H,H,A,A,A
13,16,29,0.448275862,H,H,H,H,H,H,H,H,H,B,B,B,B,B,A,H,H,H,H,H,H,H,H,H,H,B,B,B,B,H,A,A,A,A,A,A,A,H,H,H,H,A,H,H,H,B,H,H,H,H,H,H,H,H,A,A,A,A,A,H,H,H,A,H,H,B,B,B,H,B,B,B,H,H,A,H,H,B,B,B,B,H,A,A,A,A,H,H,H,A,A,A,A,A,B,B,B,B,H,H,H,H,H,H,H,H,H,H,H,H,H,H,H,H,A,B,B,B,B,B,H,H,H,H,H,H,H,H,B,B,B,B,B,H,B,H,H,H,H,H,A,H,H,H,H,H,B
14,16,30,0.466666667,H,H,H,H,A,H,B,A,A,A,H,H,B,B,A,H,H,H,H,H,H,H,H,H,H,B,B,B,B,H,H,B,B,B,H,H,H,H,B,B,B,H,H,H,H,B,B,B,B,H,B,B,B,B,H,H,H,H,H,H,A,A,H,A,A,A,A,A,A,H,H,H,H,H,H,H,H,H,A,A,A,A,A,H,H,H,A,A,A,A,A,A,A,H,H,H,H,H,H,H,H,B,B,B,B,B,B,B,H,H,H,H,H,H,H,H,H,H,H,H,B,B,B,H,H,H,B,B,H,H,H,H,H,B,H,A,A,H,H,H,H,A,H,H,H,H,H
13,17,30,0.433333333,H,H,H,H,A,A,A,B,B,B,B,B,B,B,H,H,H,H,H,H,H,H,H,H,H,H,A,A,H,H,H,A,A,B,B,B,H,H,A,A,H,B,B,B,B,H,H,A,A,A,B,B,B,B,B,B,B,A,A,A,A,A,H,A,A,H,H,H,H,H,H,H,B,H,B,B,B,H,H,H,H,A,H,H,H,H,H,H,H,H,H,H,A,B,H,H,H,H,B,H,H,H,H,H,H,A,A,A,A,A,H,B,B,B,B,H,A,A,A,A,H,H,H,H,H,H,H,H,H,H,H,H,H,H,H,B,H,H,H,H,H,H,A,A,A,A,A
13,15,28,0.464285714,A,A,A,H,H,H,H,B,B,B,B,B,B,B,H,H,A,A,A,A,A,A,A,A,H,H,H,H,H,A,A,A,H,B,B,B,H,H,H,H,H,H,H,H,H,B,B,A,A,A,H,H,H,H,H,H,H,B,B,B,B,B,H,A,A,A,A,A,A,A,A,A,A,A,H,B,B,H,H,H,H,H,H,H,H,B,H,H,H,A,A,A,A,B,H,H,B,H,A,A,H,H,H,B,B,B,B,H,H,H,H,H,H,H,H,B,B,B,B,B,H,H,H,H,H,H,H,A,H,H,A,A,A,H,H,H,H,H,H,H,H,H,H,H,H,H,A
13,16,29,0.448275862,A,H,H,H,H,H,H,A,A,A,A,H,H,B,A,A,H,H,H,B,A,A,A,H,H,H,H,H,H,H,H,H,H,B,B,H,H,H,H,H,H,H,H,H,H,A,H,H,H,H,A,A,A,H,H,B,B,H,H,H,H,H,H,H,H,H,H,A,A,H,H,H,H,H,H,B,B,B,B,B,B,H,H,H,H,H,H,A,A,A,A,A,A,H,H,H,A,A,H,H,H,H,H,H,A,H,H,H,B,B,H,H,H,H,H,H,H,B,B,B,H,H,H,H,H,A,A,A,A,A,H,H,H,H,H,H,H,H,H,H,H,H,A,A,A,A,A
13,16,29,0.448275862,H,B,B,B,H,H,B,H,H,H,B,H,H,H,B,B,H,H,H,H,A,A,A,A,A,A,A,B,H,H,B,B,B,B,B,B,B,B,B,B,H,H,H,H,H,H,H,H,H,B,B,B,B,B,B,H,H,H,H,A,H,H,H,A,A,A,A,H,H,B,B,B,H,H,B,B,B,H,H,A,A,B,B,H,H,A,B,B,B,B,H,H,H,H,B,B,B,B,H,H,H,H,H,H,A,A,A,A,A,A,B,B,B,B,H,H,H,H,H,H,H,H,H,H,H,B,B,B,B,B,A,A,A,A,H,H,H,H,H,A,A,A,H,H,H,H,H
13,17,30,0.433333333,H,H,H,A,A,A,H,A,A,H,H,H,H,H,A,H,A,A,A,A,H,H,H,H,H,H,A,H,H,H,H,A,A,A,A,A,A,A,H,H,H,H,B,B,A,A,A,A,A,A,H,H,H,H,A,A,A,H,H,A,A,A,A,B,B,H,H,H,A,H,H,H,H,H,H,H,H,H,H,H,H,A,A,A,A,A,A,A,A,A,A,A,H,H,H,H,H,A,H,A,A,H,H,H,A,A,A,A,A,H,H,A,A,A,A,H,H,H,H,B,B,B,B,B,B,B,B,B,B,B,B,H,H,H,H,H,H,A,A,A,A,B,B,B,B,B,H
12,17,29,0.413793103,H,H,H,H,H,H,H,B,B,B,B,H,H,H,A,A,A,A,A,H,H,H,H,H,H,H,A,H,H,H,A,A,H,B,H,H,A,A,B,B,B,B,B,H,H,B,B,B,B,H,H,H,H,H,H,H,H,H,H,A,A,A,A,B,B,B,B,B,B,A,A,A,A,A,B,B,H,H,H,H,H,H,H,B,B,B,B,B,B,H,H,H,H,H,H,H,H,H,A,A,A,H,H,H,H,H,B,B,B,B,H,H,H,H,H,B,B,B,B,H,H,A,A,H,H,H,H,H,A,H,H,H,B,B,H,H,H,H,A,A,A,A,A,A,A,A,H
13,17,30,0.433333333,A,A,A,A,A,A,A,H,A,A,A,H,H,H,A,A,A,A,A,A,A,A,A,A,A,A,A,H,H,A,A,A,A,H,H,B,B,H,B,B,B,B,B,H,H,B,B,B,B,B,B,B,B,B,B,B,B,A,A,H,B,B,B,B,B,B,B,B,B,H,B,H,H,H,A,A,H,H,H,H,H,A,A,A,A,H,B,B,B,B,B,B,B,A,A,A,A,H,H,H,H,B,H,H,H,H,H,H,H,H,H,B,B,H,H,H,H,H,H,H,B,B,H,H,A,A,A,A,A,A,A,H,H,H,A,A,A,A,A,H,H,A,A,A,A,H,B
13,15,28,0.464285714,A,A,A,A,A,H,B,B,H,H,H,B,H,H,B,B,B,H,H,H,H,H,H,A,A,A,A,H,H,H,H,H,H,B,B,B,B,H,H,H,H,H,H,H,H,B,H,H,H,H,H,H,H,H,H,H,A,A,A,A,A,H,H,H,H,H,H,H,H,H,H,H,H,H,B,B,B,B,B,B,B,H,H,H,H,B,A,A,A,A,H,H,H,A,A,A,A,A,A,H,H,H,H,B,H,H,H,H,H,H,H,H,H,B,H,H,H,A,A,H,H,B,H,H,H,H,H,H,A,A,A,A,A,A,H,B,B,B,B,B,B,B,B,B,B,B,H
12,16,28,0.428571429,H,B,B,H,H,H,H,H,H,H,H,H,H,B,A,A,A,A,A,H,B,B,B,H,H,H,H,H,B,H,H,B,B,A,A,A,A,A,H,H,H,H,H,B,B,H,H,H,A,A,A,A,A,A,A,A,A,B,B,B,H,H,H,A,A,A,A,A,A,A,A,H,H,H,H,H,H,H,B,B,B,H,H,H,H,H,H,H,H,H,H,H,H,H,H,B,B,H,B,B,H,H,H,H,H,A,A,A,A,A,A,A,A,A,A,H,H,B,B,B,H,H,H,H,H,H,H,A,H,A,A,A,A,H,B,B,B,B,B,B,B,H,H,H,B,B,B
13,15,28,0.464285714,H,H,H,H,H,H,H,B,B,B,H,H,H,A,H,H,H,H,H,H,A,H,H,B,B,B,B,H,B,B,H,H,H,A,A,H,H,H,A,A,A,A,A,A,A,H,H,H,A,H,A,A,A,A,A,A,H,B,B,B,B,B,H,H,H,H,B,B,B,A,H,H,H,B,A,A,A,A,A,H,H,A,H,H,H,B,H,H,H,A,A,A,A,A,A,A,A,H,H,H,H,H,H,H,H,H,H,A,A,A,B,B,B,B,B,B,B,B,B,H,H,H,H,H,H,H,H,H,H,A,A,A,H,H,B,B,B,B,H,H,A,H,H,H,H,H,H
13,15,28,0.464285714,B,B,B,B,H,H,A,H,H,H,H,H,A,A,B,B,H,H,H,H,A,H,H,H,H,H,H,A,H,H,H,H,H,B,H,H,H,H,B,H,H,H,H,H,H,H,H,H,B,B,B,H,H,H,H,H,A,B,B,B,B,B,B,B,B,B,B,B,B,B,B,B,H,A,H,A,A,H,H,H,H,B,H,H,H,A,A,A,A,H,H,H,H,H,H,H,H,A,H,H,H,H,H,A,H,H,H,H,H,B,H,H,H,H,H,H,B,H,H,H,H,H,H,H,H,H,H,H,A,A,H,B,B,B,H,H,H,H,B,B,B,B,B,B,H,H,A
13,14,27,0.481481481,H,H,H,B,B,B,B,H,H,H,H,H,B,B,H,H,H,B,B,B,H,H,H,H,H,H,H,H,H,H,H,H,A,H,H,H,H,B,B,B,B,B,B,H,H,A,A,A,A,H,H,H,H,A,A,A,A,B,B,B,B,B,B,B,B,B,B,B,B,H,H,H,A,A,B,B,B,B,H,H,H,H,H,A,A,A,H,A,A,A,A,A,A,A,H,H,H,H,H,H,H,H,H,H,A,A,A,A,H,H,B,B,B,B,B,A,A,H,H,H,B,B,B,H,A,A,A,A,H,H,B,B,H,H,H,H,H,A,A,A,A,H,H,H,B,B,B
13,16,29,0.448275862,H,A,A,A,A,A,A,B,B,B,B,H,H,A,A,A,A,A,H,H,H,A,A,A,A,A,A,B,B,B,B,B,B,B,B,H,A,A,H,A,A,A,A,A,H,H,H,H,H,H,A,A,A,A,H,H,H,H,H,H,H,H,H,H,H,H,H,B,B,H,H,H,H,H,A,A,H,H,H,A,A,A,A,A,A,A,H,H,H,A,A,A,A,A,A,A,A,H,B,B,B,B,B,B,H,H,H,H,H,A,H,H,H,H,A,A,A,A,A,H,H,H,H,H,H,H,H,H,A,H,H,B,B,B,A,A,A,H,H,H,H,H,H,H,B,B,B
13,15,28,0.464285714,H,H,H,H,A,A,A,A,A,A,H,H,H,H,H,H,H,A,A,H,H,H,B,B,B,B,H,A,A,A,H,H,H,B,B,B,B,H,H,H,H,H,H,H,H,B,B,B,B,B,A,A,A,A,A,A,A,H,H,H,H,H,H,H,H,B,B,B,B,H,H,H,H,H,H,H,H,H,H,H,H,A,A,A,A,A,H,A,A,A,A,A,A,A,A,H,H,H,H,H,H,H,H,B,A,A,A,H,H,H,H,H,H,A,H,B,B,B,B,B,B,B,B,B,B,H,H,H,A,H,H,H,B,B,B,B,B,B,B,B,H,B,B,B,B,B,B
13,16,29,0.448275862,H,H,H,H,H,H,H,H,H,A,H,H,H,B,B,B,B,B,B,B,H,B,B,B,B,B,B,H,H,H,A,A,A,B,B,H,H,H,H,H,H,B,B,H,H,B,B,B,B,B,A,A,A,A,A,H,H,H,H,A,A,A,A,A,A,A,H,H,H,H,B,B,B,B,H,H,H,B,B,B,B,B,B,B,B,B,H,H,B,B,B,H,H,H,H,H,B,B,H,H,A,A,A,H,H,H,B,B,B,H,H,H,A,A,A,H,A,A,A,A,H,A,A,A,A,A,A,A,H,A,A,A,A,H,H,H,H,H,H,H,H,H,B,B,B,H,H
14,15,29,0.482758621,H,H,H,H,H,H,H,H,H,H,H,H,H,H,B,B,B,B,B,B,H,H,H,H,H,H,A,H,H,H,H,H,B,H,H,H,H,B,H,H,H,H,H,H,A,H,H,H,H,H,A,A,A,A,H,H,H,A,A,A,A,A,H,H,H,A,A,A,H,H,H,H,H,A,B,B,B,H,H,H,H,A,H,H,H,H,H,H,H,H,H,H,H,H,B,B,B,B,H,H,B,B,B,B,H,H,H,H,H,H,B,H,H,H,B,H,H,H,H,A,A,A,A,A,A,A,A,A,H,H,B,B,B,B,H,A,A,A,A,H,H,H,H,H,H,B,B
13,16,29,0.448275862,B,B,B,B,B,H,H,B,B,B,B,B,H,H,H,H,B,B,B,B,H,H,A,A,A,H,H,B,B,H,H,H,A,H,B,B,B,H,H,H,H,H,H,H,H,H,H,H,A,A,H,B,B,B,H,H,H,H,H,H,B,B,H,B,B,H,H,H,H,H,H,H,H,A,H,H,H,H,A,A,A,H,H,H,H,H,B,B,H,A,A,A,A,H,H,H,H,A,A,A,A,H,B,B,H,H,H,H,H,H,A,A,A,H,H,A,H,H,H,H,H,H,H,A,A,A,A,A,H,H,H,H,B,H,H,H,H,H,H,H,A,B,B,B,B,H,H
13,15,28,0.464285714,B,B,B,B,B,B,B,H,H,H,H,H,H,H,H,B,B,B,H,H,H,A,A,A,A,A,H,A,A,H,H,H,B,H,H,B,B,B,H,H,A,A,A,A,A,B,H,H,H,H,A,A,A,A,A,A,H,H,A,A,H,H,H,H,H,B,B,B,B,H,H,H,H,H,A,A,A,A,A,A,A,B,B,H,H,H,H,H,H,H,H,H,H,B,H,H,H,A,H,H,H,H,H,H,H,A,A,A,A,A,B,B,B,H,A,B,B,B,B,H,A,A,A,A,A,B,B,B,A,A,A,A,H,H,H,B,B,B,B,B,B,H,H,A,A,A,H
13,15,28,0.464285714,H,H,H,H,B,B,H,B,B,B,B,B,B,B,B,H,H,H,H,H,A,A,A,A,A,H,H,A,A,H,H,H,H,H,H,B,B,B,A,H,H,H,H,H,H,A,A,A,H,H,B,B,B,B,B,B,B,H,H,H,B,B,B,B,B,H,H,H,H,H,H,H,B,H,B,B,B,B,B,B,B,H,B,B,B,H,A,A,H,H,H,H,H,A,H,H,H,B,A,A,H,H,H,H,B,B,B,B,B,B,H,H,H,A,A,B,B,B,B,B,A,A,A,A,A,A,A,A,B,B,B,B,B,B,A,A,A,A,A,A,A,H,H,H,B,B,B
14,15,29,0.482758621,A,A,A,A,H,H,H,H,H,H,H,H,H,A,B,H,H,H,H,H,B,B,B,B,B,B,H,B,B,B,B,B,B,H,H,H,H,H,B,H,H,H,H,H,H,H,H,H,A,A,H,A,A,A,A,A,A,H,H,H,H,H,H,A,A,A,A,A,A,H,H,H,H,B,H,H,H,H,B,B,H,A,A,A,A,A,H,H,B,H,H,H,H,A,A,A,A,A,H,H,A,A,A,A,H,H,H,H,H,H,H,B,H,H,H,A,H,B,B,B,A,A,A,A,A,H,H,H,H,H,H,H,H,H,H,H,H,H,H,H,H,A,A,A,A,A,H
13,15,28,0.464285714,B,B,B,B,B,B,B,B,B,B,B,B,B,B,H,H,H,H,H,H,A,H,H,H,H,H,H,B,B,B,B,H,H,B,B,B,B,B,A,H,H,H,B,B,B,H,H,H,A,A,H,H,H,H,H,A,H,B,B,B,B,H,H,B,B,B,B,B,B,H,H,B,B,B,A,A,A,A,H,H,H,H,H,B,H,H,H,H,H,H,H,H,H,H,H,H,H,H,A,A,H,H,H,H,H,H,H,H,H,H,A,A,A,A,A,H,H,H,H,H,H,H,H,A,A,A,A,A,B,B,B,B,B,B,B,H,H,H,A,A,A,B,H,H,H,H,H
13,16,29,0.448275862,H,H,H,H,B,B,H,H,B,B,B,B,B,B,A,A,H,A,A,H,A,A,A,H,H,H,B,H,H,H,H,A,A,B,B,B,H,H,H,H,H,H,H,A,A,H,H,A,A,A,A,A,H,H,H,H,H,H,H,H,H,H,H,H,H,H,H,H,H,B,B,B,H,H,A,A,A,A,H,H,H,B,H,H,A,A,H,H,H,H,H,H,H,H,H,H,H,A,H,H,B,B,B,B,H,H,H,H,H,B,A,H,H,H,B,H,H,H,H,B,H,H,H,H,H,B,B,H,H,A,A,A,A,A,A,A,A,H,H,H,H,B,B,B,B,B,H
12,16,28,0.428571429,H,H,H,H,H,H,H,B,H,H,H,H,H,H,H,H,H,B,B,H,H,H,H,A,A,A,A,B,H,A,A,A,A,B,H,B,H,H,H,B,B,B,B,H,H,A,A,A,A,H,H,H,H,H,H,H,H,H,B,B,B,H,H,H,H,H,H,H,H,A,A,H,B,B,B,B,B,B,B,B,B,H,H,H,H,H,H,H,H,H,H,H,H,B,B,H,H,H,H,H,H,B,B,B,H,H,B,H,H,H,H,H,H,H,H,H,H,H,H,A,H,H,H,H,H,H,H,H,B,B,B,H,H,H,H,A,A,A,A,A,A,A,A,A,A,A,A
13,15,28,0.464285714,A,A,A,A,A,A,A,A,A,H,H,H,H,H,H,H,H,H,H,H,H,H,A,A,A,A,A,H,H,A,A,H,H,B,H,H,H,H,H,H,A,A,A,A,A,A,A,H,H,H,A,A,H,H,H,H,B,B,B,B,B,H,A,H,H,H,H,H,A,B,B,H,H,H,B,H,H,H,H,H,H,A,A,A,A,A,A,H,H,H,H,H,H,B,B,B,B,B,H,H,H,A,A,A,B,H,H,H,H,H,B,B,B,B,B,H,A,A,A,H,H,H,H,H,A,A,A,A,B,B,B,B,H,H,H,H,H,B,B,B,B,H,H,H,H,H,H
13,16,29,0.448275862,H,H,H,H,H,B,B,H,A,A,A,A,A,A,A,A,H,H,H,H,H,A,A,A,A,A,A,H,H,H,B,B,H,H,H,B,H,H,A,H,H,H,H,H,H,H,H,H,H,H,A,A,A,A,A,H,H,H,H,H,H,H,A,H,H,A,A,A,A,H,B,B,H,H,B,B,B,B,B,B,B,A,H,H,H,H,H,A,A,A,A,A,A,B,B,B,B,H,H,H,H,H,H,A,H,H,H,H,H,H,B,B,H,H,A,A,A,H,H,H,B,B,H,H,A,A,A,A,H,H,H,H,H,H,A,A,A,A,A,A,A,B,H,H,H,A,A
13,15,28,0.464285714,H,H,H,B,B,B,B,H,H,H,A,A,A,H,A,A,H,H,H,H,H,H,H,H,H,A,A,B,B,H,H,H,H,B,B,B,A,A,H,H,H,H,H,H,H,H,H,H,H,H,H,H,H,H,B,B,B,H,H,H,H,H,H,H,A,A,A,A,H,A,H,H,H,A,H,H,H,H,H,H,H,H,H,H,H,B,H,H,H,H,H,H,H,B,B,B,H,H,H,H,H,H,H,H,B,B,B,B,B,B,H,A,A,A,H,H,A,A,A,H,B,B,H,H,H,H,H,H,H,H,H,H,H,A,H,H,H,H,H,H,H,H,H,H,H,A,A
13,16,29,0.448275862,H,H,B,B,B,B,H,B,B,B,B,B,B,B,B,B,H,H,H,H,B,B,H,H,H,B,B,A,A,A,A,A,H,H,H,H,A,A,H,A,A,A,H,H,H,H,H,H,A,A,B,B,B,B,B,B,B,H,H,H,H,H,H,B,B,A,A,A,A,B,B,B,B,B,H,H,H,H,H,B,B,H,H,H,H,H,H,H,H,H,H,H,H,A,H,H,H,H,H,H,H,A,A,A,H,H,H,H,B,H,A,A,A,A,A,H,H,H,H,H,B,B,B,B,H,H,H,H,H,A,A,A,H,H,H,H,A,A,A,H,H,H,A,A,H,H,H
13,16,29,0.448275862,H,H,H,A,A,A,A,H,A,A,A,A,A,A,A,A,A,A,H,H,B,B,B,H,H,H,H,A,A,A,H,H,H,B,B,B,B,B,H,H,H,H,H,H,B,A,H,H,B,B,H,A,A,A,A,A,H,B,B,B,A,A,A,B,B,H,A,A,A,H,A,H,B,B,H,H,B,B,B,B,H,H,H,A,A,A,H,H,B,B,B,B,B,B,B,B,H,A,H,H,B,B,B,B,H,H,H,H,B,B,A,H,H,H,H,H,H,B,B,H,H,H,H,H,H,H,H,H,B,B,B,B,H,H,H,H,B,B,B,B,B,H,H,A,H,H,H
12,15,27,0.444444444,B,H,H,H,H,B,B,H,H,H,A,H,H,H,H,H,B,B,B,B,H,H,A,A,A,A,A,B,B,B,B,B,B,H,H,H,H,B,H,H,H,H,H,H,H,B,B,B,B,B,H,H,B,B,B,B,H,B,B,B,B,H,H,A,A,A,A,A,H,H,H,H,A,A,B,B,B,B,B,B,B,H,H,H,H,H,H,H,H,H,H,A,A,H,H,H,H,H,H,B,B,H,H,H,H,H,H,H,H,H,H,H,H,H,B,H,H,H,B,B,B,B,H,H,H,H,H,H,A,A,A,A,A,A,B,A,A,A,A,A,A,B,B,B,B,B,B
13,16,29,0.448275862,H,H,H,H,A,H,H,B,H,H,H,H,H,H,H,H,H,H,H,H,A,A,A,A,A,A,A,A,A,A,A,A,H,B,B,B,B,H,A,A,A,A,A,A,A,B,B,B,H,H,H,H,H,H,H,H,H,H,H,H,H,H,B,H,A,A,A,A,A,H,A,A,A,A,H,B,B,B,B,B,B,A,A,A,A,A,H,H,H,H,H,A,A,H,H,H,H,H,H,A,A,A,A,H,H,H,H,H,H,H,A,A,A,H,H,A,A,A,H,B,H,H,H,H,H,H,H,H,B,B,H,H,H,H,H,A,A,A,A,H,H,B,B,B,H,H,H
12,16,28,0.428571429,H,B,B,B,B,B,B,B,B,H,H,H,H,A,H,H,H,H,H,A,H,B,B,B,H,H,H,H,B,B,B,B,H,H,H,H,H,H,B,B,B,B,B,B,B,A,H,H,H,H,H,H,H,H,H,H,B,H,H,H,H,H,H,A,H,H,H,H,H,H,H,H,B,H,A,A,A,A,A,H,H,H,H,B,B,H,H,H,B,B,B,B,B,A,A,H,B,B,H,H,H,H,H,H,A,A,A,H,H,H,B,B,H,H,H,H,H,H,H,H,H,H,H,H,A,A,A,A,H,H,H,H,B,H,A,H,H,B,B,B,B,H,H,H,H,H,H
13,15,28,0.464285714,H,H,B,B,B,B,B,H,A,A,A,A,B,B,A,A,H,H,B,B,B,H,A,A,A,A,A,B,B,B,B,B,B,H,H,H,H,H,H,B,B,B,B,B,H,H,H,A,A,H,B,B,B,B,B,B,B,B,H,H,H,B,B,H,B,H,H,H,H,H,H,H,H,H,H,H,H,H,H,H,H,H,H,H,H,B,A,A,A,A,A,A,A,B,H,H,H,A,B,B,H,H,H,H,H,H,H,B,H,H,H,H,H,A,A,B,B,B,H,A,A,A,A,A,A,A,A,A,B,H,H,A,A,A,H,B,B,B,B,B,B,H,H,H,H,A,H
13,16,29,0.448275862,H,H,H,H,H,A,A,H,H,A,A,A,A,A,A,A,A,A,B,B,B,B,B,H,H,H,H,H,B,B,B,B,B,H,H,H,A,A,H,H,H,H,H,H,H,A,H,H,H,H,A,A,H,H,H,H,B,H,H,H,B,B,B,H,B,B,B,B,B,B,H,H,H,H,H,H,B,B,B,H,H,H,A,A,A,A,H,H,H,H,H,H,H,A,H,H,H,H,H,H,H,H,H,H,A,A,A,A,A,A,H,H,B,B,B,H,H,H,H,A,H,H,A,A,H,H,H,H,H,H,H,A,H,H,A,A,A,A,A,A,A,H,A,A,A,A,A
13,16,29,0.448275862,H,H,A,H,B,B,B,A,A,A,A,A,H,H,H,H,H,H,H,B,H,A,A,A,H,B,B,A,A,A,A,H,H,A,A,A,H,B,H,H,A,A,A,A,H,H,H,B,B,B,H,H,B,B,B,B,B,A,A,A,A,H,B,A,A,A,A,A,A,B,B,B,B,B,A,A,H,H,A,A,A,H,H,A,A,A,A,A,A,A,A,A,A,H,H,H,A,A,H,A,H,H,B,B,H,A,A,A,A,A,H,H,H,H,H,H,H,H,H,B,B,B,H,H,H,H,H,H,H,B,B,B,B,H,H,H,H,H,B,B,B,A,A,A,A,A,A
13,16,29,0.448275862,B,B,B,B,B,B,B,H,H,H,H,B,B,B,H,H,H,B,H,H,H,H,B,H,H,H,H,H,A,A,A,A,H,H,B,B,B,H,H,B,B,B,B,B,B,H,H,H,B,H,H,H,H,H,H,B,B,A,A,A,A,A,A,B,B,H,H,A,A,H,H,H,H,H,B,H,H,H,H,H,B,B,H,H,H,A,H,H,H,H,H,H,H,H,H,H,H,A,H,H,H,A,A,A,H,H,H,A,A,A,B,B,B,B,B,H,H,H,H,B,H,B,B,B,H,H,H,H,B,B,H,H,H,H,A,H,H,H,B,B,B,B,B,B,B,H,H
13,15,28,0.464285714,H,H,A,A,H,H,B,H,H,H,H,H,H,H,H,H,H,H,H,H,H,H,B,B,B,B,B,H,H,H,H,H,H,H,H,H,H,H,H,H,H,B,B,B,B,A,H,H,H,H,B,B,B,B,B,B,B,B,B,H,H,A,A,H,H,H,H,H,A,H,B,B,B,B,A,A,A,A,H,H,H,B,B,B,B,B,A,H,H,H,H,H,H,H,H,B,B,H,H,H,H,H,H,A,H,H,H,H,H,H,B,H,H,H,H,B,B,B,B,H,H,H,H,H,A,A,A,A,B,B,B,H,H,H,B,B,B,B,B,B,H,B,B,B,B,B,B
13,15,28,0.464285714,H,H,H,H,H,B,B,B,B,B,B,B,B,B,B,B,H,H,H,H,A,A,A,H,H,H,B,H,H,H,H,H,H,H,H,B,H,H,B,H,A,A,A,A,H,H,A,A,H,H,A,A,A,A,A,H,H,A,A,A,H,H,B,H,H,A,H,H,H,A,A,A,A,A,H,H,B,B,B,H,H,H,A,A,A,A,H,A,A,A,A,H,H,H,H,H,H,H,H,H,H,A,H,H,H,H,H,H,H,B,B,B,B,B,H,H,H,H,H,A,H,H,H,H,H,H,H,H,B,B,H,H,A,A,A,H,H,H,H,H,H,A,A,H,H,H,H
13,16,29,0.448275862,A,A,A,A,A,A,H,A,A,A,A,H,H,H,H,H,H,H,H,H,H,H,H,A,A,A,A,H,H,H,B,B,B,H,H,H,H,H,H,H,H,H,H,B,B,H,H,H,H,H,A,A,H,H,H,H,H,H,H,H,H,H,H,H,H,A,A,A,H,H,B,B,B,B,H,H,H,H,H,H,H,A,A,A,A,H,H,H,H,H,H,H,H,B,B,B,H,H,H,B,B,B,B,B,A,A,A,A,H,H,H,H,H,H,H,H,A,A,H,H,H,H,H,H,H,H,A,A,A,A,H,B,B,B,H,H,H,H,H,H,H,H,H,A,H,H,H
13,16,29,0.448275862,B,B,B,H,H,H,H,B,A,A,A,A,A,H,H,H,H,A,H,H,A,A,A,H,B,B,B,H,H,A,A,A,H,A,A,A,A,A,H,H,H,H,H,H,A,H,H,H,H,H,A,A,A,A,A,A,A,H,H,H,A,A,H,H,H,H,H,H,A,B,B,B,H,H,A,A,A,H,H,H,H,H,H,H,H,B,B,B,B,B,H,H,H,H,H,H,A,A,A,A,A,A,A,A,B,B,H,H,H,H,B,H,H,H,H,H,H,H,A,A,H,H,H,B,B,B,H,H,B,B,B,B,H,H,A,A,A,A,A,A,A,A,A,H,H,B,B
13,17,30,0.433333333,A,A,A,A,A,A,A,A,A,A,A,A,A,A,A,A,A,A,A,A,H,H,H,H,H,B,B,B,B,B,B,B,B,A,A,A,A,H,A,H,H,H,H,H,H,B,H,A,A,A,H,H,H,H,H,H,H,H,H,H,B,B,H,A,A,A,A,A,A,B,H,A,A,A,B,B,B,B,B,B,B,B,H,H,H,H,H,B,B,B,B,B,B,B,B,B,B,B,B,B,H,H,H,A,A,A,A,A,A,A,B,B,B,B,H,B,H,H,H,H,B,B,B,B,B,B,A,A,A,A,A,A,A,A,H,H,H,H,H,H,H,H,H,A,H,H,H
13,15,28,0.464285714,H,H,H,H,H,H,H,H,H,H,H,H,H,H,B,B,B,B,B,B,B,B,B,H,A,A,A,H,H,B,B,B,B,H,A,A,A,A,H,H,H,H,B,B,B,A,A,A,A,A,A,A,H,H,H,H,H,A,A,A,A,A,H,A,A,H,B,B,B,A,A,A,H,H,A,A,H,H,H,H,H,A,A,A,B,B,H,H,A,A,A,A,A,H,H,H,H,H,A,A,H,H,H,H,A,A,A,A,A,H,H,H,H,H,H,H,H,H,H,H,A,A,H,H,H,A,A,A,B,B,H,H,H,H,H,B,B,B,H,H,H,H,H,H,H,H,H
13,16,29,0.448275862,B,B,H,A,A,A,A,H,H,H,H,H,A,A,H,H,B,B,B,A,H,H,H,H,B,B,B,B,B,B,B,B,B,A,A,H,B,B,H,H,A,A,A,A,H,A,A,A,A,A,A,A,A,A,A,H,B,B,B,B,B,B,B,A,A,A,A,A,A,H,H,B,B,B,H,H,H,A,A,A,A,B,B,B,A,A,H,H,A,A,A,A,A,H,H,H,H,A,H,H,H,H,H,H,B,B,H,H,H,H,A,A,A,A,H,H,H,H,H,H,A,A,A,A,A,A,A,A,H,H,H,H,H,H,A,A,A,A,A,A,A,H,H,H,H,H,A
12,17,29,0.413793103,H,B,B,B,B,H,H,H,H,H,H,B,B,B,A,A,H,H,H,H,H,H,H,A,A,A,A,H,H,H,H,H,H,H,H,B,B,H,B,B,B,H,H,A,A,B,H,H,H,H,H,H,H,H,A,A,A,A,A,B,B,B,B,H,H,H,H,H,B,B,B,B,H,H,H,H,A,A,H,H,H,H,A,A,A,H,B,B,H,A,A,A,A,H,H,H,A,A,H,H,H,H,H,H,B,B,H,H,H,H,H,H,H,H,H,B,B,B,B,H,B,H,H,H,H,A,A,A,A,H,H,H,H,H,B,H,H,A,A,A,A,H,H,H,H,H,H
13,15,28,0.464285714,B,B,B,H,H,H,H,H,A,H,H,H,H,H,B,B,B,B,B,H,B,B,B,B,B,B,H,A,A,H,H,H,H,H,H,A,A,H,H,H,H,A,A,A,A,H,H,H,H,A,A,A,A,A,A,A,A,B,B,B,H,H,H,H,H,A,A,A,A,B,B,B,B,B,A,A,A,A,A,A,A,H,H,H,H,A,A,A,A,A,A,A,A,B,B,B,H,H,B,B,H,H,H,A,H,H,H,H,H,H,B,H,H,H,H,H,H,H,H,H,H,H,H,B,H,H,H,H,A,A,A,A,A,A,B,B,B,B,H,H,H,H,H,H,H,H,H
12,17,29,0.413793103,H,B,B,B,H,H,H,H,A,H,H,H,H,H,H,H,A,A,A,A,H,H,H,H,H,H,H,A,A,A,A,A,A,B,H,H,H,A,H,H,H,H,H,H,H,H,H,H,H,H,B,B,B,B,H,H,H,B,B,B,B,B,B,A,A,H,H,H,H,H,H,H,H,H,A,A,A,A,A,A,A,A,A,H,H,H,B,B,B,B,B,B,H,H,H,B,H,H,B,B,H,H,A,A,A,A,A,A,A,A,B,B,H,H,A,B,B,B,B,B,H,H,H,H,H,H,H,H,A,H,H,H,H,B,B,B,B,B,H,H,A,A,A,H,H,H,H
12,15,27,0.444444444,H,H,H,H,A,A,A,H,H,B,B,B,B,B,H,H,H,H,H,H,B,B,B,H,A,A,A,H,A,A,H,H,H,B,B,B,B,H,H,H,H,A,A,A,H,A,A,A,A,H,H,H,H,H,H,B,H,H,B,B,H,A,A,B,B,B,B,B,B,A,A,A,H,H,A,H,H,H,B,B,B,H,H,B,B,H,B,B,H,H,H,H,A,B,B,B,H,H,H,H,H,H,B,B,H,H,H,H,H,A,B,H,H,H,H,A,H,H,H,H,A,A,A,A,H,H,H,H,H,B,B,B,B,B,B,B,B,B,H,H,H,B,B,B,H,H,H
12,16,28,0.428571429,H,H,H,H,H,B,B,H,H,H,A,A,A,A,H,H,B,B,H,H,B,B,B,B,B,B,B,H,A,A,A,A,H,H,H,H,H,B,H,B,B,B,H,H,H,A,A,A,A,A,A,A,H,H,H,H,H,B,B,B,B,B,A,H,H,H,H,H,H,H,H,B,B,H,B,B,B,H,H,H,H,A,A,A,A,A,B,B,B,H,H,H,H,B,B,B,B,H,B,B,B,B,H,H,A,A,A,A,A,H,A,A,A,A,A,B,B,B,B,H,H,H,H,H,B,H,H,H,H,H,B,B,B,B,H,B,B,H,H,H,H,H,H,H,H,B,B
12,16,28,0.428571429,B,B,B,B,B,B,H,B,B,B,B,H,H,H,H,A,H,H,H,H,B,H,H,H,H,H,H,A,A,H,H,H,H,B,B,H,H,H,H,A,A,A,A,A,A,H,H,H,H,A,H,B,B,B,B,H,H,A,A,H,H,B,B,H,H,A,H,H,H,A,A,H,H,B,H,H,H,A,A,A,H,H,H,H,H,H,A,A,A,A,A,A,A,A,A,A,A,A,H,H,H,H,B,B,H,H,H,H,H,H,A,H,H,H,H,A,H,H,H,B,A,A,A,H,B,B,B,B,A,H,B,B,B,B,B,B,B,B,H,H,H,A,H,H,H,H,H
13,16,29,0.448275862,H,A,A,A,A,A,H,B,B,H,H,H,H,A,H,A,A,A,A,A,B,B,B,B,B,B,B,H,H,H,H,H,H,A,A,H,H,H,A,H,H,H,H,H,H,A,A,A,H,B,H,H,H,H,H,H,H,A,H,H,H,H,H,B,B,B,B,B,B,A,A,A,A,A,A,A,H,B,B,B,B,A,H,B,B,B,H,H,H,H,H,H,A,H,H,B,B,B,H,H,B,B,B,B,A,A,A,A,A,H,H,H,H,H,H,A,A,A,A,A,A,A,A,A,H,H,H,H,B,B,B,B,H,H,B,B,B,H,A,A,A,H,B,B,B,B,B
13,15,28,0.464285714,H,H,A,A,A,A,A,B,B,B,B,B,B,B,H,B,H,B,B,B,B,B,B,B,B,B,B,A,H,B,B,B,B,B,B,B,B,B,H,B,B,B,H,H,H,A,A,A,A,A,A,H,H,H,H,H,B,A,A,A,A,A,H,H,H,H,H,H,H,B,B,H,H,H,H,H,H,B,B,B,B,H,A,A,A,A,B,B,H,H,H,H,H,H,B,B,H,H,A,A,A,H,H,H,B,B,B,H,H,H,H,H,H,H,B,H,B,B,B,B,B,B,B,B,H,H,H,H,H,H,H,H,H,A,H,B,B,B,B,B,B,H,H,H,B,B,B
12,16,28,0.428571429,H,H,H,H,A,A,A,A,A,H,H,B,B,B,H,B,B,B,B,H,A,A,A,A,A,A,A,H,H,B,B,B,H,B,B,H,H,H,H,A,A,A,A,A,A,A,A,A,A,A,H,H,H,H,H,B,B,A,A,H,B,B,B,H,H,H,H,H,B,B,B,H,A,A,H,H,H,A,A,A,A,B,B,B,B,H,H,H,B,B,B,B,B,H,H,H,B,B,A,A,A,H,B,B,H,H,H,A,A,A,A,A,H,H,H,H,B,B,B,H,B,H,H,H,H,A,A,A,B,B,B,B,B,B,H,H,H,H,H,H,A,H,H,H,H,H,A
12,15,27,0.444444444,H,H,H,A,A,A,A,B,B,B,B,H,H,H,H,H,H,H,H,A,H,A,A,A,A,A,H,B,B,B,H,H,H,H,H,H,A,A,H,A,A,A,A,A,A,H,H,H,H,H,A,A,A,H,H,H,H,H,B,B,B,B,B,B,B,B,B,B,B,A,A,H,H,H,A,A,A,A,A,A,H,A,A,A,A,H,H,H,H,H,H,A,A,B,B,H,H,H,H,H,A,A,A,A,A,A,A,H,H,H,H,H,H,B,B,A,A,A,H,H,H,H,H,H,A,A,A,A,H,H,A,A,A,A,A,A,A,A,H,A,H,H,H,H,H,H,H
13,16,29,0.448275862,B,H,H,H,A,A,A,H,H,H,H,H,H,H,A,A,A,A,A,A,H,H,H,H,H,H,H,H,B,B,B,B,B,A,A,A,A,A,B,B,B,B,B,B,B,A,A,H,H,H,H,H,H,H,H,H,H,H,H,H,B,B,H,B,B,H,H,H,A,H,H,B,B,B,H,H,H,H,H,H,A,A,H,H,H,H,H,H,H,H,H,B,B,B,B,B,A,A,H,H,A,A,A,A,H,H,H,H,H,H,H,H,H,H,A,A,A,A,H,H,A,A,A,B,B,B,B,B,B,B,B,B,B,H,H,H,H,H,A,A,A,B,B,B,B,B,B
13,16,29,0.448275862,A,A,H,H,A,A,A,H,H,H,H,H,H,H,A,A,A,A,A,A,H,H,H,B,B,B,B,H,H,A,A,A,H,H,H,H,A,H,H,H,H,H,H,H,H,H,A,A,A,A,A,H,H,H,H,H,B,H,H,H,H,H,H,H,H,B,B,B,B,H,H,H,H,H,B,B,B,B,H,H,A,H,H,B,B,B,H,H,H,A,A,H,H,H,H,H,H,H,H,H,H,A,A,H,B,B,H,H,H,B,A,A,A,A,H,H,H,H,H,B,B,B,H,A,A,A,A,A,B,B,B,H,H,H,H,H,H,H,H,H,H,A,A,A,A,A,A
13,16,29,0.448275862,A,H,H,H,H,H,H,A,A,A,A,A,A,A,A,H,B,B,B,H,H,H,H,B,B,H,H,H,H,H,H,H,H,H,H,A,A,A,A,H,H,H,H,H,B,H,B,B,B,B,A,A,A,A,H,H,H,A,A,A,A,A,A,H,H,H,A,H,H,H,H,B,B,H,B,B,B,H,H,H,H,H,H,H,H,H,H,A,A,A,A,A,A,A,A,A,A,A,H,A,H,H,H,H,H,H,H,A,A,H,H,H,H,H,H,H,H,H,H,H,H,H,H,B,B,H,H,H,H,H,H,H,H,H,H,H,H,H,A,A,A,B,B,B,B,B,B
13,16,29,0.448275862,B,H,H,A,A,A,H,A,A,A,A,A,A,H,B,B,B,H,H,A,A,A,H,H,H,H,B,H,H,A,A,A,A,H,H,H,B,H,A,A,A,A,A,A,H,H,H,H,A,A,B,B,B,B,H,H,H,H,H,H,H,H,H,H,H,H,H,H,H,H,H,H,H,B,H,H,H,H,H,H,H,H,H,H,H,H,H,H,H,H,H,H,H,B,B,H,H,H,B,B,B,B,B,B,A,A,A,H,H,H,H,H,H,H,H,B,B,B,B,H,H,H,H,H,H,H,H,H,H,H,H,H,A,A,H,A,A,A,H,H,H,B,H,H,H,H,H
12,15,27,0.444444444,A,A,H,H,B,B,B,A,A,A,A,A,A,A,H,B,B,B,B,B,B,B,B,B,B,B,H,B,B,H,H,A,A,B,B,H,H,H,B,B,B,B,B,B,H,A,A,A,H,B,H,B,B,B,B,B,B,B,B,B,B,B,H,A,A,H,H,H,H,H,B,B,B,B,B,B,H,H,H,H,H,H,H,H,H,H,B,H,H,H,H,H,H,A,A,A,H,H,A,A,A,A,A,A,H,H,H,H,H,H,A,A,A,A,A,A,B,B,B,B,A,A,A,H,H,H,H,H,B,B,H,H,H,H,H,H,H,H,H,H,H,H,H,H,A,A,A
13,15,28,0.464285714,H,H,H,A,A,A,A,B,H,H,H,H,H,H,B,B,H,H,H,A,A,H,H,H,H,H,H,H,B,H,H,H,H,H,B,B,H,H,B,B,H,H,H,H,H,H,H,A,A,A,H,A,A,A,A,A,A,B,H,H,H,A,A,H,H,H,H,H,B,H,H,H,H,H,H,B,B,B,B,B,B,B,H,H,H,A,A,A,A,A,H,H,H,A,H,H,H,H,B,B,B,B,B,B,H,H,H,H,H,H,A,A,A,A,H,A,A,A,A,A,B,B,B,H,H,H,H,H,H,H,H,H,A,A,A,A,A,A,A,A,A,A,H,H,H,H,H
12,17,29,0.413793103,B,B,B,B,B,B,B,H,B,B,H,H,H,H,B,B,B,B,H,H,H,B,B,B,B,B,B,A,A,H,H,H,H,H,H,A,A,A,B,B,B,B,B,B,H,H,H,H,A,A,H,H,H,H,H,B,B,H,H,H,A,A,H,B,B,H,H,H,H,H,A,A,H,H,H,H,H,H,H,A,A,A,H,H,H,B,H,H,H,H,H,H,H,H,H,B,B,H,H,H,H,H,H,H,H,H,H,H,H,A,B,B,B,B,B,B,H,H,H,H,H,H,A,H,H,H,H,H,H,H,B,B,B,B,H,H,A,A,H,H,H,B,B,B,H,H,H
13,16,29,0.448275862,H,A,A,A,A,H,H,H,H,B,B,H,A,A,H,H,B,B,H,H,A,A,H,H,H,H,H,H,B,B,B,B,B,B,B,B,B,H,B,H,H,H,H,H,H,B,B,B,B,H,A,A,A,A,A,A,H,H,A,H,H,H,H,B,B,H,H,H,H,B,H,H,H,A,H,H,H,H,H,H,H,H,H,H,H,H,A,H,H,H,H,H,H,H,B,B,B,H,B,B,B,H,A,A,B,B,B,H,H,H,B,B,B,H,A,B,B,B,B,B,H,H,H,B,B,B,B,B,H,H,H,H,H,H,B,B,H,A,A,A,A,H,H,H,B,B,B
13,16,29,0.448275862,H,H,H,H,A,H,H,B,H,H,H,H,A,A,H,A,H,H,H,H,A,A,H,H,H,A,H,B,H,H,B,B,B,A,H,H,H,B,H,H,H,B,B,B,B,H,B,B,B,B,H,H,H,H,H,H,H,A,A,A,A,A,A,H,H,B,B,B,B,H,H,H,B,B,A,A,A,A,A,A,A,H,H,H,H,B,A,A,A,H,H,H,H,H,H,H,B,B,A,A,H,H,H,H,H,H,H,H,B,B,H,H,H,B,B,A,H,H,H,B,B,B,H,H,H,H,H,H,H,H,H,H,H,A,A,A,A,A,H,H,H,B,B,H,H,H,H
12,16,28,0.428571429,B,H,H,H,H,H,H,H,H,H,H,A,A,H,A,A,H,H,H,H,H,H,H,H,A,A,A,A,A,A,A,H,H,B,B,B,B,B,A,A,A,A,A,A,A,H,A,A,H,H,B,H,H,H,H,A,A,H,B,B,B,H,H,H,B,B,B,B,B,B,H,H,A,A,H,H,H,H,H,H,H,H,H,H,H,B,H,H,H,H,H,H,H,H,B,B,B,H,H,H,H,H,H,H,H,H,B,B,B,B,A,A,A,H,H,B,B,H,A,A,H,H,H,H,B,B,B,B,A,A,H,H,H,H,A,A,H,H,H,B,B,H,H,H,H,H,H
12,16,28,0.428571429,H,H,H,H,H,H,A,H,H,H,H,B,H,H,A,A,A,A,H,H,A,H,B,B,B,B,B,H,H,A,A,H,H,A,A,A,A,A,H,H,B,B,B,B,B,A,H,H,B,B,H,H,H,H,H,B,B,B,B,B,H,A,A,B,B,B,B,H,H,H,H,H,H,H,B,H,H,H,H,H,H,H,H,A,A,A,H,H,H,H,H,H,H,A,H,H,A,A,H,H,H,H,B,B,A,A,A,A,A,H,B,B,H,H,A,H,H,H,H,H,H,H,H,H,A,A,A,A,H,A,A,A,A,H,B,B,B,B,B,B,H,H,H,H,H,H,A
12,16,28,0.428571429,B,B,B,B,B,B,B,A,A,A,A,H,H,H,B,B,B,B,B,H,H,H,H,A,A,A,A,H,H,B,B,B,H,B,B,B,B,B,H,H,H,H,H,H,A,A,A,H,H,H,B,B,H,H,H,H,H,A,A,A,H,B,B,H,H,H,H,H,H,A,A,A,A,A,H,H,H,H,H,H,A,H,H,H,H,H,H,A,A,H,H,H,H,A,A,A,H,B,B,B,B,H,H,A,H,A,A,A,A,A,H,H,B,B,B,H,H,H,H,H,H,H,A,A,A,A,A,A,A,A,A,A,H,H,A,A,A,H,H,H,H,H,H,H,B,B,B
13,16,29,0.448275862,H,H,A,A,A,H,B,A,H,H,H,H,H,H,H,H,H,H,H,H,H,H,H,H,H,H,A,H,B,B,B,B,H,A,H,H,H,B,H,B,B,B,B,H,H,B,B,B,B,B,A,A,A,A,A,A,H,H,H,H,B,B,B,H,H,A,A,A,A,H,B,B,H,H,A,A,A,A,H,H,H,B,B,B,H,H,H,H,B,B,B,H,H,H,H,H,B,B,H,H,H,A,A,A,H,H,H,B,B,B,H,H,A,A,A,H,H,H,H,H,H,H,H,H,H,H,H,A,H,H,H,H,H,H,A,A,A,A,A,A,A,H,H,A,A,A,A
13,16,29,0.448275862,H,B,B,B,B,B,B,H,A,A,A,H,H,H,H,H,H,H,H,H,B,B,B,H,H,H,H,B,B,B,H,H,H,H,H,H,B,B,B,H,H,H,H,H,A,A,A,A,A,B,A,A,A,A,H,H,B,H,H,H,B,B,B,B,B,H,H,A,A,H,H,H,H,H,A,A,A,A,A,A,A,A,A,H,H,H,B,B,H,H,H,H,H,H,A,A,A,H,H,H,H,H,A,A,B,B,H,H,H,H,H,H,H,H,H,A,A,A,A,A,A,A,A,H,H,H,H,H,A,A,A,A,A,A,A,A,A,A,A,A,H,H,H,H,H,H,H
13,16,29,0.448275862,B,B,B,B,B,H,H,H,H,H,H,H,H,H,H,H,H,B,B,H,H,H,H,H,H,H,H,B,B,B,B,B,B,H,H,B,B,B,H,H,B,B,H,H,H,H,A,A,H,H,B,H,H,H,H,H,H,B,A,A,A,A,A,H,B,B,B,H,H,H,H,B,B,B,H,H,H,H,B,B,B,H,A,H,H,H,B,B,B,H,H,H,H,B,H,H,H,H,B,B,B,B,B,B,B,B,B,B,H,A,H,H,H,H,H,H,A,A,H,H,H,H,H,H,H,H,H,H,B,H,H,H,A,A,H,H,H,B,B,B,B,B,B,B,B,B,H
12,16,28,0.428571429,H,B,B,B,B,B,H,A,A,A,A,H,H,B,H,H,B,B,B,H,A,A,A,H,H,H,B,A,A,H,H,H,H,A,H,H,H,H,H,H,H,H,H,H,B,A,A,A,H,B,A,A,A,A,A,A,A,B,B,B,H,H,H,H,H,H,H,A,A,B,B,H,H,H,H,H,H,H,H,H,H,B,B,H,H,H,H,H,H,H,H,H,H,B,H,A,A,A,A,A,H,B,B,B,H,H,A,A,A,A,H,H,H,H,H,A,H,H,H,B,A,A,A,A,A,A,A,A,H,H,A,A,H,H,B,B,H,H,H,A,A,H,A,A,H,H,H
13,16,29,0.448275862,B,H,H,A,A,A,A,H,H,H,H,A,A,A,H,H,B,B,H,H,B,B,B,B,B,B,H,B,B,B,B,B,B,A,A,A,A,H,B,B,B,B,B,B,B,B,B,B,H,H,H,H,H,A,A,A,A,H,H,H,H,H,H,H,H,H,H,B,B,B,B,B,B,B,A,A,H,H,H,H,H,H,H,H,H,H,H,H,H,H,H,H,H,H,A,H,H,B,B,B,B,B,B,B,A,A,A,A,A,A,A,A,H,H,B,H,H,B,B,B,H,H,H,H,H,H,H,B,H,A,A,A,A,A,A,A,A,A,A,A,A,H,H,H,H,H,H
12,16,28,0.428571429,H,B,B,B,H,B,B,A,A,A,A,A,H,H,H,B,B,B,B,B,A,A,A,H,H,H,H,H,A,A,H,H,H,B,B,B,B,B,H,H,B,B,B,B,B,B,B,B,H,A,H,B,B,H,H,H,H,B,B,B,B,B,B,H,H,H,H,H,H,H,H,H,A,A,H,H,A,A,A,A,A,A,A,H,H,H,H,A,H,H,H,H,H,B,H,H,B,B,H,A,A,H,H,H,H,H,A,A,A,A,A,A,H,H,H,H,H,H,H,A,H,H,H,H,H,A,A,A,H,H,B,B,H,H,B,B,B,B,H,H,H,H,H,H,H,H,H
12,16,28,0.428571429,H,B,H,H,H,H,B,H,B,B,B,H,H,H,H,B,B,H,H,H,A,H,H,H,A,A,A,H,H,A,H,H,H,H,H,H,H,A,H,B,H,H,H,H,A,B,B,B,B,B,H,H,H,H,B,B,B,H,H,H,H,H,B,B,B,B,B,B,B,B,B,B,B,B,A,A,H,H,H,H,B,A,A,A,A,A,H,H,H,H,H,H,H,A,H,H,H,H,A,A,H,H,H,B,H,H,H,H,H,B,B,B,B,B,B,B,B,B,B,B,H,H,B,B,B,H,H,H,A,A,A,A,A,A,H,H,H,H,H,H,H,B,B,B,B,B,B
12,17,29,0.413793103,A,A,A,A,A,A,A,A,A,A,A,A,A,H,B,B,B,B,B,H,H,H,H,H,B,B,B,H,A,A,A,H,H,H,A,A,A,H,A,A,H,H,H,H,H,A,B,B,B,B,H,B,B,B,B,B,B,H,H,B,B,B,B,B,H,H,H,H,H,H,H,H,H,H,A,A,A,H,H,H,B,B,B,H,H,A,B,B,H,H,H,H,H,A,A,A,H,H,B,B,B,B,B,B,B,B,H,H,H,A,H,H,B,B,H,H,H,H,H,H,B,B,B,B,H,H,H,H,B,B,H,H,H,H,H,H,A,A,A,A,H,H,H,H,A,A,A
13,16,29,0.448275862,B,B,B,B,B,H,H,H,A,A,A,A,A,A,H,H,H,H,H,H,H,H,H,H,H,B,B,H,H,H,H,H,H,B,H,H,H,H,H,H,H,B,B,B,B,H,H,H,H,H,H,A,A,A,A,H,H,H,H,H,A,A,H,H,H,H,H,H,H,H,H,H,H,H,B,B,H,H,H,H,H,B,B,B,B,B,H,H,H,H,H,H,A,B,B,H,H,H,B,B,H,H,H,H,H,H,H,H,A,A,H,H,H,H,A,H,H,H,H,B,H,A,A,H,H,H,H,H,B,B,B,B,B,B,B,B,B,B,B,B,B,H,H,H,H,A,A
12,16,28,0.428571429,B,B,B,B,B,B,B,H,H,H,A,A,A,A,A,A,A,H,B,B,B,B,H,H,H,H,H,A,H,H,H,H,H,B,B,B,B,H,H,H,B,B,B,B,B,H,H,H,H,B,A,A,A,H,H,H,H,B,B,B,B,H,H,H,H,H,H,H,H,A,H,H,H,H,A,A,A,A,A,A,A,A,H,H,H,B,H,H,H,H,H,H,H,H,A,A,A,H,H,H,H,H,H,H,H,H,H,H,B,B,H,B,B,B,B,H,H,A,A,A,H,H,H,H,B,B,B,B,A,A,A,A,H,H,A,H,H,H,H,H,H,A,H,H,H,H,B
12,16,28,0.428571429,H,B,B,B,H,H,H,A,H,B,B,B,B,B,B,B,B,B,B,B,B,B,B,B,B,B,B,H,H,B,B,H,H,B,B,B,B,B,H,A,A,A,A,A,A,A,A,A,A,A,H,H,H,H,H,H,H,H,H,H,H,H,B,H,H,B,B,B,H,H,H,H,B,B,B,H,H,A,A,A,A,B,B,B,B,H,A,A,A,A,A,A,A,A,A,A,A,A,H,B,B,H,H,H,H,A,A,A,A,H,H,H,H,B,H,H,H,H,B,B,A,A,A,H,H,H,H,H,B,B,H,H,H,H,B,B,B,B,B,B,B,A,A,A,A,A,A
14,16,30,0.466666667,H,H,A,H,H,H,H,H,H,H,A,A,A,A,H,H,A,A,A,H,B,B,H,H,H,H,H,A,A,A,A,A,A,B,B,B,H,H,B,H,H,H,H,H,A,H,H,H,H,H,H,H,H,B,B,B,B,H,H,H,B,B,B,A,H,H,H,H,H,B,B,H,H,H,H,H,H,H,H,H,H,A,H,H,H,H,H,H,H,H,H,A,A,H,H,B,B,B,B,B,B,H,H,A,H,H,H,H,H,H,A,A,A,A,A,H,H,H,H,A,H,H,H,H,B,H,H,H,H,H,H,H,H,H,A,A,A,A,H,B,B,B,H,H,A,A,A
12,16,28,0.428571429,B,H,H,H,A,A,A,H,H,H,B,B,H,H,B,B,B,B,B,B,A,A,A,A,A,A,A,H,H,H,H,H,A,H,B,B,B,B,B,B,B,B,B,B,B,A,H,H,H,H,H,A,A,A,A,A,H,A,H,B,B,B,B,B,B,B,B,B,B,H,H,H,A,A,H,H,H,H,H,H,H,H,H,H,H,A,A,A,A,A,H,B,B,A,A,H,H,H,H,H,B,B,B,H,H,H,H,H,H,H,H,H,H,B,B,B,B,H,H,A,A,A,A,H,H,H,H,H,H,B,B,B,B,H,H,H,H,B,H,H,H,H,H,B,B,H,H
13,17,30,0.433333333,A,A,A,A,A,A,H,H,H,A,A,H,H,H,H,H,H,H,A,A,A,H,H,H,H,H,H,H,H,H,H,H,B,A,A,A,A,H,H,H,H,H,H,H,H,H,H,H,H,A,B,B,B,B,B,H,H,A,A,A,A,A,A,B,B,H,H,A,A,H,H,B,B,B,B,B,H,A,A,A,A,H,H,H,H,H,A,A,H,H,H,H,H,A,A,A,A,H,H,H,B,B,H,H,H,H,H,H,H,H,H,H,H,H,H,B,H,H,H,A,H,H,H,H,B,B,B,B,H,H,H,H,A,A,B,B,B,B,B,B,H,H,H,H,H,H,B
13,14,27,0.481481481,H,B,B,B,B,H,H,B,B,H,H,A,A,A,H,H,H,H,H,H,B,H,H,H,H,H,A,H,H,H,B,B,B,B,B,B,B,H,H,H,H,H,H,H,H,H,H,B,B,B,B,B,B,B,H,H,H,B,B,H,H,A,A,B,B,B,B,B,B,B,B,H,H,A,A,A,H,H,B,B,B,H,A,A,A,A,A,A,A,A,A,A,A,H,H,H,H,A,A,H,H,H,H,B,H,H,H,A,A,A,H,H,H,H,H,H,H,H,H,H,H,H,H,H,H,H,H,H,B,B,B,B,H,H,H,H,H,H,H,H,H,B,B,B,B,B,H
12,17,29,0.413793103,H,B,B,B,B,B,H,A,H,H,H,H,H,H,H,H,H,H,H,H,B,B,B,B,B,B,B,H,B,B,B,B,B,B,B,B,B,H,A,H,H,H,H,H,B,H,H,H,B,B,B,H,H,H,H,H,H,H,H,B,H,H,H,A,A,H,H,H,H,B,H,H,A,A,B,B,B,B,H,H,H,A,H,H,H,B,H,H,H,H,H,H,H,H,H,H,H,B,B,B,H,H,H,H,A,A,A,A,A,A,A,A,A,A,H,H,A,A,A,H,B,H,H,A,A,A,A,A,A,A,H,H,H,H,B,B,B,B,B,H,H,H,H,H,H,H,H
13,16,29,0.448275862,A,A,A,A,H,H,H,B,H,A,A,A,A,A,A,A,A,A,A,A,H,H,H,H,A,A,A,H,B,B,B,B,B,H,H,H,H,H,A,A,H,H,H,H,H,A,H,B,B,B,A,A,A,A,A,A,A,H,B,B,H,H,H,B,B,B,B,B,H,H,H,B,B,H,A,A,A,A,A,A,A,B,B,H,H,A,A,A,A,A,A,A,H,H,H,H,B,H,H,A,A,A,A,H,A,A,A,A,A,A,H,H,H,A,A,A,A,H,B,B,H,H,H,H,H,H,H,H,H,H,H,H,H,B,A,H,H,H,H,H,H,B,B,B,B,B,B
13,17,30,0.433333333,A,A,A,A,H,H,H,H,A,A,A,H,H,H,B,B,H,H,H,H,H,H,H,H,H,H,A,H,H,H,H,A,H,H,H,B,B,H,A,H,H,H,H,H,H,H,H,H,A,A,H,H,H,H,H,H,H,A,H,H,H,H,H,B,B,B,B,H,A,H,B,B,B,B,B,B,B,H,H,H,H,H,H,H,H,B,B,B,B,B,B,B,B,A,A,A,A,A,H,A,A,A,A,A,A,A,A,A,A,A,H,H,B,B,B,H,H,H,H,H,H,H,H,H,H,H,H,A,H,H,H,H,A,A,B,B,B,H,H,H,H,H,B,B,H,H,H
13,16,29,0.448275862,B,B,B,B,H,H,H,H,H,A,A,A,A,A,B,B,H,H,A,A,B,B,B,B,B,B,H,B,A,A,H,H,H,H,H,H,H,H,B,B,B,B,B,B,B,H,B,B,B,B,B,B,B,B,B,B,B,H,H,H,H,H,B,A,A,A,A,A,A,B,B,B,B,B,H,H,H,A,A,A,A,A,H,H,H,B,A,A,A,A,A,A,A,H,H,H,H,H,A,H,H,H,H,H,H,H,H,H,H,H,B,B,B,B,B,B,H,H,H,A,H,H,H,H,H,H,H,H,A,H,H,H,H,H,B,H,H,H,A,A,A,A,H,H,H,H,H
13,16,29,0.448275862,H,H,H,A,A,A,A,A,H,H,H,H,A,A,B,B,B,B,H,H,H,B,H,H,H,H,A,A,A,A,H,H,H,B,H,H,H,A,B,B,B,B,B,B,B,A,A,A,A,A,H,H,H,H,H,H,H,B,B,H,H,H,A,H,H,H,H,H,H,H,H,A,A,A,A,A,A,A,A,A,A,H,A,A,A,A,H,B,B,B,B,B,B,H,H,H,H,H,H,H,H,H,H,H,A,A,A,H,H,H,B,B,B,H,H,B,H,H,H,A,B,B,B,B,B,B,B,B,A,A,A,A,A,A,A,H,H,H,B,B,B,B,B,B,B,B,H
12,17,29,0.413793103,A,A,A,A,A,A,H,H,H,H,H,H,H,H,H,H,H,H,H,H,H,H,H,H,A,A,A,A,A,A,H,H,H,B,B,H,H,H,A,A,A,A,A,H,A,H,B,B,B,B,H,H,H,H,H,A,A,H,H,H,B,B,H,H,H,H,H,H,H,A,H,H,A,H,H,H,H,H,H,H,H,H,A,A,A,A,H,H,B,B,B,B,B,A,A,H,H,B,H,A,A,A,A,A,H,H,B,H,H,H,A,A,H,H,H,B,H,H,H,A,H,H,H,H,H,A,A,A,H,H,H,H,H,H,H,H,H,H,H,H,H,A,A,A,A,A,H
13,16,29,0.448275862,H,H,H,H,H,H,H,B,B,B,B,B,H,H,H,H,H,H,A,A,H,H,H,B,H,H,H,H,H,H,H,H,H,B,B,B,H,H,B,B,B,B,B,B,B,A,H,H,H,H,H,H,H,H,H,H,A,H,H,H,A,A,H,H,H,H,H,H,H,A,H,B,B,B,A,A,B,B,B,H,H,H,H,H,A,A,H,B,H,H,H,H,H,H,H,A,H,H,B,B,B,B,B,B,B,B,B,B,B,B,A,A,A,H,B,H,B,B,B,B,B,B,H,A,A,A,A,A,H,B,B,B,B,B,H,H,B,B,B,B,B,A,A,A,A,A,H
14,16,30,0.466666667,B,B,B,H,H,A,A,H,H,H,H,H,H,H,A,A,A,H,H,H,H,H,H,H,H,H,H,H,B,B,B,B,B,A,H,H,H,B,H,H,H,H,H,H,H,H,H,H,H,H,B,B,H,H,A,A,A,H,H,H,H,H,A,H,H,H,H,H,H,B,A,A,A,A,A,A,A,A,A,H,H,H,H,B,B,B,H,H,H,H,H,A,H,B,B,H,B,H,H,B,B,B,B,H,B,B,B,B,B,B,H,H,H,B,B,A,A,A,A,H,H,H,A,H,H,H,H,H,H,A,A,A,A,A,A,A,A,A,A,A,H,A,A,A,H,H,H
13,15,28,0.464285714,H,B,B,B,B,B,H,H,H,H,H,B,B,H,H,H,H,A,A,A,A,A,A,A,A,A,H,A,A,H,H,B,B,H,H,H,H,A,H,H,H,H,H,H,H,H,B,B,B,B,B,B,B,B,B,B,H,H,H,H,H,A,H,H,H,H,H,H,H,A,H,H,H,H,H,H,H,H,H,B,B,H,H,A,A,A,H,H,H,A,A,H,H,A,H,H,H,H,A,A,A,H,H,H,H,H,H,H,H,A,B,H,H,H,H,A,A,A,A,H,H,H,H,B,B,B,B,B,H,H,H,H,H,H,H,H,H,H,H,H,H,H,H,A,H,B,B
13,16,29,0.448275862,A,A,A,A,A,H,H,H,A,A,A,A,A,A,A,A,H,B,B,B,A,A,H,H,H,H,B,A,A,A,A,H,H,H,A,A,A,H,A,A,H,H,H,H,H,A,A,A,A,A,H,H,H,H,H,H,H,H,H,H,H,H,H,A,A,A,A,A,A,A,H,H,H,B,A,A,A,A,H,H,H,H,H,A,A,A,H,H,H,B,B,B,B,H,H,H,H,H,H,B,B,B,B,B,H,H,A,A,A,A,A,A,H,H,B,B,B,H,H,H,A,A,A,H,H,H,H,H,H,H,H,H,H,H,H,B,B,B,B,B,B,A,A,A,H,H,B
12,16,28,0.428571429,H,H,H,H,B,B,A,A,A,A,A,A,A,A,H,H,B,B,H,H,B,B,H,H,H,H,A,H,H,H,H,H,B,H,H,H,H,H,H,H,H,B,B,B,H,H,H,H,H,H,H,H,A,A,A,A,A,B,B,B,H,H,H,H,A,H,H,H,H,A,B,B,B,B,B,B,H,H,H,H,H,H,A,A,A,A,A,A,H,H,H,H,B,B,B,B,B,H,A,A,H,H,H,H,H,H,H,H,H,H,A,A,A,A,H,H,H,H,A,A,H,H,B,B,B,H,H,H,H,A,A,A,A,A,A,A,A,A,A,A,A,H,B,B,B,B,H
13,16,29,0.448275862,A,A,H,B,B,B,B,H,H,A,H,H,H,H,H,B,H,H,H,H,A,A,A,A,A,A,A,B,B,B,B,B,B,H,H,H,H,A,H,H,B,B,B,B,B,A,A,H,H,B,H,H,H,H,H,H,H,H,H,H,A,A,H,B,B,B,H,H,H,H,H,H,B,B,H,H,H,H,A,A,A,B,B,B,B,H,H,H,H,H,H,H,H,B,H,H,A,A,H,A,A,A,H,H,B,B,H,H,H,H,H,H,H,H,H,B,B,B,B,H,B,B,B,H,H,H,H,H,A,H,H,H,H,H,B,B,B,H,H,H,A,A,A,A,H,H,B
13,15,28,0.464285714,B,B,H,H,H,H,H,B,B,B,B,B,H,A,H,H,H,H,H,H,B,H,H,H,H,H,H,A,A,A,A,A,A,B,H,H,H,H,H,H,B,B,H,H,H,H,H,H,B,B,A,A,H,H,H,B,B,B,B,B,B,H,H,H,H,H,H,A,A,H,H,H,A,A,H,H,H,A,A,A,A,B,H,H,H,H,B,B,H,H,H,A,A,B,H,H,H,H,B,H,H,H,A,A,B,B,B,H,H,H,B,H,A,A,A,H,H,B,B,H,H,H,B,B,H,H,H,H,H,B,B,B,H,H,A,A,H,H,B,B,B,A,A,A,A,A,B
13,15,28,0.464285714,H,H,H,H,H,H,A,B,B,B,B,B,H,H,A,H,H,H,H,H,A,A,H,H,H,H,H,B,B,B,B,B,B,B,B,B,H,H,A,H,H,H,B,B,B,B,B,B,B,B,H,H,H,H,H,H,H,B,B,H,H,H,H,A,A,H,H,H,H,B,H,H,H,H,H,H,H,B,B,B,B,H,H,H,A,A,H,H,H,B,B,B,B,H,B,B,B,B,B,B,B,H,H,H,A,A,A,H,H,H,B,B,H,H,A,A,H,H,H,H,H,H,H,B,B,B,B,B,H,H,H,H,H,H,B,B,B,H,H,H,H,H,H,H,H,H,H
13,16,29,0.448275862,A,A,A,A,H,H,H,H,B,H,H,H,H,H,H,H,H,H,H,H,B,B,B,B,B,B,B,H,H,H,H,H,H,B,B,B,B,B,A,A,A,H,H,H,B,H,H,H,H,A,A,A,A,A,A,A,H,H,H,H,H,H,B,H,H,H,H,H,H,B,H,H,H,H,B,B,B,B,B,B,B,A,H,H,H,H,H,H,H,H,H,A,A,H,H,H,H,B,A,A,A,A,A,H,A,A,A,A,A,A,B,B,B,B,B,H,H,H,H,H,B,B,B,B,H,H,H,H,H,H,A,A,A,A,A,A,A,A,A,A,A,B,B,B,B,B,B
13,16,29,0.448275862,A,A,A,A,A,A,A,H,B,H,H,H,H,H,H,H,B,B,B,B,H,H,H,H,H,H,B,B,H,H,H,H,H,A,H,H,B,B,H,H,B,B,H,H,H,H,B,B,B,B,A,A,A,A,A,A,A,B,B,H,H,A,A,H,H,H,H,H,H,H,B,B,B,B,H,H,H,H,H,H,H,A,H,H,H,H,H,H,A,A,A,A,A,B,B,B,B,B,H,H,B,B,B,B,H,B,B,B,B,B,A,A,A,A,A,H,H,H,H,B,H,H,H,H,H,H,H,H,A,A,A,A,A,A,H,H,H,H,H,H,H,B,B,B,H,H,H
13,16,29,0.448275862,A,A,A,A,A,H,H,H,B,B,B,B,B,B,B,B,B,B,B,H,A,H,H,B,B,B,B,A,A,A,A,A,A,A,A,A,A,A,H,A,A,A,A,A,A,H,H,H,H,H,H,H,H,H,H,H,A,A,A,A,H,H,H,H,H,H,H,H,H,B,B,B,H,H,A,A,H,H,A,A,H,H,H,H,H,H,B,B,B,B,B,H,H,H,H,H,H,A,A,A,A,A,H,H,A,A,A,A,H,H,B,B,B,B,H,A,A,A,A,A,H,H,H,B,B,B,B,H,A,A,H,H,H,H,A,H,H,H,H,H,H,A,A,A,A,A,A
13,16,29,0.448275862,H,H,H,B,B,A,A,B,H,H,H,H,A,A,B,B,B,B,B,B,A,A,A,H,H,H,H,B,H,H,H,H,H,H,H,H,H,H,H,A,A,A,A,A,A,H,H,H,H,H,H,H,H,H,H,A,H,H,H,H,B,B,B,H,H,H,H,A,A,H,B,B,H,H,A,A,A,A,H,H,H,B,B,H,H,H,A,A,A,A,A,A,A,H,H,H,H,H,A,H,H,H,H,H,H,B,B,B,B,B,H,H,H,B,B,H,H,H,H,H,H,H,B,B,B,H,H,H,H,A,A,A,A,A,H,A,A,A,A,A,A,B,B,B,B,H,H
13,16,29,0.448275862,H,A,A,A,A,H,H,H,H,H,H,A,A,A,H,H,H,H,H,H,A,H,H,H,H,H,H,H,H,B,B,B,B,H,H,H,H,H,H,A,A,A,A,H,H,A,H,H,H,H,A,A,A,A,A,H,H,H,H,H,H,H,H,H,H,H,H,A,A,B,H,H,H,H,H,H,H,H,H,H,H,H,A,A,A,A,H,H,H,A,A,A,A,H,H,H,H,B,H,H,H,A,A,A,A,A,H,H,H,H,H,H,B,B,B,H,A,A,A,A,H,H,H,H,B,B,B,B,H,H,B,B,H,H,H,H,H,H,B,B,B,B,B,B,B,H,B
12,16,28,0.428571429,B,B,B,B,B,B,H,H,H,H,H,H,H,H,H,H,H,H,H,H,A,A,A,A,A,A,A,H,H,H,H,B,B,B,B,B,B,H,A,A,A,A,A,A,A,B,H,H,H,H,H,H,B,B,H,A,A,B,B,B,B,B,B,A,A,A,A,A,A,A,A,A,H,H,H,H,H,H,B,B,B,B,B,B,H,H,H,H,B,B,B,B,B,B,B,H,H,H,B,H,H,H,H,H,H,H,H,H,H,B,B,B,B,H,A,H,H,H,B,B,B,B,B,B,B,B,H,H,B,B,B,B,B,H,H,H,A,A,A,A,H,B,H,H,H,H,A
13,17,30,0.433333333,H,A,A,A,A,A,A,B,H,H,H,H,H,H,H,A,A,A,A,A,B,B,B,B,B,B,B,H,H,H,H,H,B,B,B,B,B,B,A,A,A,A,A,A,H,B,H,A,A,A,H,H,H,H,H,A,A,A,A,A,A,A,A,B,B,B,B,H,H,B,B,B,H,H,H,H,H,A,A,A,A,B,B,B,B,B,B,B,B,B,B,B,B,B,H,H,B,H,A,H,H,H,H,H,H,H,A,A,A,A,B,B,B,B,B,H,A,A,A,A,H,H,H,H,H,B,H,H,B,B,B,B,B,B,A,H,H,H,H,H,H,B,H,H,H,H,H
12,16,28,0.428571429,B,B,H,A,A,A,A,B,B,B,B,B,H,H,B,B,H,H,H,A,H,H,H,A,H,H,H,B,B,B,B,B,B,H,B,B,B,H,H,H,H,H,B,B,B,H,H,H,H,H,A,A,A,A,A,A,H,A,A,A,A,A,A,B,B,B,B,H,H,H,H,H,H,H,H,H,H,H,H,H,H,H,H,B,B,B,B,B,B,H,H,H,A,H,B,B,B,B,H,A,A,H,H,H,B,H,H,H,H,H,H,A,A,A,A,H,H,H,H,H,B,B,B,H,H,H,A,A,H,H,H,H,H,H,H,H,H,H,H,H,H,A,B,B,B,B,B
12,16,28,0.428571429,H,H,H,H,H,H,H,B,B,B,B,B,B,B,B,H,B,B,B,H,A,H,H,H,H,B,B,B,H,A,A,A,A,H,H,H,H,A,H,H,H,H,A,A,A,H,H,H,H,H,B,B,B,H,H,H,H,H,H,H,A,A,A,B,B,B,B,B,B,B,B,B,B,H,H,H,H,H,H,H,H,B,H,H,H,H,H,H,H,H,H,A,A,A,H,H,H,H,H,H,H,H,H,B,A,A,A,A,H,B,H,H,A,A,A,B,B,B,B,H,H,H,H,H,H,A,A,A,H,B,B,B,H,H,A,B,B,B,B,B,B,H,H,H,H,H,A
13,15,28,0.464285714,H,H,H,H,H,H,H,B,H,H,A,A,A,A,B,B,H,H,H,H,A,A,A,H,H,H,H,A,A,H,H,B,B,H,B,B,B,H,H,H,H,H,H,H,A,H,B,B,B,B,H,H,B,B,H,H,H,B,B,H,H,H,A,A,A,A,A,H,B,H,H,H,H,H,H,H,H,H,H,H,H,H,A,A,A,A,A,H,H,H,H,H,H,H,H,H,H,H,A,A,A,A,H,H,A,A,A,A,A,A,H,H,A,A,A,H,H,A,A,A,H,H,A,A,A,A,A,A,A,H,H,H,B,B,H,H,H,H,A,A,A,H,H,A,A,A,H
12,15,27,0.444444444,H,H,H,H,H,A,A,H,H,A,H,H,H,H,A,A,A,A,A,A,H,A,A,A,A,A,A,H,H,H,B,B,B,H,H,A,A,H,B,B,B,H,H,H,H,B,H,H,H,A,H,H,H,H,H,H,H,B,B,B,B,B,B,B,B,B,B,H,H,A,A,A,A,A,A,H,H,H,H,H,H,H,H,H,H,H,A,A,A,A,A,A,A,B,B,B,B,A,H,H,H,H,H,B,H,H,H,B,B,B,H,H,H,H,B,H,H,H,H,H,A,A,A,A,A,A,A,A,A,H,H,H,H,H,B,B,B,B,B,B,B,H,H,A,A,A,H
11,16,27,0.407407407,H,B,B,B,B,H,H,A,A,A,A,H,H,B,A,A,A,A,A,A,A,A,H,H,A,A,A,H,B,B,B,B,B,H,H,H,A,A,H,H,H,H,H,H,A,B,B,B,B,B,A,A,A,H,H,H,H,B,B,B,A,A,A,B,B,B,B,B,B,A,A,H,B,B,B,B,H,H,H,H,B,B,B,H,H,H,H,H,H,B,B,B,B,A,H,H,H,H,A,H,H,H,H,H,H,H,H,A,A,A,A,A,A,A,A,A,A,A,H,H,H,H,H,H,H,H,H,B,H,H,H,H,B,B,B,H,H,H,H,A,A,H,H,H,B,B,B
13,17,30,0.433333333,B,B,B,H,H,H,H,H,H,A,A,H,H,H,H,H,H,A,A,A,H,H,H,H,H,H,H,B,B,B,H,H,H,H,B,B,B,H,H,H,H,H,H,H,H,A,H,B,B,B,A,A,A,A,A,A,A,H,H,B,H,H,H,H,H,H,H,A,A,H,H,H,H,B,H,H,H,H,B,B,B,A,A,A,A,A,B,B,B,B,B,B,B,B,H,H,H,B,H,H,B,B,B,H,H,A,A,A,A,H,A,A,A,A,H,H,H,H,A,A,B,B,B,B,B,B,B,H,H,H,A,A,H,H,H,H,H,A,H,H,H,A,A,A,A,A,A
13,15,28,0.464285714,B,B,B,B,B,B,B,H,H,H,H,H,H,H,H,H,B,B,H,H,A,A,A,A,A,A,A,A,H,H,B,B,B,B,B,B,B,H,H,H,H,H,A,A,A,B,H,H,A,A,H,H,H,B,B,B,B,B,B,B,B,B,B,H,H,B,H,H,H,H,H,H,H,H,A,A,A,A,A,A,A,H,H,H,H,H,H,H,H,H,H,H,H,B,B,B,B,B,B,B,B,B,B,H,H,H,H,H,H,A,H,H,A,A,A,A,A,A,H,H,A,A,H,H,H,H,A,A,B,B,H,H,H,H,H,H,A,A,H,H,H,A,A,A,H,H,H
13,15,28,0.464285714,B,B,H,H,H,H,H,B,B,B,H,H,H,H,H,H,B,B,B,B,A,A,A,H,B,B,B,H,H,H,H,H,H,H,H,H,H,H,A,H,H,H,H,H,H,A,A,A,H,B,H,H,H,H,H,H,H,H,A,A,A,A,H,A,A,B,B,B,B,H,H,A,A,A,H,H,H,H,H,H,H,H,H,H,H,A,H,H,H,B,B,B,B,B,B,B,B,B,A,A,A,A,A,A,B,B,B,B,B,H,H,H,H,H,A,H,H,H,H,B,A,A,H,B,B,B,B,B,A,A,H,H,H,H,H,H,H,H,B,B,B,H,H,H,H,H,H
12,15,27,0.444444444,H,H,B,B,B,B,B,B,B,B,B,H,H,A,A,A,A,A,A,A,H,H,H,H,H,H,H,B,B,B,B,B,H,H,H,H,H,H,H,H,H,H,H,A,A,A,A,A,H,H,H,H,H,H,H,H,A,H,H,H,B,B,B,H,H,B,B,B,B,H,H,H,H,H,H,H,H,H,B,B,B,B,B,B,B,B,B,B,H,A,A,A,A,B,B,B,B,B,B,B,H,H,H,H,H,H,B,B,B,H,B,B,B,B,B,B,B,B,B,A,H,A,A,A,A,A,A,H,H,A,A,A,H,H,A,H,H,H,H,H,H,B,B,H,H,H,H
12,16,28,0.428571429,B,B,B,B,H,H,A,A,H,H,H,A,A,A,H,H,B,B,B,B,H,H,H,A,A,A,A,A,A,A,A,H,H,H,H,H,B,B,A,H,H,H,H,H,B,H,H,B,B,B,B,B,B,H,H,H,A,B,B,B,B,B,B,H,H,H,H,H,H,A,A,H,H,H,H,A,A,A,H,H,H,H,B,B,B,B,A,B,B,B,B,B,B,A,B,B,B,B,A,A,H,H,H,H,B,B,B,B,B,B,B,B,H,H,H,A,H,H,H,B,A,A,H,H,H,H,H,H,H,H,H,H,B,B,H,A,A,A,H,H,H,H,H,H,H,H,H
13,17,30,0.433333333,A,A,A,A,A,A,A,H,H,H,H,H,A,A,B,B,B,B,H,H,H,H,B,B,B,B,B,H,H,A,A,A,A,B,H,H,H,H,H,H,H,H,H,H,H,H,H,H,H,H,H,H,H,H,H,H,H,A,A,A,A,A,A,H,H,H,H,A,A,A,B,B,B,B,H,A,A,A,A,A,A,H,H,B,B,B,H,H,H,H,H,H,H,H,B,B,B,B,A,A,A,A,A,A,H,H,H,H,H,H,H,H,H,H,H,H,B,B,B,B,A,A,H,H,H,H,H,H,H,B,B,B,B,B,H,H,H,A,H,H,H,H,H,H,H,A,H
