AveYield,ABG704,MWG036B,RISIC10A,BCD129,ABG320,iEst5,His3A,WG789A,MWG089,ABC167A,dRcs1,ABG380,Mad1,ABC158,ksuA1A,ABC154A,MWG836,Brz,ABC156D,MWG911,ABC308,ABG476,ABC154B,KFP194,Amy2,Ubi1,TLM1,ABC310B,KFP190,RISP103,bBE54E,ABC305,ABG461,WG420,ABG652,MWG635B,PSR106B,ASE1A,ABG058,ABG703B,MWG878,ABG008,RbcS,BCD351F,ABG318,ABC156A,MWG858,ABG358,ABG459,Pox,Adh8,MWG557,ABG316C,ABC167B,bBE54D,CDO588,TLM3,His3C,ABC152D,Rrn5S1,ksuF15,MWG503,ABG072,Crg3A,ABC252,ABC157,ABC153,ABG317B,ABG317A,ABG316E,Pcr1,cMWG720,BG123A,bBE54C,MWG571C,ABA307B,ABC171,MWG798B,MWG584,ABG471,ABG399,BCD828,MWG680,MWG571B,PSR156,ABG377,MWG555B,ABG315,ABG453,MWG571A,ABG499,CDO113B,His4B,ABG004,WG110,mPub,ABC161,MWG902,ABG654,Glb4,iBgl,ABG495B,MWG838,ABG319B,ABC172,MWG634,WG622,ABG313B,MWG077,CDO669,B32E,BCD402B,BCD351D,MWG635A,TubA1,Dhn6,WG1026B,Adh4,ABA003,ABG484,MWG058,ABC321,KFP195,WG464,bBE54A,BCD453B,ABG472,ABG319A,iHxk2,ABG500B,bAP91,ABG366,ABG397,ABG319C,Bmy1,ksuH11,ASE1C,ABA307A,MWG835A,MWG938,MWG036A,MWG837,Hor1,ABA004,BCD98,ABG053,Ica1,ABG500A,ABC164,WG789B,ABR337,Glb1,ABC160,ABG464,His3B,ABC307A,cMWG706A,ABC257,cMWG733,AtpbA,ABG702,ABC322B,ABC261,Cab2,Aga7,MWG912,ABG387A,ASE1B,ABG062,MWG620,Nar1,ABG378,ABC152A,cMWG652A,PSR106,ABG387B,ABG458,ABC169B,CDO497,BCD340E,ksuD17,ABC175,MWG820,Nar7,Amy1,bBE54B,MWG934,ABC170A,MWG798A,Mad2,MWG502,ABC483,MWG920-1,ABG316B,ABG705,ABG708,ABG395,CDO749,Ubi2,ksuA3A,WG541,WG530,WG889,ABC324,ABC302,CDO57B,mSrh,WG364,MWG514B,CDO504,iEst9,WG908,MWG877,ABG495A,ABC155,ABC482,ABG391,ABG390,CDO484,ABG463,ABG314B,MWG851C,MWG851B
 ,1,1,1,1,1,1,1,1,1,1,1,1,1,1,1,1,1,1,1,1,1,1,1,1,1,1,1,1,1,1,1,1,1,1,1,1,1,2,2,2,2,2,2,2,2,2,2,2,2,2,2,2,2,2,2,2,2,2,2,2,2,2,2,2,2,2,2,2,2,2,2,2,2,2,3,3,3,3,3,3,3,3,3,3,3,3,3,3,3,3,3,3,3,3,3,3,3,3,3,3,3,3,3,3,3,4,4,4,4,4,4,4,4,4,4,4,4,4,4,4,4,4,4,4,4,4,4,4,4,4,4,4,4,4,4,4,4,4,5,5,5,5,5,5,5,5,5,5,5,5,5,5,5,5,5,5,5,5,5,5,5,5,5,5,5,5,5,6,6,6,6,6,6,6,6,6,6,6,6,6,6,6,6,6,6,6,6,6,6,7,7,7,7,7,7,7,7,7,7,7,7,7,7,7,7,7,7,7,7,7,7,7,7,7,7,7,7,7,7,7,7,7,7
 ,0,3.3,6,10.1,14.9,18.4,20.6,24.9,26.9,29,32.4,37.3,40.1,43.5,47.6,49.6,51.6,57.5,63.3,76.3,81.1,83.2,85.9,88.6,94.6,111.2,113.5,118.9,122.8,127,129,131,143.6,145.7,148.5,167.6,169.7,0,3.4,8.2,16.6,21.3,25.2,28,30.2,33.1,39.3,42,46.1,51.6,55,65.4,68.2,71.8,78,80.1,83.2,85.8,88.1,94.3,97.6,100.9,120.5,122.7,138.1,145.5,150.2,152.9,156.3,163.8,169.3,174.1,177.7,180.5,0,2.6,16.6,25.8,29.8,33.3,52.6,56.1,58.9,63.2,68.9,76,81.7,85.1,87.2,92,97.1,107.8,125.4,139.9,144.8,146.9,151,155.4,158.5,162.1,164.8,167,172.1,176.6,185,0,1.4,12.1,14.2,17.1,24.5,34.5,38.3,42.4,51.1,56.2,58.3,61.2,63.4,65.6,67.7,70.4,73.8,78.1,81.7,91.5,96.6,101.3,116.8,119.5,122.2,125.9,129.7,143.9,162.6,164.2,169.7,177,0,3.4,8.8,13.6,15.7,22.4,31.5,37.1,43,50.2,58.6,60.6,66,72.2,80.4,93.6,100.5,102.7,112.5,117.5,122.4,128.4,130.5,137,139.1,142.4,145.8,148,151.2,0,2.2,6.8,8.2,13.4,23.9,26.6,42.6,47.1,60.6,64.8,67.5,72.9,76.8,80.7,83.4,93.5,98.2,101.1,105.8,113.9,156.6,0,2,6.9,9,11,39,43.9,46.7,48.1,51.5,54.2,58.9,62.2,66.4,70.7,78.3,91.6,97.1,101.8,137.8,144.2,149.2,151.2,155.3,158.3,165.1,171.6,177.6,180.4,188.2,191,195.7,198.4,201.8
5.27684375,H,H,A,A,A,A,A,A,A,A,A,A,A,A,A,A,A,A,A,A,A,A,A,A,A,A,A,A,A,A,A,A,A,A,A,A,A,A,NA,A,H,H,H,H,H,H,H,H,H,H,H,H,H,H,H,A,A,A,A,A,A,A,A,A,A,A,A,A,A,A,A,A,A,A,A,A,A,A,A,A,H,H,H,H,A,A,A,A,A,A,A,NA,NA,A,A,A,A,A,A,A,A,A,A,A,H,A,A,A,A,A,A,A,A,A,NA,A,A,A,A,A,A,A,A,A,A,A,A,A,A,A,A,A,A,A,A,NA,A,A,A,A,A,A,A,H,H,NA,H,H,H,H,H,H,H,H,H,H,H,H,H,A,A,A,A,A,A,A,A,A,NA,A,A,A,A,A,A,A,A,A,A,A,A,A,A,A,A,A,A,A,A,H,H,H,H,H,NA,H,H,H,H,H,H,H,H,H,H,H,H,H,H,H,H,H,H,H,A,A,A,A,A,A,A,A,A
5.09033125,H,H,H,H,H,H,H,H,H,H,H,H,H,H,H,H,H,H,H,H,A,A,A,A,A,A,A,A,A,H,H,H,H,H,H,H,H,H,H,A,A,A,A,A,A,A,A,A,A,A,A,A,A,A,A,A,A,A,A,A,NA,A,A,A,A,A,A,A,A,A,A,A,A,A,H,H,NA,H,H,H,H,H,H,H,H,H,H,H,H,H,H,NA,NA,A,A,A,A,A,A,A,A,A,A,A,A,A,A,NA,A,A,A,NA,A,A,NA,A,A,NA,A,A,A,A,A,A,A,A,A,A,A,A,H,H,H,H,H,H,H,H,H,H,H,H,H,H,A,A,NA,A,A,A,A,A,A,A,A,A,A,A,A,A,A,A,A,A,A,A,A,H,H,NA,H,NA,H,H,H,H,H,H,H,H,H,H,H,A,A,A,A,A,A,A,A,A,A,A,NA,A,A,A,A,A,A,A,NA,A,A,A,A,A,A,NA,H,H,H,H,H,H,H,H,H,H,H,H,H
5.02573125,H,H,H,H,H,H,H,H,H,H,H,H,H,H,H,H,H,H,A,A,A,A,A,A,A,H,H,H,H,H,H,H,H,H,H,H,H,A,A,A,A,A,A,A,A,A,A,A,A,A,A,A,A,A,A,A,A,NA,NA,A,A,A,A,A,A,A,A,A,A,A,A,A,A,A,A,A,A,A,A,A,H,H,H,H,A,A,A,A,A,A,A,A,NA,A,A,A,A,A,A,H,H,H,H,H,H,A,A,A,A,A,A,A,A,A,NA,A,A,A,A,A,A,A,A,A,A,A,A,A,A,A,A,A,A,NA,H,H,H,H,A,A,A,A,A,A,A,A,A,A,A,A,A,A,A,A,NA,A,A,H,H,H,H,H,H,H,H,H,H,H,H,H,H,H,H,H,H,H,H,H,H,H,H,H,H,H,H,H,H,H,A,H,H,H,H,H,A,A,A,A,A,H,H,H,H,H,H,H,H,H,H,H,H,H,H,H,A,A,A,A,A,A,A,A,A
5.44713125,H,H,H,H,H,H,H,H,H,H,H,H,A,A,A,A,A,A,A,A,A,A,A,A,A,NA,H,H,H,H,H,H,H,H,H,H,H,H,H,H,H,H,H,H,H,H,H,H,H,H,H,H,H,H,H,H,H,H,H,H,H,H,A,A,H,H,H,H,H,H,H,H,H,H,H,H,A,A,A,A,A,A,A,A,A,H,H,H,H,H,H,H,NA,H,H,H,H,H,H,H,H,H,H,H,H,H,H,H,H,H,H,NA,H,H,H,H,A,A,A,A,A,A,A,A,A,A,A,A,A,A,A,A,A,A,H,H,H,H,H,H,H,H,H,H,A,A,A,A,A,A,A,A,A,NA,A,A,H,H,H,H,H,H,H,H,H,H,H,H,H,H,H,H,H,H,H,H,H,H,H,H,H,H,H,H,H,H,H,H,A,H,H,H,H,H,H,H,H,H,H,H,H,H,H,H,H,A,A,A,A,A,A,A,A,A,A,A,A,A,A,A,A,A,A
5.416125,H,H,H,H,H,H,H,H,H,H,A,H,H,H,H,H,H,H,H,A,A,A,A,A,A,H,A,H,A,NA,NA,H,H,H,H,H,H,A,A,A,A,NA,A,A,H,A,A,A,A,A,A,A,A,A,A,A,A,A,A,A,A,A,A,A,A,A,A,A,A,A,A,A,H,A,A,A,H,A,A,H,A,A,A,A,A,A,A,A,A,A,A,A,NA,A,A,A,A,NA,A,A,A,A,A,H,H,A,H,NA,A,A,A,A,A,A,A,A,A,A,A,A,A,A,A,H,H,H,H,A,H,H,H,H,H,A,H,H,NA,A,H,H,H,H,A,A,A,A,A,A,A,A,H,A,A,A,NA,A,H,H,H,H,H,H,H,H,H,H,H,H,A,A,A,A,A,H,H,H,H,H,A,A,A,A,A,A,A,A,A,A,H,A,A,A,A,A,A,A,A,NA,A,A,A,A,A,A,A,A,A,A,H,A,A,A,NA,A,A,A,A,H,A,A,H,H,H
5.095125,H,H,H,H,H,H,H,H,H,H,H,H,H,H,H,H,H,H,H,A,A,A,A,A,A,A,NA,A,A,A,A,A,A,A,A,A,A,A,A,A,A,H,H,H,H,H,H,H,H,H,H,H,H,H,H,H,H,H,H,H,H,H,H,H,H,H,H,H,H,H,H,A,A,A,A,A,A,A,H,H,H,H,H,H,H,H,H,A,A,A,A,NA,NA,A,A,A,A,NA,A,A,A,A,A,A,A,A,A,A,A,A,A,A,A,A,A,A,A,A,A,A,A,A,A,A,A,A,A,A,A,A,A,A,A,A,A,NA,NA,A,A,A,A,A,A,A,A,A,NA,A,A,A,A,A,A,H,NA,H,H,NA,H,H,H,H,H,H,H,H,H,A,A,A,A,A,A,A,A,H,H,H,H,A,NA,A,A,A,A,A,A,A,A,A,A,A,A,A,A,A,A,A,A,A,A,A,A,A,A,A,A,A,A,A,A,A,A,A,A,A,A,A,A,A,A,A,A
4.8488375,A,A,A,A,A,A,A,H,H,H,H,H,H,H,H,H,H,H,H,H,H,H,H,H,H,H,H,H,H,H,H,H,H,H,H,A,NA,A,A,A,A,A,A,A,A,A,H,H,H,H,H,A,A,A,A,A,A,A,A,NA,NA,H,H,NA,H,A,A,A,A,A,A,A,A,A,H,H,H,H,H,NA,H,H,H,H,H,H,H,H,H,H,H,NA,NA,A,NA,A,A,A,A,A,A,A,A,A,A,A,A,A,A,A,A,NA,A,A,NA,A,A,H,H,H,H,H,H,H,A,A,A,A,H,H,H,H,H,H,H,NA,H,H,H,H,H,H,H,H,H,NA,NA,H,H,H,H,H,H,H,H,H,H,H,H,A,A,A,A,A,A,A,A,H,H,NA,H,H,H,H,H,H,H,H,H,H,NA,H,A,A,A,A,A,A,A,H,H,H,H,H,H,H,H,H,H,A,A,A,A,A,A,A,A,A,A,A,A,A,A,A,A,A,A,A,H,H,H,H,H
4.7927,A,A,A,A,A,A,NA,A,A,A,A,A,A,A,NA,A,A,NA,A,A,A,A,A,A,A,NA,A,A,A,A,A,A,H,H,H,H,H,A,A,A,A,A,A,A,A,A,A,A,A,A,A,A,A,A,A,A,A,A,A,NA,A,A,H,NA,H,H,H,H,H,H,H,H,NA,H,A,A,A,A,A,A,H,H,H,H,H,H,H,H,H,H,H,NA,NA,H,A,A,A,A,A,A,A,A,A,A,A,A,A,NA,A,A,A,NA,A,A,NA,A,A,A,A,A,A,A,A,A,NA,A,A,A,A,A,A,A,A,A,NA,NA,A,A,A,A,A,A,A,A,A,A,NA,A,A,A,A,A,A,A,NA,A,A,A,A,A,A,A,A,NA,A,A,A,H,H,NA,H,H,H,H,A,A,A,A,A,A,NA,A,A,A,A,A,A,A,H,H,H,H,H,H,H,H,H,H,H,NA,H,H,H,H,H,H,H,H,H,H,H,H,H,H,H,H,H,H,H,H,H,H,H
5.72051875,H,H,H,H,H,H,H,H,H,H,H,H,H,H,H,H,H,H,H,H,H,H,H,H,H,NA,A,NA,A,A,A,A,A,A,A,A,NA,H,H,H,H,H,H,H,NA,H,H,H,H,A,NA,A,A,A,H,H,H,H,H,H,NA,A,A,NA,A,A,A,A,A,A,A,A,A,A,H,H,A,A,A,A,A,A,A,A,A,A,A,NA,A,A,A,NA,NA,H,NA,H,H,H,H,H,H,H,H,H,H,H,H,H,H,NA,H,H,H,H,NA,H,H,NA,H,H,H,H,H,H,H,H,NA,H,A,A,A,A,A,A,NA,NA,A,A,H,H,H,H,H,H,H,H,NA,H,H,H,H,A,A,A,A,A,A,A,A,A,A,A,A,H,NA,H,H,A,A,A,A,A,A,A,NA,A,A,A,A,A,NA,A,A,A,NA,A,A,H,H,A,A,A,A,A,A,A,NA,A,A,A,A,H,NA,H,H,H,H,H,H,NA,H,H,H,H,A,A,A,A,NA,A,A,A,A
5.14643125,H,H,H,H,H,H,H,H,H,H,H,H,H,H,H,H,H,A,A,A,A,A,H,H,H,NA,H,H,H,H,H,H,H,H,H,H,H,H,H,H,H,H,H,H,H,H,H,H,H,H,NA,H,H,H,H,H,H,H,H,H,NA,H,H,H,A,A,A,A,A,A,A,A,A,A,H,H,H,H,H,H,H,H,H,H,H,H,H,H,H,H,H,NA,NA,H,H,H,H,H,H,H,H,H,H,H,H,H,H,H,H,NA,H,H,H,H,NA,H,H,NA,H,H,H,H,H,H,H,H,NA,H,H,A,A,A,A,NA,NA,NA,A,A,H,H,H,H,H,H,H,H,NA,H,H,H,H,H,H,H,H,H,H,H,H,A,A,A,A,NA,NA,A,A,H,H,H,H,NA,H,H,H,H,H,A,A,A,NA,A,A,A,NA,A,A,A,A,A,A,A,A,A,NA,A,A,A,A,A,A,A,NA,A,A,A,A,A,A,A,A,A,A,A,A,A,A,A,NA,A,A,A,A
6.1302875,A,A,A,A,A,A,NA,A,A,A,A,A,A,A,A,A,A,NA,A,A,A,A,A,H,H,NA,A,A,A,A,A,A,A,A,A,A,A,H,H,H,H,H,H,H,A,A,A,A,A,A,A,A,A,A,A,A,A,A,A,NA,A,A,A,A,H,H,H,H,H,H,NA,H,NA,H,A,A,A,A,A,NA,A,A,A,H,H,H,H,H,H,H,H,NA,NA,H,H,H,A,A,NA,A,A,NA,A,A,A,A,A,A,A,A,A,NA,A,A,A,A,A,A,A,A,A,A,A,NA,A,A,A,A,A,A,A,A,NA,A,NA,NA,NA,H,A,A,A,A,NA,A,A,A,A,A,A,A,H,H,H,H,H,H,H,NA,H,H,A,A,A,NA,NA,A,NA,H,H,H,H,H,H,H,H,H,H,H,H,H,NA,A,A,A,NA,A,A,A,H,H,H,H,H,H,NA,A,A,NA,A,A,A,H,H,H,H,H,H,H,H,H,H,H,H,NA,H,H,NA,H,NA,H,H,H,H
5.29210625,A,A,A,A,A,A,A,A,A,A,A,H,H,H,H,H,H,H,H,H,H,H,H,H,H,H,H,NA,H,H,H,H,H,H,H,H,H,A,A,A,A,A,A,A,NA,A,H,H,H,H,H,H,H,H,H,H,H,H,H,H,NA,H,A,A,A,H,H,H,H,H,H,H,H,H,A,A,A,A,A,NA,A,A,H,H,H,H,A,A,A,A,NA,NA,NA,A,NA,A,A,A,A,A,A,NA,H,H,H,H,H,H,A,NA,A,H,A,A,NA,A,A,NA,A,A,NA,A,A,NA,A,H,NA,H,H,H,H,H,H,H,NA,NA,H,H,H,H,H,H,H,H,H,H,H,H,H,H,H,H,H,H,H,H,H,H,H,H,NA,H,H,H,NA,H,H,H,H,H,A,A,A,A,A,NA,A,A,H,H,NA,H,H,H,NA,H,H,H,A,H,H,H,H,H,NA,H,H,H,H,H,H,H,H,H,A,A,A,A,H,NA,H,H,H,H,H,NA,H,H,H,H,H,H,H
5.33261875,A,A,A,A,A,A,NA,A,A,A,A,A,A,A,A,A,A,NA,A,H,H,H,H,H,H,NA,H,H,H,H,H,H,H,H,H,H,H,H,H,H,H,H,H,H,H,H,A,A,A,NA,A,A,A,A,A,NA,A,A,A,NA,A,A,A,A,A,A,A,A,A,A,A,A,NA,A,A,A,A,A,A,A,A,A,A,A,A,H,H,H,H,H,NA,H,NA,H,H,H,H,H,H,H,A,NA,A,A,A,A,NA,H,H,H,H,NA,H,H,H,NA,H,H,H,H,H,H,H,H,H,H,H,H,H,H,H,H,H,A,NA,NA,A,A,H,H,H,H,H,H,H,H,H,A,A,A,A,A,A,A,A,A,A,A,A,A,NA,A,A,NA,NA,A,H,H,H,H,H,H,H,H,H,H,H,H,H,H,NA,H,H,H,NA,H,H,H,A,H,H,H,H,H,NA,A,A,A,A,A,A,A,A,A,A,NA,H,H,H,H,H,H,H,NA,H,NA,H,A,NA,A,A,A,A
5.48174375,A,A,A,H,A,A,NA,A,H,H,H,NA,H,H,H,H,H,H,H,H,A,A,A,A,A,A,A,A,A,A,A,A,A,A,A,A,H,H,H,H,H,H,H,H,H,H,H,H,H,H,H,H,H,H,H,H,H,H,H,A,A,A,A,A,A,H,H,H,H,H,NA,H,H,H,H,H,H,A,A,A,A,A,A,A,A,A,A,H,H,H,NA,A,NA,A,A,H,H,H,H,H,H,H,H,H,H,A,A,A,A,H,A,NA,NA,A,H,A,A,H,A,A,H,A,A,A,A,A,A,A,A,A,A,A,A,A,A,NA,A,A,H,H,H,H,H,NA,H,H,H,H,H,H,H,H,H,H,H,H,H,H,H,H,H,H,H,H,H,H,H,H,H,H,H,H,H,H,H,H,H,H,H,H,NA,H,H,H,H,H,H,H,H,A,A,A,A,A,A,A,A,A,A,A,A,A,A,A,A,A,A,A,A,NA,A,A,A,NA,A,H,NA,H,H,H,H,H,H
5.07685625,H,H,H,A,H,H,H,A,A,A,A,A,A,A,A,A,A,A,A,A,A,A,A,A,H,NA,A,H,A,A,A,NA,A,A,A,H,H,A,A,A,A,A,A,A,H,A,A,A,A,A,A,A,A,A,A,A,A,A,A,A,NA,H,H,H,H,H,H,H,H,H,H,H,A,A,A,A,A,A,H,H,NA,H,H,H,H,A,A,A,A,A,A,A,NA,A,A,A,A,A,H,H,H,H,H,H,H,H,H,H,H,H,H,H,H,H,H,H,H,H,H,H,H,H,H,H,H,A,A,A,A,A,A,A,A,A,A,NA,A,A,H,H,H,H,H,H,A,NA,A,H,H,H,H,H,H,H,H,H,H,H,A,A,A,A,A,A,A,A,NA,H,H,H,H,H,H,H,H,H,H,H,H,H,NA,H,A,A,A,A,A,A,A,A,A,A,A,A,A,A,A,A,A,A,A,A,A,A,A,A,A,A,H,NA,H,H,H,H,H,H,H,H,H,A,A,A,A
5.15855,A,A,A,H,A,A,A,A,A,A,A,NA,A,A,A,H,H,H,H,H,H,H,H,H,A,A,H,A,H,H,H,NA,H,H,H,H,NA,H,H,H,H,H,H,H,H,H,H,H,H,H,H,H,H,H,H,H,H,H,H,H,NA,NA,H,H,H,H,H,A,A,H,H,H,H,H,H,H,H,H,H,H,NA,NA,A,A,A,A,A,H,A,A,NA,H,NA,H,H,A,A,A,A,A,A,A,A,A,A,A,A,H,H,H,H,H,H,H,H,H,H,H,H,H,H,H,H,H,H,H,H,H,H,H,H,H,H,H,NA,NA,H,H,H,A,A,A,A,NA,A,A,A,A,A,A,A,A,H,H,H,H,H,H,H,H,H,H,H,H,H,H,H,H,H,H,H,H,H,H,A,H,A,A,A,A,NA,A,A,A,A,A,A,A,H,A,NA,A,A,A,A,A,A,A,A,A,A,A,A,A,A,A,A,A,A,NA,A,A,A,A,A,A,A,A,A,A,A,A,A
4.25751875,H,H,H,H,H,H,H,H,H,H,H,H,A,A,A,A,A,A,A,A,A,A,A,A,A,A,A,A,A,A,A,A,A,A,A,A,A,H,NA,H,H,H,H,H,H,H,H,H,H,H,A,A,A,A,A,A,NA,A,A,NA,NA,A,NA,A,A,A,A,A,A,A,A,A,A,A,A,A,A,H,H,H,H,H,H,H,H,H,H,H,H,H,H,H,NA,H,H,H,H,H,H,H,H,H,H,H,H,A,A,H,H,H,H,H,H,H,H,H,H,H,H,H,H,H,H,H,H,H,NA,H,H,H,H,H,H,H,NA,NA,NA,H,A,A,A,A,A,A,A,A,A,A,A,A,A,A,A,A,H,H,H,H,H,H,H,H,H,H,H,H,H,H,H,H,H,H,H,H,A,A,A,A,A,A,NA,A,A,A,A,A,A,A,H,H,H,H,H,H,A,A,A,A,A,A,A,A,A,A,A,H,H,H,H,H,H,H,H,H,H,H,H,H,H,H,H,H,H
5.207125,A,A,A,A,A,A,A,A,A,A,H,NA,A,A,A,A,A,A,A,A,A,A,A,A,A,NA,NA,NA,A,A,A,A,A,A,A,A,NA,A,A,A,A,A,A,A,A,A,A,A,A,NA,A,A,H,H,H,H,NA,H,H,H,NA,H,H,H,H,H,H,NA,NA,H,H,H,H,H,H,H,A,A,A,A,H,H,H,H,H,H,H,H,H,H,H,NA,NA,H,NA,H,H,NA,H,H,H,H,H,NA,A,A,A,A,A,NA,H,H,H,H,NA,H,H,NA,A,A,A,A,A,A,NA,A,A,A,A,A,A,A,H,H,NA,NA,NA,NA,H,H,H,H,H,H,H,H,NA,H,H,H,A,A,A,A,A,A,A,A,A,A,A,A,A,H,H,H,H,H,H,NA,H,NA,H,H,H,H,H,H,H,H,NA,A,A,A,A,A,A,A,A,A,A,A,A,A,A,A,NA,A,A,A,A,A,NA,H,H,H,H,H,H,NA,H,H,H,H,H,H,H,H,H,H,H,H,H
5.48745625,H,H,H,H,H,H,H,H,H,H,H,H,H,H,H,H,H,H,H,H,H,H,H,H,H,NA,H,H,H,H,H,H,H,H,H,H,H,H,H,H,H,H,H,H,NA,H,H,H,H,H,H,A,A,A,A,A,A,A,A,A,NA,A,A,A,H,H,H,H,H,H,H,H,H,H,A,A,A,A,A,A,A,NA,A,A,A,A,A,NA,A,A,A,NA,NA,A,NA,A,A,A,A,A,A,A,A,A,A,A,A,A,A,NA,A,H,A,A,H,H,H,H,H,H,H,H,H,H,H,H,NA,A,A,A,A,A,A,H,NA,NA,H,H,H,H,H,H,H,H,H,H,A,A,A,A,A,A,A,A,H,H,H,H,H,H,H,H,H,H,H,H,H,H,H,NA,A,NA,A,A,A,A,NA,A,A,A,NA,A,A,A,A,A,A,H,H,H,H,H,H,H,H,H,H,H,H,H,H,H,NA,H,H,H,H,H,H,NA,H,H,H,H,H,H,H,H,H,H,H,H,H
4.7610875,A,A,A,A,A,A,A,A,A,A,A,NA,A,A,A,A,A,A,A,H,H,H,H,H,H,H,H,H,NA,H,H,H,H,H,H,H,H,H,H,H,H,H,H,H,NA,H,H,A,A,A,A,A,A,A,A,A,A,A,A,NA,NA,A,A,A,A,A,A,A,A,A,A,A,A,A,H,H,H,H,H,H,H,H,H,H,H,H,H,NA,H,H,H,NA,NA,H,NA,A,A,A,A,A,A,A,A,A,A,A,A,A,A,NA,A,H,A,A,NA,A,A,A,A,A,A,A,A,A,A,A,A,A,A,A,A,A,A,A,NA,NA,A,A,H,H,H,H,H,H,H,H,A,A,A,A,A,A,A,H,H,H,H,H,H,H,H,H,H,H,H,H,H,H,H,NA,H,NA,H,H,H,H,H,H,H,H,NA,H,H,H,H,A,A,A,A,H,H,H,A,A,A,A,A,A,A,A,A,A,NA,A,A,H,H,H,H,NA,H,H,H,H,H,H,H,H,H,H,H,H,H
5.3986125,H,H,H,H,H,H,H,A,A,A,A,A,A,A,A,H,NA,H,H,H,H,H,H,H,H,H,H,H,NA,H,H,H,H,H,H,H,H,H,H,H,NA,A,A,A,A,A,A,A,A,A,A,NA,H,H,A,A,A,A,A,A,NA,A,H,H,H,H,H,H,H,H,H,NA,H,H,H,H,H,H,H,H,H,H,H,H,A,A,A,A,A,A,A,NA,NA,A,A,A,A,H,H,H,H,H,H,H,H,A,A,NA,A,A,H,H,H,H,H,H,H,H,H,H,H,H,H,H,H,A,A,A,A,A,A,A,A,A,NA,H,NA,H,NA,A,A,A,A,A,A,NA,A,A,A,A,A,A,A,A,A,A,A,A,A,A,A,NA,NA,A,A,NA,A,A,A,A,A,A,A,A,A,H,H,H,H,H,NA,H,H,H,H,H,H,H,A,A,A,A,A,A,NA,A,A,A,A,A,A,A,A,A,A,A,A,A,A,A,A,A,A,A,A,A,A,A,A,A,A,A,A
5.20636875,A,A,A,A,A,A,A,A,A,A,A,A,A,A,H,H,H,H,H,H,H,H,H,H,H,H,H,H,NA,H,H,H,H,H,H,H,H,A,A,A,A,A,A,A,A,A,A,A,A,A,A,A,A,A,A,A,A,A,A,A,A,A,A,A,A,A,H,H,H,H,H,H,H,H,A,A,A,A,A,A,H,H,H,H,A,A,A,A,A,A,A,NA,NA,A,A,A,A,A,A,A,A,A,A,A,H,A,A,A,A,A,A,A,A,A,A,A,A,A,A,A,A,A,A,A,A,A,H,H,H,H,H,H,H,H,H,H,H,H,H,H,H,H,H,H,H,H,H,H,H,H,NA,H,A,A,A,A,A,A,A,A,H,H,H,H,H,H,H,A,A,A,A,A,A,A,A,A,H,H,H,H,A,A,A,H,H,H,H,H,H,A,A,A,A,A,A,A,A,A,A,A,A,A,A,A,A,A,A,A,A,A,A,A,A,A,A,A,A,A,A,H,H,H,H
6.06621875,H,H,H,A,A,A,A,A,A,A,A,A,A,A,A,A,A,A,A,H,H,H,H,H,H,H,H,H,NA,H,H,H,H,H,H,H,H,H,H,A,H,H,H,H,H,H,H,H,A,A,A,A,A,A,A,A,A,A,A,NA,A,A,A,A,A,A,A,A,A,A,A,NA,A,A,H,H,H,H,H,H,H,A,A,A,A,H,H,H,H,H,H,H,NA,A,A,A,A,A,NA,A,A,A,A,A,A,A,A,A,A,A,A,A,A,A,A,H,H,H,H,H,H,H,H,H,H,H,H,H,H,H,H,H,H,A,A,A,NA,A,A,A,A,A,A,H,H,H,H,H,H,H,H,H,H,H,H,H,H,H,H,H,H,H,H,H,H,H,H,H,H,H,H,H,H,H,H,H,H,H,H,H,H,H,H,H,H,H,H,A,H,A,H,H,H,H,H,H,H,H,H,H,H,H,H,H,H,H,A,A,A,A,A,A,A,A,A,A,A,A,A,A,A,A,A
4.40589375,A,A,A,A,A,H,H,H,H,H,H,H,H,H,H,H,H,H,H,A,A,A,A,A,A,A,A,A,A,A,A,A,H,H,H,H,H,H,H,H,H,H,H,H,H,H,H,H,NA,H,H,H,A,A,A,A,A,H,H,H,H,H,H,H,H,H,H,H,H,A,A,A,A,A,A,A,A,H,H,H,H,H,H,H,H,H,H,H,H,H,H,H,NA,A,A,A,A,A,A,A,A,A,A,A,A,H,H,A,A,A,A,NA,A,A,A,A,A,A,A,A,A,A,A,A,A,A,A,A,A,A,A,A,A,H,H,H,H,H,H,H,H,H,H,H,H,H,H,A,A,A,A,A,A,A,H,H,H,H,H,H,H,H,H,H,H,H,H,A,A,A,A,A,H,H,H,H,NA,H,H,H,H,H,H,H,H,H,H,A,H,H,H,H,H,H,H,H,H,H,H,H,A,A,A,H,H,H,H,H,H,H,H,H,H,H,H,H,H,H,H,H,H,H,H
4.36744375,A,A,A,A,A,A,A,A,A,A,A,A,A,A,A,A,A,A,A,A,A,A,A,A,A,A,A,A,A,A,A,A,H,H,NA,H,H,H,H,H,H,H,H,H,H,H,H,H,H,H,H,A,A,A,A,A,H,H,H,H,H,H,H,H,H,H,H,H,H,H,H,H,H,H,A,A,A,H,H,H,H,H,H,H,H,A,A,A,A,A,A,NA,NA,A,A,A,A,A,A,A,A,A,A,A,A,H,H,H,H,NA,H,H,H,H,H,A,A,A,A,A,A,A,A,A,A,A,H,H,H,H,H,H,H,H,H,NA,H,H,H,H,H,H,H,H,H,H,H,H,H,H,NA,H,H,H,H,H,H,H,H,H,H,H,H,H,H,H,NA,A,NA,A,A,A,A,H,H,NA,H,H,H,H,H,H,H,H,H,H,H,H,H,H,H,A,A,A,A,A,A,A,A,A,A,A,A,A,A,A,A,A,H,H,H,H,H,H,H,H,H,H,H,H,H,H,H
5.4406375,H,H,H,H,H,H,H,A,A,A,A,A,A,A,A,A,A,A,A,A,A,A,A,A,A,A,A,A,A,A,A,A,A,A,A,H,NA,H,H,H,H,H,H,H,H,H,H,H,H,H,H,H,H,H,H,H,NA,H,H,H,NA,H,H,H,H,H,H,H,A,H,H,A,A,A,A,A,A,A,A,A,A,A,A,A,A,A,A,A,A,A,A,NA,NA,A,A,A,A,A,H,H,H,H,H,H,H,H,H,H,H,NA,H,A,A,A,A,A,A,NA,A,A,A,A,A,NA,A,A,A,A,H,H,H,H,H,H,H,H,H,H,A,A,A,A,A,A,A,A,A,A,A,A,A,A,A,A,A,A,A,A,A,A,A,A,A,NA,A,A,A,H,H,H,H,H,A,A,A,A,A,A,A,A,A,A,A,A,A,A,H,H,H,H,H,H,H,H,NA,H,H,H,H,H,H,H,H,A,A,H,H,H,H,H,H,H,H,H,H,H,H,H,H,H,H,H,H
4.82255,A,A,A,A,A,A,A,A,A,A,A,A,A,A,A,A,A,A,A,A,A,A,A,A,A,H,H,H,NA,H,H,H,H,H,H,H,H,H,H,H,H,H,H,H,H,H,H,H,H,H,H,H,H,H,H,H,H,H,H,H,NA,H,H,H,A,A,A,A,A,A,A,A,A,A,A,A,H,H,H,H,H,H,H,H,H,H,H,H,H,H,H,NA,NA,H,H,H,H,A,A,A,A,A,A,A,A,A,A,A,A,NA,A,H,H,H,H,H,H,H,H,H,H,H,H,H,H,H,H,H,H,H,A,A,A,A,A,A,A,A,A,A,A,A,A,A,A,A,A,A,A,A,A,A,A,A,A,A,A,A,A,A,A,H,H,H,H,H,H,A,A,A,A,A,H,H,H,H,H,H,H,H,H,H,H,H,H,H,H,H,A,H,H,H,H,H,A,A,A,A,A,H,H,H,H,H,H,H,H,H,A,A,A,A,A,A,A,A,A,A,A,A,A,A,A
5.75548125,A,A,A,A,A,A,A,A,A,A,A,A,A,A,A,A,A,A,A,A,A,A,A,A,H,H,H,H,H,H,H,H,A,A,A,A,A,A,A,A,A,A,A,A,A,A,A,A,A,A,A,A,NA,A,A,A,A,A,A,A,A,A,A,A,A,A,A,A,A,A,A,A,A,A,H,H,H,H,H,H,A,A,A,A,A,A,A,A,A,A,A,A,A,A,A,A,A,A,A,A,A,A,A,A,A,H,H,H,H,H,H,A,A,A,A,A,A,A,A,A,A,A,A,A,A,A,A,A,A,A,A,A,A,H,H,H,NA,H,A,A,A,A,A,H,H,H,H,H,H,H,H,H,H,H,H,H,H,H,H,H,H,H,H,H,H,H,H,H,H,H,H,H,H,H,H,H,H,H,H,H,H,H,H,H,A,A,A,A,A,A,A,A,A,A,A,A,A,A,A,A,A,A,A,A,A,A,A,A,A,A,A,A,A,NA,A,A,A,A,A,A,A,A,A
5.29106875,A,A,A,A,A,NA,A,A,A,H,H,H,H,H,H,H,H,H,H,H,A,A,A,A,A,A,A,A,A,A,A,A,A,A,A,A,A,H,H,H,H,H,H,H,H,H,A,A,A,A,A,A,A,A,A,A,A,A,A,NA,A,A,H,H,A,A,A,A,A,A,A,A,A,A,H,H,H,H,H,H,H,H,H,H,H,H,H,H,H,H,A,NA,NA,A,A,A,A,A,A,A,A,A,A,A,A,H,H,A,A,A,A,A,A,A,A,A,A,A,A,A,A,A,A,A,A,A,A,A,H,H,H,H,H,H,H,H,H,NA,H,H,H,H,H,H,H,H,H,A,A,A,A,A,A,A,A,A,A,A,A,A,A,NA,A,NA,A,A,A,H,H,H,H,H,H,H,H,H,A,A,A,H,H,H,H,H,H,H,H,H,A,H,H,H,H,H,H,H,H,H,H,H,H,H,A,A,A,A,A,A,A,A,A,A,A,NA,H,H,H,H,H,H,H,H,H
5.19515625,H,H,H,H,H,H,H,H,H,H,H,H,H,H,H,H,H,H,H,H,H,H,H,H,H,H,H,H,H,H,H,H,H,H,H,H,H,H,H,H,A,A,A,A,A,A,A,A,A,A,A,A,A,H,H,H,H,H,H,H,H,H,H,H,H,H,A,A,A,A,A,A,A,A,H,H,H,H,H,H,H,H,H,H,H,A,A,A,A,A,A,A,A,A,A,A,A,A,A,A,A,A,A,A,A,H,H,H,H,H,H,H,A,A,A,A,A,A,A,A,A,A,A,A,A,A,A,A,A,A,A,A,A,H,H,H,H,H,H,H,H,H,H,H,H,H,H,H,H,H,H,H,H,A,A,A,A,A,A,A,A,A,A,NA,A,A,A,A,A,A,A,A,H,H,H,H,H,H,H,H,H,H,H,H,H,H,A,A,A,H,H,H,H,H,A,A,A,A,A,A,A,A,A,A,A,A,A,A,A,A,A,A,H,H,H,H,H,H,H,H,H,H,H
4.6917125,A,A,A,A,A,A,A,A,A,A,A,A,A,A,A,A,A,A,A,A,A,A,A,A,A,A,A,A,A,H,H,H,H,H,H,H,NA,A,H,H,H,H,H,H,H,H,H,H,H,H,H,H,H,H,H,H,H,H,H,H,H,H,H,H,H,H,H,H,H,H,H,H,H,H,A,A,A,A,A,A,H,H,H,H,H,H,H,H,H,H,H,H,H,H,H,H,A,A,A,A,A,A,A,A,H,A,A,A,A,A,A,A,A,A,A,A,A,A,NA,A,A,A,A,A,A,A,A,A,A,A,A,A,A,H,H,H,H,H,A,A,A,A,A,A,A,A,A,A,A,A,NA,A,A,A,A,A,A,A,A,A,A,A,A,NA,A,A,A,H,H,H,H,H,H,H,A,A,A,A,A,A,A,A,A,A,A,A,A,A,A,H,H,H,H,H,A,A,A,A,A,A,A,A,A,A,A,A,A,A,H,H,H,H,H,H,H,H,A,A,A,A,A,A,A
6.1354625,A,A,A,A,A,A,A,A,A,A,A,A,A,A,A,A,A,A,A,A,A,A,A,A,A,A,A,A,A,A,A,A,A,A,A,A,A,H,H,H,H,H,H,H,H,H,H,H,H,H,H,H,H,H,H,H,H,H,H,H,H,H,H,H,H,A,A,A,A,A,A,A,A,A,H,H,H,H,H,H,A,A,A,A,A,A,A,A,A,A,NA,A,H,H,H,H,H,H,H,A,A,A,A,A,A,H,H,H,H,H,H,H,H,H,H,H,H,H,H,H,H,H,H,H,H,H,H,H,A,NA,A,A,A,A,A,A,A,H,A,A,A,H,H,H,H,H,H,H,H,H,H,H,H,H,H,H,A,A,A,A,A,A,A,NA,A,A,A,A,A,A,A,A,A,A,A,A,A,A,A,A,NA,A,A,A,A,H,H,H,H,A,A,A,A,A,A,A,H,H,H,H,H,H,H,H,H,H,H,H,H,H,H,H,H,A,A,A,A,A,A,A,A,A,A
5.2733,A,A,A,A,A,A,A,A,A,A,A,A,A,A,H,H,H,H,H,H,H,H,H,H,H,H,H,H,H,H,H,H,H,H,H,H,H,H,H,H,H,H,H,H,H,H,H,H,A,A,A,A,A,A,A,A,A,A,A,NA,A,A,A,A,H,H,H,H,H,H,H,H,H,H,H,H,H,H,H,H,A,H,H,H,H,H,H,H,H,H,NA,H,NA,H,H,H,H,NA,NA,H,H,H,A,A,A,A,A,H,H,H,H,H,H,H,H,H,H,H,H,H,H,H,H,H,H,H,H,H,H,H,H,H,H,H,H,H,NA,H,A,A,A,A,A,NA,A,A,A,A,A,A,A,A,A,H,NA,H,A,A,A,A,A,A,A,NA,A,A,H,A,A,A,A,A,A,A,H,H,H,H,H,H,NA,H,H,H,H,H,H,A,A,H,H,H,H,H,NA,H,H,H,H,H,H,H,H,H,H,A,A,A,H,H,H,H,H,H,H,H,H,H,H,H,H,H,H
4.83171875,A,A,A,A,A,A,H,H,H,H,H,H,H,H,H,H,H,A,A,A,A,A,A,A,A,A,A,A,A,A,A,A,A,A,A,A,A,A,A,A,A,A,A,A,A,A,A,A,A,A,A,A,A,A,A,A,A,A,A,NA,A,H,H,H,H,H,H,H,H,H,H,H,H,H,H,H,H,H,H,H,H,H,H,H,H,A,H,H,H,H,H,H,NA,H,H,H,H,H,H,H,H,H,H,H,H,A,A,A,A,A,A,A,A,A,A,A,A,A,A,A,A,A,A,A,A,A,NA,A,A,A,A,A,A,H,H,H,H,H,A,A,A,A,A,A,A,A,A,A,H,H,H,H,H,H,NA,H,H,A,A,A,A,A,A,NA,A,A,A,H,H,H,H,H,H,H,H,H,H,H,H,H,NA,H,H,H,H,H,H,H,A,A,A,A,A,H,H,H,H,H,H,H,H,H,H,H,H,H,H,H,H,H,H,H,H,H,H,H,H,H,H,H,H,H,H
4.881275,H,H,H,H,H,H,H,H,H,H,A,H,H,H,H,H,H,H,H,H,H,H,H,H,H,H,H,H,H,H,H,H,H,H,A,H,H,H,H,H,A,A,A,A,A,A,A,A,A,A,A,A,H,H,A,A,A,A,A,A,A,A,A,A,A,A,A,A,A,A,A,A,A,A,H,H,H,H,H,H,H,A,A,A,A,NA,A,A,A,A,A,A,A,A,A,A,A,A,NA,H,H,H,H,H,H,A,A,A,A,A,A,NA,A,A,H,H,H,H,H,H,H,H,H,H,H,H,H,H,H,H,H,H,H,NA,H,H,NA,H,A,A,A,A,A,A,A,A,H,H,H,H,H,H,H,H,H,H,H,H,H,H,H,H,H,H,H,H,H,A,A,A,A,H,H,H,H,H,H,H,H,H,H,H,H,H,H,H,H,H,A,A,A,A,A,A,A,A,A,A,A,A,A,A,A,A,A,A,A,A,H,H,H,H,H,H,H,H,H,H,A,A,A,A,A
4.90096875,H,H,H,H,H,H,H,H,H,H,H,H,H,H,H,H,H,A,A,A,A,A,A,A,A,A,A,A,A,A,A,A,H,H,H,H,H,H,H,H,A,A,A,A,A,A,A,A,A,A,A,A,A,A,A,A,A,A,A,NA,A,A,A,A,A,A,A,A,A,A,A,A,A,A,H,H,H,H,H,H,H,H,H,H,H,H,H,H,H,H,H,H,H,H,H,H,H,H,H,H,H,H,H,H,A,H,H,H,H,H,H,H,H,H,H,H,H,H,H,H,H,H,H,H,H,H,H,H,H,H,H,H,H,H,A,A,A,NA,H,H,H,H,H,H,H,H,H,H,H,H,H,H,H,A,NA,A,H,H,H,H,H,H,H,H,H,H,H,A,A,A,A,A,A,A,A,A,A,A,A,A,NA,A,A,A,A,A,A,A,A,H,H,H,H,H,H,A,A,A,A,A,A,A,A,A,A,A,A,A,A,A,A,A,A,A,A,A,A,A,A,A,A,A,A
4.672525,H,H,H,H,H,H,H,H,H,H,H,H,H,H,H,H,H,H,H,H,H,H,H,H,H,A,A,A,A,A,A,A,A,A,A,A,A,A,A,A,A,A,A,A,A,A,A,A,A,H,H,H,H,H,H,H,H,H,H,H,H,H,H,H,H,A,A,A,A,A,A,A,A,A,A,A,A,A,A,A,H,H,H,H,A,A,A,A,A,A,A,A,A,A,A,A,A,NA,A,A,A,A,A,A,A,A,A,A,A,A,H,H,H,H,H,H,H,H,H,H,H,H,H,H,H,H,H,H,H,H,H,H,H,H,H,H,NA,H,A,A,A,A,A,A,H,H,H,H,H,H,H,H,H,H,H,H,A,A,A,H,H,H,H,H,H,H,H,A,A,A,A,A,A,A,H,H,A,A,A,A,A,A,A,H,H,H,H,H,H,A,A,A,H,H,H,H,H,H,H,H,H,H,H,H,H,H,H,H,A,A,A,A,A,A,A,A,A,A,A,A,A,A,A
5.6004625,H,H,A,A,A,A,A,A,A,A,A,A,A,A,A,A,H,H,H,H,H,H,H,H,H,H,H,H,H,H,H,H,H,H,H,H,H,H,A,A,A,A,A,A,A,A,A,A,A,A,A,A,A,A,A,A,A,A,A,NA,A,A,NA,A,A,A,A,A,A,A,A,A,A,A,H,H,H,H,H,H,H,H,H,H,H,H,H,H,H,H,H,H,H,H,A,A,A,NA,A,A,A,A,A,A,A,A,A,A,A,A,A,A,A,A,H,H,H,H,H,H,H,H,H,H,H,H,H,H,H,H,H,H,H,A,A,A,A,A,A,A,H,H,H,H,H,H,H,H,H,H,NA,H,H,H,H,H,A,A,A,A,A,H,H,H,H,H,H,A,A,A,A,A,A,A,A,A,H,H,H,H,H,H,H,H,H,H,A,A,A,A,A,A,A,A,A,A,A,A,A,A,A,A,A,A,A,A,A,A,A,A,A,A,A,A,A,A,A,A,H,H,H,H,H
5.51546875,H,H,H,H,H,H,H,H,H,H,H,H,H,H,H,H,H,H,H,H,H,H,H,H,H,H,H,H,H,H,H,H,H,H,H,H,H,H,H,H,H,H,H,H,H,H,H,H,H,H,H,A,A,A,A,A,NA,H,H,H,H,H,H,H,A,A,A,A,A,A,A,A,A,A,A,A,A,A,A,A,A,A,H,H,H,H,H,H,H,H,A,A,NA,A,A,A,A,A,A,A,A,A,A,A,A,A,A,A,A,A,H,H,H,H,H,H,H,H,H,H,H,H,A,A,A,A,A,A,A,A,A,A,A,A,H,H,H,H,H,H,H,H,H,H,H,H,H,H,H,H,H,H,H,H,H,H,H,H,H,H,H,H,H,H,A,A,A,H,H,H,H,H,A,A,A,A,A,A,A,A,A,A,A,A,A,A,A,A,A,A,A,A,A,A,A,A,A,A,A,A,A,A,A,A,A,A,A,H,H,H,H,H,H,H,H,H,H,H,H,H,H,H,H
5.22453125,H,H,A,A,A,A,A,A,A,A,A,A,A,A,A,A,A,A,A,A,A,A,A,A,A,A,NA,A,A,A,A,A,H,H,H,H,H,H,H,H,H,H,H,H,H,H,H,H,H,H,H,H,H,H,H,H,NA,H,H,H,H,H,H,H,H,H,H,H,H,A,A,A,A,A,H,H,H,H,H,H,H,H,NA,H,H,H,H,H,H,H,H,H,NA,H,H,H,H,H,H,H,H,H,H,H,H,H,H,H,H,H,H,H,H,H,H,A,A,A,A,A,A,A,A,A,A,A,A,A,A,A,A,A,A,NA,A,A,A,A,A,A,A,H,H,H,H,H,H,H,H,H,H,H,H,H,A,A,A,NA,A,A,A,H,H,H,H,H,H,A,A,A,A,H,H,H,H,H,H,H,H,H,A,A,A,A,A,A,A,A,A,H,H,A,A,A,A,A,A,A,A,A,A,A,A,A,A,H,H,H,H,H,H,H,H,H,H,H,A,A,A,A,A,A,A
5.2799,H,H,H,H,H,H,H,H,H,H,H,H,H,H,H,H,H,H,H,H,H,H,H,H,H,H,H,H,H,H,H,H,H,H,H,H,H,H,H,H,H,H,H,H,H,H,H,H,H,H,H,H,H,H,H,H,NA,H,H,A,A,A,A,A,A,A,A,A,A,A,A,A,A,A,H,H,H,H,H,H,H,H,H,H,H,A,A,A,A,A,A,A,A,H,H,H,H,H,H,H,H,H,H,H,H,A,A,A,A,A,A,A,A,A,A,A,A,A,A,A,A,A,A,A,A,A,A,A,H,H,H,H,H,H,H,H,A,H,H,H,H,A,A,A,A,A,A,A,A,A,NA,A,A,A,A,A,A,A,A,A,A,A,A,A,A,A,A,H,A,A,A,A,A,A,A,A,H,H,H,H,H,H,A,A,A,A,A,A,A,H,H,H,H,H,H,H,H,H,H,H,H,H,H,H,A,A,A,A,A,H,H,H,H,H,H,H,H,H,H,H,H,H,H
5.1219375,A,A,A,A,A,A,A,A,A,A,A,A,A,NA,A,NA,A,H,H,H,H,H,NA,H,H,H,H,H,H,H,H,H,H,H,H,H,H,A,A,A,H,H,H,H,H,H,H,H,H,H,H,H,H,H,H,H,NA,H,H,H,H,H,H,H,A,NA,NA,A,A,A,A,A,A,A,A,A,H,H,H,H,H,H,H,H,H,H,H,H,H,H,H,H,NA,H,H,H,H,A,A,A,A,A,A,A,A,H,H,H,H,H,H,H,H,H,H,H,H,H,H,H,H,H,H,H,H,H,H,H,H,H,H,H,H,A,A,A,A,A,H,H,H,H,H,H,H,H,H,H,H,H,H,H,H,H,H,H,H,H,A,A,A,A,A,A,A,A,A,H,H,H,H,H,H,H,H,H,A,A,A,A,A,A,A,A,A,A,A,A,A,A,A,A,A,A,H,H,H,H,H,H,H,H,H,H,H,A,A,A,A,A,H,A,A,A,A,A,A,A,A,A,A,A,A
5.0439,A,A,A,A,A,NA,A,A,A,A,A,A,A,A,A,A,A,A,A,H,H,H,H,H,H,H,H,H,H,H,H,H,A,A,A,H,H,A,A,A,NA,NA,H,H,H,H,H,H,H,H,H,H,H,H,H,H,H,H,H,H,A,A,A,A,H,H,A,A,A,A,A,A,A,A,H,H,H,H,H,H,H,H,H,H,H,H,H,H,H,H,H,H,H,H,H,H,H,H,H,H,H,H,H,H,H,H,H,H,H,H,H,H,H,H,H,H,H,H,H,H,H,H,H,H,H,H,H,H,H,H,H,H,H,A,H,H,H,H,A,A,A,A,A,A,A,A,A,H,H,H,H,H,A,A,A,A,A,A,A,A,A,A,A,A,A,A,A,A,A,A,A,A,A,A,A,A,A,A,A,A,A,A,A,A,H,H,H,H,H,H,H,H,H,H,H,H,H,H,H,H,H,H,H,A,A,A,A,A,A,A,A,A,A,A,A,H,H,H,H,H,H,H,H
5.9365875,A,A,A,A,A,NA,A,A,A,A,A,A,A,A,A,A,A,A,A,A,A,A,A,A,A,H,H,H,H,H,H,H,H,H,H,H,H,H,H,NA,H,H,H,H,H,H,H,H,H,A,A,A,A,A,A,A,A,A,A,A,A,A,H,H,H,H,H,H,H,H,H,H,H,H,A,A,A,A,A,A,A,A,A,A,A,A,A,A,A,A,A,A,A,A,A,A,A,A,A,A,A,A,A,A,H,A,A,A,A,A,A,H,H,H,H,H,H,H,NA,H,H,H,H,H,H,H,H,H,H,H,H,H,H,H,A,A,NA,A,A,A,A,A,A,A,A,A,A,A,A,A,A,A,A,A,A,A,A,A,A,A,A,A,A,A,A,A,A,H,H,H,H,H,H,H,H,H,A,A,A,A,A,A,A,A,A,A,A,A,A,H,H,H,H,H,H,H,H,H,H,H,H,H,H,H,H,A,A,A,A,A,A,A,H,H,H,H,H,H,H,H,H,A,A
4.833775,A,A,A,A,A,NA,A,A,A,A,A,A,A,A,A,A,A,A,A,A,A,A,A,A,A,A,A,H,H,H,H,H,H,H,H,H,H,A,A,A,A,A,A,A,A,A,A,A,A,A,A,A,A,A,A,A,A,A,A,NA,A,A,A,A,A,A,H,H,H,A,H,H,H,H,H,H,H,H,H,H,H,H,H,H,H,H,H,H,H,H,H,H,H,H,H,H,H,H,H,H,H,H,H,NA,A,H,H,H,H,H,A,A,A,A,A,A,A,A,A,A,H,H,H,H,H,H,H,H,H,H,H,H,H,H,H,H,H,H,H,H,H,H,H,H,H,H,H,H,A,A,A,A,H,H,H,H,H,H,H,H,H,H,H,H,H,H,H,H,H,H,H,H,H,H,A,A,A,A,A,A,A,A,A,A,H,H,H,H,A,H,H,H,H,H,H,H,H,H,H,H,H,H,H,H,H,A,A,A,H,H,H,H,H,H,H,H,H,H,H,H,H,H,A
5.5538625,H,H,H,H,H,H,H,H,H,H,H,H,H,H,H,H,H,H,H,H,H,H,H,H,H,H,H,H,H,H,H,H,H,H,H,H,H,A,A,A,A,A,A,A,A,A,A,A,A,A,A,A,A,A,A,A,A,A,A,A,A,A,A,A,A,A,A,A,A,A,A,A,A,A,A,A,A,A,A,A,A,A,A,A,A,A,A,A,A,A,A,H,A,A,A,A,A,A,A,A,A,A,A,A,A,H,H,H,H,H,H,H,H,H,H,H,H,H,H,H,H,H,H,H,A,A,A,A,A,A,A,A,A,A,H,H,NA,H,A,A,A,A,A,A,A,A,A,A,A,A,A,A,A,A,A,A,A,A,A,A,A,A,A,A,A,A,A,A,A,A,A,A,A,A,A,A,A,A,A,A,A,A,A,A,A,A,A,A,A,A,A,A,A,A,A,A,A,A,A,A,A,A,H,H,H,H,H,H,A,A,A,A,A,A,A,A,A,A,A,A,H,H,H
5.0296875,H,H,H,H,H,H,H,H,H,H,H,H,H,H,H,H,H,H,H,A,A,A,A,A,A,H,H,H,H,H,H,H,H,H,H,H,H,H,H,H,H,H,H,H,H,H,H,A,A,A,A,A,A,A,A,A,A,A,A,A,A,A,A,A,A,A,A,A,A,A,A,A,A,A,H,H,H,H,H,H,H,H,H,H,H,H,H,A,A,A,NA,H,A,A,A,A,A,A,A,H,H,NA,H,H,H,H,H,H,H,H,H,H,H,H,H,H,H,H,H,NA,H,H,H,H,H,NA,A,A,A,A,A,A,A,A,A,A,A,A,H,H,H,H,H,H,H,H,A,A,A,A,A,A,A,A,H,H,H,H,H,H,NA,H,H,A,A,A,A,A,A,A,A,A,A,A,A,A,A,A,A,A,A,A,A,H,H,H,A,A,A,A,A,NA,A,A,NA,A,A,A,A,A,A,A,A,A,A,NA,A,A,H,A,A,H,H,NA,H,H,H,H,H,H,H,H,A
5.1499,H,H,H,H,H,NA,H,H,A,A,A,NA,A,A,A,A,A,A,A,A,A,A,A,A,A,A,A,A,A,A,A,A,A,A,A,A,A,A,A,A,A,A,A,A,A,A,A,A,A,A,A,H,H,H,H,H,H,H,H,H,H,H,H,H,A,A,A,A,A,A,A,A,A,A,A,NA,H,H,H,H,H,H,H,H,H,H,H,H,H,A,A,H,A,A,A,A,A,A,A,H,H,H,H,H,H,A,A,A,H,H,H,H,H,H,H,H,H,H,H,H,H,H,H,H,H,H,H,H,H,H,H,H,H,H,H,H,H,H,H,H,H,H,H,H,H,NA,H,H,A,A,NA,A,A,A,A,A,A,A,A,A,A,A,A,A,H,H,H,H,H,H,H,H,H,H,H,H,H,H,H,H,H,H,H,H,H,H,H,H,A,H,H,A,A,A,A,A,A,A,A,A,A,A,A,A,A,A,A,A,H,A,A,A,A,A,A,A,A,A,A,A,A,A,A
4.75973125,H,H,H,H,H,H,H,H,H,H,H,H,H,H,H,H,H,H,H,H,H,H,H,H,H,H,H,H,H,H,H,H,H,H,H,H,H,H,H,H,H,H,H,H,H,H,H,H,H,H,A,A,A,A,A,A,A,A,A,A,A,A,A,A,A,A,A,A,A,A,H,H,H,H,A,A,A,H,H,H,H,H,A,A,A,A,A,A,A,A,A,H,A,A,A,A,A,NA,A,A,A,A,H,H,H,H,H,H,H,NA,H,H,H,H,A,A,A,A,A,A,A,H,H,H,H,H,H,H,H,H,H,H,H,NA,A,A,A,A,A,A,A,A,A,NA,A,H,H,H,H,H,H,H,H,H,H,H,H,H,H,H,H,H,H,H,H,H,H,H,H,H,H,H,H,H,H,H,A,A,A,A,H,H,H,H,H,H,H,H,A,A,A,A,A,A,A,A,A,A,A,A,A,A,A,A,A,A,A,A,A,A,H,H,H,H,H,H,H,H,H,H,H,H,H
5.400975,A,A,A,A,A,A,A,NA,A,A,A,A,A,A,A,A,A,A,A,A,A,A,A,A,A,A,A,A,A,A,A,A,A,A,A,H,H,A,A,A,A,H,H,H,H,H,H,H,H,H,H,H,H,H,H,H,H,H,H,H,H,H,H,H,H,H,H,H,H,H,H,H,H,H,A,A,A,A,A,NA,A,A,A,H,H,H,H,H,H,H,H,A,H,H,H,H,H,H,H,H,H,H,H,H,H,H,H,H,H,NA,H,H,H,H,H,NA,H,H,H,H,H,H,H,H,H,A,NA,A,A,A,A,A,A,A,A,NA,NA,H,A,A,A,A,A,A,A,NA,A,A,A,NA,NA,A,A,A,NA,A,A,A,A,A,A,A,A,A,A,A,A,H,H,H,H,H,A,A,A,A,A,A,A,A,A,A,A,A,A,A,A,A,A,H,H,H,H,H,H,H,H,H,H,H,A,A,A,A,A,A,H,H,H,H,H,H,H,H,H,H,H,H,H,A,A,A,A
5.9050125,H,H,H,H,H,H,H,H,H,A,A,A,A,A,A,A,A,A,A,A,A,A,A,A,A,A,A,A,A,A,A,A,A,NA,A,A,A,A,A,A,A,NA,A,A,A,A,A,A,A,A,A,A,A,A,A,A,NA,A,A,A,A,A,A,A,H,H,H,H,H,A,A,A,A,A,H,H,A,A,A,A,A,A,A,A,A,A,A,A,A,A,A,A,A,A,A,A,A,A,A,A,A,A,A,A,A,A,A,H,H,H,H,H,H,H,H,NA,H,H,H,H,H,H,H,A,A,A,A,A,A,A,A,A,A,A,A,A,A,NA,A,A,A,H,H,H,H,H,H,H,H,H,H,H,H,H,H,H,H,H,H,H,H,A,A,A,A,A,A,H,H,H,H,H,H,H,H,H,A,A,A,A,A,A,A,NA,A,A,A,A,A,A,A,A,A,A,A,A,A,A,A,A,A,A,A,A,A,A,A,A,A,A,A,A,A,A,A,A,A,A,A,A,A,A,A
5.3870375,H,H,H,H,H,A,A,A,A,NA,A,A,A,A,A,A,A,A,A,A,A,A,A,A,A,A,A,A,H,H,H,H,H,H,H,H,H,A,A,A,A,A,A,A,A,A,A,A,A,A,A,A,A,A,A,A,A,A,A,A,A,H,NA,H,H,H,H,H,H,H,H,H,H,H,H,H,H,H,A,A,A,A,A,A,A,A,A,A,A,A,H,H,H,H,H,H,H,H,H,H,H,H,H,H,H,A,A,A,A,A,A,A,A,A,A,A,A,A,A,A,A,A,A,A,A,A,H,H,H,H,H,H,H,NA,H,H,H,H,A,A,A,A,A,A,H,NA,H,H,H,H,H,H,A,A,A,A,A,A,A,A,A,A,A,A,A,A,A,H,H,H,H,H,H,H,H,H,A,A,A,A,A,A,A,NA,A,A,A,A,H,H,H,H,H,H,A,A,A,A,A,A,A,A,A,A,A,A,A,A,A,A,A,A,A,A,A,A,A,A,A,A,A,A,A
5.573975,A,A,A,A,A,A,A,A,A,NA,A,A,A,A,A,A,A,A,A,A,A,A,A,A,A,A,A,A,A,A,A,A,H,H,H,H,H,H,H,H,A,A,A,A,A,A,A,A,A,A,A,A,A,A,A,A,A,A,A,A,A,A,A,A,A,A,A,A,A,A,A,A,A,A,A,A,A,A,A,A,A,A,A,A,A,A,A,A,A,A,A,A,A,A,A,A,A,A,A,A,A,A,A,A,H,A,A,A,A,A,A,H,H,H,H,H,H,H,H,H,H,H,H,H,H,H,H,H,H,H,H,H,H,H,H,H,H,H,H,H,H,H,H,H,H,H,H,H,H,H,H,H,H,H,H,H,H,H,H,H,H,A,A,A,H,H,H,A,A,A,A,A,A,A,H,H,H,H,H,H,H,H,H,NA,H,H,H,H,H,A,A,A,A,A,A,A,A,A,H,H,H,H,H,H,H,H,A,A,A,A,A,A,A,A,A,A,A,A,A,A,H,H,H
5.7565625,A,A,A,A,A,A,A,A,A,NA,A,A,A,A,A,A,A,H,H,H,H,H,H,H,H,H,H,H,H,H,H,A,A,A,A,A,A,A,A,A,A,A,A,A,A,A,A,A,A,A,A,A,A,A,A,A,A,NA,A,A,A,A,A,A,A,A,A,A,A,A,A,A,A,A,A,A,A,A,A,A,A,A,A,A,A,A,A,A,A,A,A,A,A,H,H,H,H,H,H,H,H,H,H,NA,H,A,A,A,A,A,A,A,A,A,A,A,A,A,A,A,A,A,A,A,A,H,H,H,H,H,H,H,H,H,H,H,NA,H,A,A,A,H,H,H,H,H,H,H,H,H,H,A,A,A,NA,A,A,A,A,A,A,A,A,A,A,A,A,A,A,A,A,A,A,A,A,H,H,H,H,H,H,A,A,NA,A,A,A,A,A,A,A,A,A,A,A,A,A,A,A,A,A,A,A,A,A,A,A,A,H,H,H,H,H,H,H,H,H,H,H,H,H,H,H
5.35605625,A,A,A,A,A,A,A,A,A,A,A,A,A,A,H,H,H,H,H,H,H,H,H,H,H,H,H,H,H,H,H,H,H,H,H,H,H,A,A,H,H,NA,H,H,H,H,H,H,H,H,H,H,H,H,H,H,H,H,H,H,H,H,H,H,H,H,H,H,H,H,H,H,H,A,H,H,H,H,H,H,A,A,A,A,A,A,H,H,H,H,H,H,H,H,H,H,H,H,H,H,H,H,H,NA,H,A,A,A,A,A,A,A,A,H,H,H,H,H,H,H,H,H,H,H,H,H,H,H,H,H,H,H,H,H,H,H,NA,H,A,A,H,H,H,H,H,H,H,H,H,H,H,H,H,H,H,H,H,H,H,H,H,H,H,H,H,H,H,A,A,A,A,A,A,A,A,A,A,A,A,A,A,A,A,NA,H,H,H,H,H,A,A,A,A,A,A,A,A,A,A,A,A,A,A,A,A,A,A,A,H,H,H,H,H,H,H,H,H,H,H,H,A,A,A
5.25423125,A,A,A,A,A,A,A,H,H,H,H,H,H,H,H,H,H,A,A,A,A,A,A,A,A,A,A,A,A,A,A,A,H,H,H,H,H,A,A,A,A,A,A,A,A,A,A,A,A,A,A,A,A,A,A,A,H,H,H,H,H,H,H,H,H,H,H,H,H,H,H,H,H,H,A,NA,A,A,A,H,H,H,H,H,H,H,H,H,A,A,A,H,H,H,H,H,H,H,NA,H,H,H,H,NA,H,H,H,A,A,A,A,A,A,A,A,A,A,A,A,A,A,A,A,A,A,A,A,A,A,A,A,A,A,A,A,A,A,A,H,H,H,H,H,H,H,H,H,H,H,H,H,H,H,H,H,A,A,A,A,A,A,A,A,A,A,H,H,H,H,H,H,A,A,A,A,A,A,A,H,H,H,H,H,NA,H,H,H,H,A,A,A,A,A,A,A,A,A,A,A,A,A,A,A,A,A,A,A,A,A,A,A,A,A,A,A,A,A,A,A,A,A,A,A
5.73005625,H,H,H,H,H,H,H,H,H,H,H,H,H,H,H,H,H,H,H,H,H,H,H,H,H,A,A,A,A,A,A,A,A,NA,A,H,H,H,H,H,H,NA,H,H,H,H,H,H,H,H,H,H,H,H,H,H,H,H,H,H,H,H,NA,H,H,H,H,H,H,H,H,H,H,H,H,H,A,A,A,A,A,A,A,A,A,A,A,A,A,A,A,A,NA,A,A,A,A,A,A,A,A,A,A,A,A,H,H,H,H,H,H,H,H,H,H,H,H,H,H,H,H,H,H,H,H,H,H,A,A,A,A,A,A,A,A,A,A,A,A,A,A,A,A,A,A,NA,A,A,A,A,A,A,A,A,A,A,A,A,A,A,A,A,A,A,A,A,A,H,H,H,H,H,H,H,H,H,H,H,H,H,H,H,H,NA,H,H,H,H,H,H,H,H,H,H,H,A,A,A,A,A,A,H,H,H,H,H,H,A,H,H,H,H,H,H,A,A,A,A,A,A,A,A,A
5.50859375,A,A,A,A,A,A,A,A,A,A,A,A,A,A,A,A,A,A,A,H,H,H,H,H,A,H,H,H,H,H,H,H,H,H,H,H,H,H,H,H,NA,NA,H,H,H,H,H,H,H,H,A,A,A,A,A,A,A,A,H,NA,A,A,A,A,A,A,A,A,A,NA,A,A,A,A,H,NA,H,H,H,H,H,H,H,H,H,H,H,H,A,A,A,A,A,A,A,A,A,A,A,A,A,NA,H,H,H,NA,A,A,A,A,NA,A,A,H,A,A,A,A,A,A,A,A,H,H,H,H,H,H,H,H,H,H,H,H,H,H,NA,H,H,H,H,H,H,H,H,H,H,H,H,H,H,H,H,H,H,H,H,H,H,H,NA,H,H,H,H,H,H,A,A,A,A,A,A,A,A,A,H,H,H,H,H,H,H,NA,H,H,H,H,H,A,A,A,A,A,A,A,A,A,A,A,A,A,A,A,A,A,A,A,A,A,A,A,A,NA,A,A,H,H,H,H,H,H,H
5.3791375,H,H,H,H,H,H,H,H,H,H,H,H,H,H,H,H,H,H,H,H,H,H,H,H,H,H,H,H,H,H,H,H,H,H,H,H,H,A,A,H,H,NA,H,H,H,H,H,H,H,H,H,A,A,A,A,A,A,A,A,A,A,A,H,H,H,H,H,H,H,H,H,H,H,H,H,H,H,H,A,A,A,A,A,A,A,A,A,A,A,A,A,A,NA,A,A,A,A,A,A,A,A,A,A,A,H,A,A,A,A,H,H,H,H,H,H,H,H,H,H,H,H,H,H,H,H,H,H,H,H,H,H,H,H,H,H,H,NA,H,NA,A,H,H,H,H,H,H,H,H,H,A,A,A,A,A,A,A,A,A,A,A,A,A,A,A,A,A,A,H,H,H,H,H,A,A,A,A,A,A,A,A,A,A,A,NA,A,A,A,H,H,A,A,A,A,A,A,A,A,A,A,A,A,A,A,A,A,H,H,H,H,H,H,H,H,H,H,H,H,H,H,H,H,H,H
5.092025,H,H,H,H,H,H,H,H,H,H,H,H,H,H,H,H,H,H,H,A,A,A,A,A,A,H,H,H,H,H,H,H,H,H,H,A,A,H,H,H,A,NA,A,A,A,A,A,A,A,A,A,H,H,H,H,H,H,H,H,H,H,H,A,A,A,A,A,A,A,A,A,A,A,A,A,A,A,A,A,A,H,H,H,H,H,H,H,H,H,H,H,H,H,H,H,H,H,H,H,H,H,H,H,H,H,H,H,H,H,H,H,H,H,H,H,H,H,H,H,H,H,A,H,H,H,H,H,H,H,H,H,H,H,H,H,H,H,H,H,H,H,H,H,H,H,H,H,H,H,H,NA,H,H,H,H,H,H,H,H,H,H,H,H,H,H,H,H,A,A,A,A,A,A,A,A,A,A,A,A,A,A,A,A,A,A,A,A,A,H,H,H,H,H,H,A,A,A,A,A,A,A,A,A,A,H,A,A,A,A,A,A,A,A,A,A,A,A,A,A,A,A,A,A
5.2807875,A,A,A,A,A,A,A,A,A,A,A,A,A,A,A,A,A,A,A,A,A,A,A,A,A,A,A,A,A,A,A,A,A,A,A,A,A,H,H,H,H,NA,A,A,A,A,A,A,A,A,A,A,A,A,A,A,A,A,A,NA,A,A,A,A,A,A,A,A,A,A,A,A,H,H,H,H,H,H,H,H,H,H,H,H,H,H,H,H,H,H,H,H,H,H,H,H,H,H,NA,H,H,H,H,NA,H,H,H,H,H,H,H,H,H,H,A,A,A,A,A,A,A,A,A,A,A,A,A,NA,A,A,A,A,NA,A,A,NA,NA,H,A,A,A,A,A,A,A,A,A,A,A,A,A,H,H,H,H,H,H,H,H,H,H,H,H,H,H,H,H,H,H,H,H,H,H,H,H,H,H,H,H,H,H,H,H,H,H,H,H,H,H,A,A,A,A,A,A,A,A,H,A,A,A,A,H,H,H,H,H,H,A,A,A,A,A,A,A,A,NA,A,A,A,A,A,A
4.591475,H,H,H,H,H,H,H,H,H,H,H,H,H,H,H,H,H,H,H,H,A,A,A,A,A,A,A,A,A,A,A,A,A,A,A,A,A,H,H,A,A,NA,A,H,H,H,H,H,H,H,H,H,H,H,H,H,NA,H,H,NA,H,H,H,H,H,H,H,H,H,H,H,H,H,H,H,H,H,H,H,H,H,H,H,A,A,A,A,A,A,A,A,A,H,H,H,H,H,H,H,H,H,H,H,H,H,A,A,A,A,A,A,A,A,A,A,A,A,A,A,A,A,A,A,A,A,A,H,NA,H,H,H,H,H,H,H,H,NA,H,H,H,H,H,H,H,A,NA,A,A,A,A,A,A,A,A,A,A,A,A,A,H,H,H,H,H,H,H,H,A,A,A,A,A,A,A,A,A,A,A,A,A,A,A,A,A,A,A,A,A,H,H,H,H,H,H,A,A,A,A,A,A,A,A,A,H,H,H,H,H,A,A,A,A,A,A,A,A,A,A,A,A,A,A,A
5.0665,H,H,H,H,H,H,H,H,H,H,H,H,H,H,H,H,H,H,H,H,H,H,A,H,H,H,H,H,H,H,H,H,H,H,H,A,A,A,A,A,A,A,A,A,A,NA,A,A,A,A,A,H,H,H,H,H,NA,NA,H,H,H,H,A,A,A,H,H,A,A,A,A,A,A,A,A,NA,NA,A,A,A,A,A,A,A,A,H,H,H,H,H,H,H,H,H,H,H,H,H,H,H,H,H,H,H,H,H,H,H,H,H,H,H,H,H,H,A,A,A,A,A,A,A,A,A,A,A,A,NA,A,A,A,A,A,A,A,A,NA,A,H,H,H,H,H,H,H,H,H,H,A,H,H,H,NA,H,H,H,H,NA,H,A,A,A,A,A,A,A,A,H,H,H,H,H,A,A,A,A,NA,A,A,A,A,A,A,A,A,A,A,A,A,H,H,H,H,H,H,H,H,H,H,H,A,A,H,H,H,H,H,H,H,H,H,NA,H,H,NA,H,H,H,H,H,H,H,H
6.14295,A,A,A,A,A,A,A,A,A,A,A,A,A,A,A,A,A,A,A,A,A,A,A,A,A,A,A,A,A,A,A,A,A,A,A,H,H,A,A,A,A,A,A,A,A,A,A,A,A,A,A,A,NA,A,A,A,A,NA,A,A,A,A,NA,A,A,A,A,A,A,A,A,A,A,A,H,H,NA,A,A,A,A,A,A,A,A,A,A,A,A,A,A,A,A,A,A,A,A,A,A,A,A,A,A,A,A,A,A,A,A,A,A,A,A,H,H,H,H,H,H,NA,H,H,H,H,H,H,H,NA,A,A,A,A,A,A,A,NA,NA,H,H,H,H,H,H,H,H,NA,H,H,H,H,H,H,H,A,A,A,A,A,A,A,A,A,A,A,A,A,A,H,H,H,H,H,H,H,H,H,H,H,H,H,H,H,H,A,A,A,A,A,A,H,H,H,H,H,NA,H,H,H,H,H,H,H,H,H,H,H,H,H,A,A,A,A,A,A,A,A,A,A,A,A,A,H,H
5.541775,H,H,H,H,H,H,H,H,H,H,H,H,H,H,H,H,H,H,H,H,H,H,H,H,H,H,H,H,H,H,H,H,H,H,H,H,H,H,H,H,H,H,H,H,H,H,H,H,H,H,H,H,H,H,H,H,H,NA,H,A,A,A,A,A,A,A,A,A,A,A,A,A,A,A,A,A,A,A,A,A,A,A,A,A,A,A,A,A,A,A,A,A,NA,A,A,A,A,H,H,H,H,H,H,H,H,A,A,A,A,A,A,A,A,A,A,A,A,A,A,A,A,A,A,A,A,A,A,NA,A,A,A,A,A,A,A,A,NA,NA,A,A,A,A,A,A,A,A,H,H,H,H,H,H,H,A,A,A,A,A,A,A,A,A,A,A,A,A,A,H,H,H,H,H,H,H,H,H,H,H,H,H,H,H,H,A,A,A,A,A,A,A,A,A,A,A,A,A,A,A,A,A,A,A,A,A,A,A,A,A,A,A,A,A,A,A,A,A,A,A,A,A,A,A,A
4.8820375,H,H,H,H,H,H,H,H,H,H,H,H,H,H,H,H,H,H,H,H,H,H,H,H,H,H,H,H,H,H,H,H,H,H,H,A,A,A,A,A,A,A,A,A,A,A,A,A,A,A,A,A,A,A,A,A,A,NA,A,NA,A,A,H,A,A,A,A,A,A,A,A,A,A,A,A,A,A,A,A,A,H,H,H,H,H,H,A,A,A,A,A,A,A,A,A,A,H,H,H,H,H,H,H,H,H,H,H,H,H,H,H,H,H,H,H,H,H,H,H,H,H,H,H,H,H,H,H,NA,H,H,H,H,NA,H,A,A,NA,A,A,A,A,A,A,A,H,NA,H,H,H,H,H,H,H,H,H,H,H,H,H,H,H,H,H,H,H,H,H,H,H,A,A,A,A,A,A,A,A,A,A,A,A,A,A,A,A,A,A,A,H,H,H,H,H,H,A,A,A,A,A,A,A,A,A,A,A,A,A,A,H,H,H,H,H,H,H,H,H,A,A,A,A,A,A
5.08015625,H,H,H,H,H,H,H,H,H,H,H,H,H,H,H,H,H,H,H,H,H,H,H,H,H,H,H,H,H,H,H,H,H,H,H,A,A,A,A,A,A,NA,H,H,H,H,H,H,H,H,H,H,H,H,H,H,H,H,H,H,H,H,H,H,A,A,A,A,A,A,A,A,A,A,H,H,H,H,H,H,H,H,H,H,H,H,H,H,H,H,H,A,A,A,A,A,A,A,A,A,A,A,A,A,A,A,A,A,A,A,A,H,H,H,H,H,H,H,H,H,H,H,H,H,H,H,H,NA,H,H,H,H,H,H,H,H,NA,H,A,A,A,A,A,H,H,H,H,H,H,H,H,H,H,H,H,H,A,A,A,A,A,A,A,A,A,A,A,H,H,A,A,A,A,A,A,A,A,A,A,A,A,A,A,A,H,H,H,H,H,A,A,A,A,A,NA,A,A,A,A,A,A,A,A,A,A,A,A,A,A,A,A,A,A,NA,A,A,A,H,H,H,H,H,H
5.21370625,H,H,H,H,H,H,H,H,A,A,A,A,A,A,A,A,H,H,H,H,H,H,H,H,H,H,H,H,H,H,H,H,H,H,H,H,H,A,A,A,A,NA,A,A,A,A,A,A,A,A,A,A,A,A,H,H,H,H,H,A,A,A,A,A,A,A,A,A,A,A,A,A,A,A,A,A,NA,A,A,A,A,A,A,A,A,A,A,A,A,A,H,H,H,H,H,H,NA,H,H,H,H,H,A,A,A,A,A,A,A,A,H,H,H,H,H,H,H,A,A,A,A,A,A,A,A,A,A,NA,A,A,A,A,A,A,A,A,NA,A,A,A,A,A,A,A,A,A,A,A,A,A,NA,A,A,NA,A,A,A,A,A,A,A,A,A,A,A,A,A,H,H,H,H,H,H,H,H,H,NA,H,H,H,H,H,H,H,H,H,H,A,A,H,H,H,H,H,H,H,H,H,A,A,A,A,A,A,A,A,A,A,H,H,H,H,H,H,H,H,H,H,H,H,H,H,H
5.32865625,H,H,H,H,H,H,A,A,A,A,A,A,A,A,A,A,A,A,A,A,A,A,A,A,A,A,A,NA,A,A,A,A,A,A,A,A,A,H,H,H,H,H,H,H,H,H,H,H,H,H,H,H,H,H,H,H,H,H,H,H,H,H,H,H,A,A,A,A,A,A,A,A,A,A,A,NA,H,H,H,H,H,H,H,H,H,H,H,A,A,A,A,A,A,A,A,A,A,A,A,A,A,A,A,A,A,H,H,A,A,A,A,A,A,A,A,A,NA,A,A,A,A,A,A,A,A,A,A,NA,A,A,A,A,A,A,H,H,NA,NA,A,A,A,A,A,A,A,NA,A,A,H,H,H,H,H,H,H,H,A,A,A,A,A,A,A,A,A,A,A,A,A,A,A,A,A,A,A,H,H,H,H,H,H,H,H,H,H,H,H,H,H,A,A,A,A,A,A,A,A,A,A,A,H,H,H,H,H,H,A,A,A,A,H,H,H,H,H,H,H,H,H,H,H,H,H
6.07168125,H,H,H,H,H,H,H,H,H,H,H,H,H,H,H,H,H,H,H,H,H,NA,H,H,A,A,A,A,A,A,A,A,A,NA,A,A,A,H,H,H,H,H,H,NA,H,H,H,H,H,H,H,H,H,H,A,A,A,NA,A,A,A,A,A,A,A,A,A,A,A,A,A,A,A,A,H,H,H,H,A,NA,A,A,A,A,A,A,A,A,A,A,A,A,NA,A,A,A,A,A,A,A,A,A,H,H,H,H,H,H,H,H,H,A,NA,A,A,A,NA,A,A,A,A,A,A,A,A,H,NA,NA,H,A,H,H,H,H,H,H,NA,H,H,H,H,H,H,H,H,NA,H,NA,H,H,NA,H,A,A,A,A,A,A,A,A,A,A,A,A,A,A,A,H,H,H,H,H,H,H,H,H,H,H,H,H,H,H,H,H,H,H,H,H,H,A,A,A,A,A,NA,H,H,H,H,H,H,H,H,H,H,NA,A,A,A,A,A,A,A,H,H,H,H,H,H,H,H,H,H
4.573675,H,H,H,H,H,H,H,H,H,H,H,H,A,A,A,A,A,A,A,A,A,A,A,A,A,H,H,H,H,H,H,H,H,H,H,H,H,A,A,A,A,A,A,A,A,A,H,H,H,H,H,H,H,H,H,H,H,H,H,H,H,H,H,H,H,A,A,A,A,A,A,A,A,A,A,A,A,A,A,A,NA,H,H,H,H,H,H,H,H,H,H,H,NA,H,A,A,A,A,A,A,A,A,A,A,A,H,H,H,H,H,H,H,H,H,H,H,H,H,H,H,H,H,H,H,H,H,H,NA,H,H,H,H,H,H,H,A,NA,H,H,H,H,H,H,H,H,H,H,H,H,H,H,H,H,H,A,A,A,H,H,H,H,H,H,H,H,H,H,A,A,A,A,A,H,H,H,A,A,A,A,A,A,A,A,A,A,A,A,A,H,H,H,H,H,H,A,A,A,A,A,A,A,A,A,A,H,H,H,H,H,H,H,H,H,H,H,H,H,H,H,H,H,H,A
5.34479375,H,H,H,H,H,H,H,H,H,H,H,H,H,H,H,H,H,H,H,H,A,A,A,A,A,A,A,A,A,A,A,A,A,A,A,A,A,A,A,A,A,A,A,A,A,A,A,A,A,A,A,H,H,H,H,H,H,H,H,H,H,H,A,A,A,A,NA,A,A,A,A,A,A,A,H,H,H,H,H,H,H,H,H,H,H,H,H,H,H,H,H,A,A,A,A,A,A,A,A,A,A,A,A,A,A,A,A,A,A,A,A,A,A,A,A,A,A,A,A,A,A,A,A,A,A,A,A,NA,A,A,A,A,A,A,A,NA,NA,A,H,H,H,NA,H,H,H,A,A,A,A,A,NA,A,A,A,A,A,H,H,H,H,H,H,H,H,H,H,H,H,H,H,H,H,H,H,H,H,H,H,H,H,H,H,H,H,H,H,H,H,H,A,A,A,A,A,A,A,A,A,A,A,H,A,A,A,A,A,A,A,H,H,H,H,H,H,A,A,A,A,A,A,A,A,A
5.2505375,H,H,H,H,H,H,H,H,H,H,H,H,H,H,H,H,H,H,H,H,H,H,H,H,H,H,H,H,H,A,A,A,A,A,A,A,A,A,A,A,A,A,A,A,A,A,A,A,A,A,A,A,A,H,H,H,H,NA,H,NA,NA,NA,H,H,H,H,H,H,H,H,H,H,H,H,H,H,H,H,H,H,H,H,H,H,H,H,H,H,H,H,H,H,H,A,A,A,A,A,A,A,A,A,A,A,A,H,H,H,H,H,H,H,H,A,A,A,A,A,A,A,A,A,A,A,A,A,A,NA,A,A,A,A,A,A,H,H,NA,NA,H,H,H,H,H,H,H,NA,H,H,H,H,H,H,H,A,A,A,A,A,A,A,A,A,A,A,A,A,A,H,H,H,H,H,H,H,H,H,H,H,H,A,H,H,H,H,H,H,H,H,A,H,H,H,H,H,H,H,H,H,H,H,H,H,H,H,H,A,A,A,A,A,A,A,H,H,H,H,H,H,H,H,H,H,H
5.809975,A,A,A,NA,A,A,A,A,A,A,A,A,A,A,A,A,A,A,A,A,A,H,H,H,H,H,H,H,H,H,H,H,A,A,A,A,A,A,A,A,A,A,A,A,A,A,A,A,A,A,A,A,A,A,A,A,A,NA,A,A,A,A,A,A,A,A,A,A,A,A,A,A,A,A,A,NA,A,A,A,A,A,A,A,A,A,A,A,A,A,A,A,H,H,H,H,H,H,H,NA,H,H,H,H,H,H,A,A,A,A,A,A,A,A,A,A,A,A,A,A,A,A,A,A,A,A,A,A,NA,A,A,A,A,A,A,A,A,NA,NA,A,A,A,A,A,H,H,H,H,H,H,H,H,H,H,H,H,H,H,A,A,A,A,A,A,A,A,A,A,A,A,A,A,A,A,A,A,A,A,A,A,A,A,A,A,A,A,H,H,H,H,H,H,H,H,H,H,H,H,H,A,A,A,A,A,A,A,A,A,A,A,A,A,A,A,A,A,A,A,A,A,A,A,A,A
4.64625,A,H,H,H,H,H,H,H,H,H,H,H,H,H,H,H,H,H,H,H,H,H,H,H,H,H,H,A,A,A,A,A,A,NA,A,A,A,A,A,A,A,A,A,H,H,H,H,H,H,H,H,H,H,H,H,NA,H,H,H,NA,H,H,H,H,A,A,A,A,A,A,A,A,A,A,A,NA,A,A,A,A,A,A,A,A,A,A,A,A,A,A,A,NA,A,A,A,A,A,NA,A,A,A,A,A,A,A,A,NA,A,A,NA,H,H,H,H,H,H,H,H,H,H,H,H,H,NA,H,H,H,NA,H,NA,H,H,H,H,H,H,NA,H,H,H,H,H,H,H,H,H,H,NA,H,H,H,H,H,NA,H,H,H,H,H,H,H,H,H,H,H,H,H,A,A,A,A,A,A,A,A,A,NA,A,A,H,H,H,H,H,H,H,H,H,A,A,A,NA,H,H,NA,H,H,H,H,H,H,H,A,A,A,A,A,H,H,H,H,H,H,H,H,NA,H,H,H,H,H,H,H
4.12375625,A,A,A,H,H,H,H,H,H,H,H,H,H,H,H,H,H,H,A,A,A,A,A,A,A,H,H,H,H,A,A,A,A,A,A,A,A,H,H,H,H,H,H,H,H,H,H,H,H,A,A,A,A,A,H,H,NA,H,H,H,H,H,H,H,H,H,H,H,H,H,H,A,A,A,A,A,H,H,H,H,H,H,H,H,H,H,H,H,H,H,H,H,H,H,H,H,H,H,H,H,H,H,H,NA,H,A,A,A,A,A,A,A,A,A,A,A,A,A,A,A,A,A,A,A,A,A,A,NA,A,A,A,A,A,A,A,A,NA,A,A,A,A,A,A,H,H,H,H,H,H,H,H,H,H,H,H,H,H,H,H,H,H,H,H,H,H,H,H,A,A,A,A,A,A,A,A,A,A,A,A,A,A,A,A,A,A,A,A,A,H,H,H,A,A,A,A,A,A,A,A,A,A,A,A,A,A,A,A,A,A,A,A,A,A,A,A,A,A,A,A,A,A,A,A
5.19295625,H,H,H,H,A,A,A,A,A,A,A,A,A,A,A,A,A,A,A,A,A,A,A,A,A,A,A,A,A,A,A,A,A,A,A,A,A,A,A,A,A,A,A,A,A,A,A,A,A,A,A,A,A,A,A,A,A,A,A,A,A,A,A,A,A,A,A,A,A,A,H,H,H,H,H,H,H,A,A,A,A,H,H,H,H,H,H,H,H,H,H,H,H,H,H,H,H,H,H,H,H,H,H,H,H,H,H,H,H,H,H,H,H,H,H,H,A,A,A,A,A,A,A,A,A,A,A,NA,A,A,A,A,A,A,A,A,NA,NA,H,H,H,H,H,H,H,NA,H,H,H,H,H,H,H,H,H,H,H,H,H,H,H,H,H,NA,H,H,H,H,H,H,H,H,H,H,H,H,A,A,A,H,H,H,H,H,H,H,H,H,H,H,H,H,H,H,H,H,H,H,H,H,H,H,H,H,H,H,H,H,H,H,H,H,H,H,H,A,A,A,A,A,A,A,A
5.1300875,A,A,A,A,H,H,NA,H,H,H,H,H,H,H,H,H,H,NA,H,A,A,A,A,A,A,A,A,A,A,A,A,A,H,H,A,H,H,H,H,H,H,H,NA,H,H,H,H,H,H,H,H,H,H,NA,H,H,H,H,H,H,H,H,A,A,A,A,A,A,A,A,A,A,A,A,A,A,A,H,H,H,H,H,H,H,H,H,H,H,H,H,H,H,H,H,H,H,H,H,H,H,H,H,H,A,A,H,H,H,H,H,H,NA,H,H,A,A,A,A,A,A,A,H,H,H,H,H,H,NA,A,A,A,A,A,A,A,A,NA,A,A,A,H,H,H,H,H,H,H,H,H,H,H,H,H,H,H,H,H,H,A,A,A,A,A,NA,NA,A,A,H,H,H,H,H,H,H,H,H,H,H,H,H,H,H,H,H,NA,H,H,H,H,H,H,H,H,H,H,H,H,NA,H,H,H,H,H,H,H,H,H,A,H,H,H,H,H,H,H,H,H,H,NA,H,H,H,H
5.15438125,H,H,H,H,H,H,A,A,A,A,A,A,A,A,A,A,A,NA,A,A,A,A,A,A,A,NA,A,A,A,A,A,A,A,A,A,H,H,H,H,NA,H,H,H,H,H,NA,H,H,A,A,A,A,A,A,A,NA,A,NA,A,A,A,A,A,A,A,A,A,A,A,A,A,A,NA,A,H,H,H,H,H,H,A,A,A,A,A,A,A,A,A,A,NA,A,A,A,H,H,H,H,H,H,H,NA,H,H,H,H,NA,H,H,H,H,NA,H,H,H,H,H,H,H,NA,H,H,H,H,H,NA,A,NA,A,A,A,A,A,A,A,A,NA,H,A,A,A,A,A,A,A,A,A,A,A,A,A,A,A,A,A,A,H,H,H,H,NA,H,H,NA,H,H,H,H,H,H,H,H,H,H,H,H,H,H,H,H,H,H,H,H,H,H,H,H,A,A,A,NA,A,A,NA,NA,A,A,A,A,A,A,A,A,A,H,H,H,H,H,H,H,H,NA,H,NA,H,H,H,H,H,H,H
5.4608,A,A,A,A,A,A,A,A,A,A,A,A,A,A,A,A,A,A,H,H,H,H,H,H,H,H,H,H,H,H,H,H,H,H,H,H,H,A,A,A,A,A,A,A,A,A,A,A,A,A,A,A,A,H,H,H,H,H,H,H,NA,H,H,H,H,H,H,H,H,H,H,H,NA,H,A,A,A,A,A,A,A,A,A,A,A,A,A,A,A,A,A,A,NA,H,H,H,H,H,NA,H,H,H,H,NA,H,H,H,H,H,H,A,A,A,A,A,A,A,A,A,A,A,A,A,A,A,A,A,NA,A,A,A,A,A,A,A,A,NA,A,H,H,H,H,H,H,H,H,A,A,A,A,A,A,A,H,H,H,H,H,H,H,H,H,H,H,NA,H,H,H,H,H,H,NA,H,H,A,A,A,A,A,NA,A,A,A,A,A,A,A,H,H,H,H,H,H,H,H,H,A,A,A,NA,A,A,A,A,A,A,A,H,H,H,H,H,H,H,H,H,H,H,H,H,H,H,H
5.4617,A,A,A,A,A,A,A,A,A,A,A,A,A,A,A,A,A,A,A,A,A,A,A,A,A,H,H,H,H,H,H,H,H,H,H,H,H,A,A,A,A,NA,A,A,A,A,A,A,A,A,A,A,A,A,A,A,A,A,A,A,NA,A,A,A,A,A,A,A,A,A,A,A,A,A,A,A,A,A,A,A,A,A,A,NA,A,A,A,A,A,A,A,A,NA,H,H,H,H,H,H,H,H,H,H,NA,H,A,A,A,A,A,A,A,A,A,A,A,A,A,A,A,A,A,A,A,A,A,A,NA,H,H,H,H,H,H,H,H,NA,H,A,A,A,A,A,A,A,A,A,A,A,A,A,A,A,A,A,A,A,A,A,A,A,A,A,H,NA,H,H,A,A,A,A,A,A,A,A,A,A,H,H,H,H,H,H,H,H,H,H,H,H,H,H,H,H,H,H,H,H,H,H,H,H,H,H,H,H,H,H,H,A,A,A,A,A,A,A,A,H,H,H,H,H,H,H
5.69200625,H,H,H,H,H,H,H,H,H,H,H,NA,H,H,H,H,H,NA,H,H,A,A,A,A,A,A,A,A,A,A,A,H,H,H,H,A,A,H,H,H,H,H,H,H,NA,H,A,A,A,A,A,A,A,A,A,A,A,A,A,A,NA,A,NA,A,A,A,A,A,A,A,A,A,A,A,A,A,A,A,A,A,A,A,A,A,A,NA,A,A,A,A,A,A,A,H,H,H,H,H,H,H,H,H,H,H,H,H,H,H,H,H,H,NA,H,H,A,A,A,A,A,A,A,A,A,A,A,A,A,NA,A,A,A,NA,A,A,A,A,NA,A,H,H,H,H,H,H,H,H,H,H,A,A,A,A,A,H,H,H,H,H,H,H,H,H,H,H,NA,H,NA,A,A,A,A,NA,A,A,A,A,A,A,A,A,A,A,A,A,A,A,A,A,H,A,A,A,A,A,H,H,H,H,H,H,H,H,H,H,H,A,A,A,A,A,A,A,A,A,A,A,A,A,A,A,A,A,A
5.40489375,H,H,H,H,H,H,H,H,H,H,H,H,H,H,H,H,H,H,A,A,A,A,A,A,A,A,A,A,A,A,A,A,A,A,H,A,A,A,A,A,A,A,A,A,A,A,A,A,A,A,A,A,A,A,A,A,A,A,A,A,NA,A,NA,H,H,H,H,H,A,H,H,H,H,H,H,H,H,H,H,A,A,A,A,A,A,A,H,H,H,H,H,H,H,H,H,H,H,H,NA,A,H,A,A,A,A,H,H,A,A,A,A,A,A,A,A,A,A,A,A,A,A,A,A,A,A,A,A,NA,A,A,A,A,A,A,A,A,NA,NA,A,A,A,H,H,H,H,H,H,H,H,H,H,H,H,H,H,H,H,H,H,H,H,H,H,H,H,H,NA,A,A,A,A,A,A,A,A,NA,A,A,A,A,A,A,A,A,A,A,A,A,A,A,A,A,A,A,H,H,H,H,H,H,H,H,H,H,H,H,H,H,H,H,H,H,H,H,H,H,NA,H,H,H,H,H,H
5.1283375,A,A,A,A,A,A,A,A,A,A,A,A,A,A,A,A,A,A,A,A,A,A,A,A,A,A,A,A,A,A,A,A,A,A,A,A,A,H,H,H,H,H,H,H,H,H,H,H,H,H,H,H,H,H,H,H,H,H,H,H,H,H,H,H,H,H,H,H,A,H,H,H,H,H,H,H,H,H,H,H,H,H,H,H,H,H,H,H,H,H,H,H,H,H,H,H,H,H,H,H,H,H,H,H,H,A,A,A,A,A,A,A,A,A,A,A,A,A,A,A,A,A,A,A,A,A,A,NA,A,A,A,A,A,A,A,A,NA,H,H,H,H,H,A,A,A,A,A,A,A,A,A,A,A,A,A,A,A,A,A,A,A,A,A,A,A,A,NA,A,A,A,A,A,A,A,A,NA,NA,A,A,A,A,A,A,A,A,A,A,A,A,H,H,NA,H,H,H,H,H,H,H,H,A,A,A,A,A,A,A,A,A,A,A,A,A,NA,A,A,A,A,A,A,A,A,A
5.82215,H,H,H,H,H,H,H,H,H,H,H,H,H,H,H,H,H,H,H,H,H,H,H,H,H,H,H,H,H,H,H,H,A,A,A,A,A,A,A,A,A,A,A,A,A,A,H,H,H,H,H,H,H,H,A,A,A,A,A,A,A,A,A,A,A,A,A,A,A,A,A,A,A,A,H,H,H,H,H,H,A,A,A,A,A,A,A,A,NA,A,A,A,NA,A,A,A,A,A,A,A,A,A,A,A,A,A,A,A,A,A,A,NA,A,A,A,A,A,A,A,A,A,A,A,A,A,A,A,NA,A,A,A,A,A,A,A,A,NA,H,A,A,A,A,A,A,A,A,A,A,A,A,A,A,A,A,A,A,A,A,A,A,A,A,A,A,A,A,A,A,A,A,A,A,A,A,A,A,H,H,H,H,H,H,H,H,H,H,H,A,A,A,A,A,A,A,H,H,H,H,H,H,H,H,H,H,H,H,H,H,H,H,H,H,H,H,A,A,A,A,A,A,A,A,A
5.2273375,A,A,A,A,A,A,A,A,A,H,H,H,H,H,H,H,H,H,H,H,H,H,H,H,H,H,H,H,H,H,H,H,H,H,H,H,H,H,A,A,A,A,A,A,A,A,A,A,A,A,A,A,A,A,A,A,A,H,H,H,H,H,H,H,H,H,A,A,A,A,A,A,A,A,A,NA,A,A,A,A,A,A,A,A,A,A,A,A,A,A,A,NA,A,A,A,A,A,A,A,A,A,A,A,A,NA,A,A,A,A,A,A,A,A,A,A,A,A,A,A,A,H,H,H,H,H,H,H,NA,A,A,A,A,A,A,H,H,H,NA,H,H,H,H,H,H,H,H,H,H,H,H,H,H,H,H,H,H,H,H,H,H,H,A,A,A,A,A,A,H,H,H,H,H,A,A,A,A,A,A,A,A,A,A,A,A,A,A,A,A,A,A,A,A,A,A,A,H,H,H,H,H,H,H,H,H,A,H,H,H,H,H,H,H,H,H,H,H,H,H,A,A,A,A,A
4.93971875,A,A,A,A,A,A,A,A,A,A,A,H,H,H,H,H,H,H,H,H,NA,H,H,H,H,H,H,H,H,H,H,H,H,H,H,A,A,H,H,H,H,H,H,NA,H,H,H,H,H,H,H,H,H,H,H,H,H,NA,H,H,H,H,H,H,H,H,H,H,H,H,H,H,H,H,H,H,H,H,H,H,NA,H,H,H,H,H,H,H,H,H,H,H,NA,H,H,H,H,H,H,H,H,H,H,H,H,H,H,H,H,H,H,H,H,H,H,H,H,H,H,H,H,H,H,H,H,H,H,NA,A,A,A,A,NA,A,H,H,NA,H,H,H,H,H,H,H,H,H,H,H,A,A,A,A,H,H,H,H,H,H,H,H,H,H,H,H,H,H,NA,A,A,A,A,A,A,A,A,NA,A,A,A,H,H,H,H,A,A,A,A,A,A,H,H,H,H,H,H,H,H,H,H,H,H,H,H,NA,H,H,H,H,H,H,H,H,H,H,H,H,NA,H,H,H,H,H,H
5.46035,A,A,A,A,A,A,A,A,A,A,A,A,A,A,A,A,A,A,A,A,A,A,A,A,A,A,A,A,A,A,A,A,A,A,A,A,A,A,A,A,A,A,A,A,NA,A,A,A,A,A,A,A,A,A,A,A,A,A,A,A,NA,A,A,A,A,A,A,A,A,A,A,A,A,A,H,H,H,H,H,H,A,A,A,A,A,A,A,NA,A,A,A,A,A,A,H,H,H,H,H,H,H,H,H,NA,H,H,H,H,A,A,A,A,A,A,A,A,A,A,A,A,A,A,A,A,A,A,H,NA,H,H,H,H,H,H,H,H,H,H,A,A,A,A,A,A,A,A,A,A,A,A,A,A,A,A,A,A,A,A,A,A,A,A,A,A,A,A,A,H,H,H,H,NA,A,A,A,A,A,A,A,A,A,A,A,A,A,A,A,A,A,H,H,H,H,H,H,H,H,H,H,H,H,H,H,H,H,H,H,H,A,A,A,A,A,A,A,A,A,A,A,A,A,A,A
5.1445625,H,H,H,H,H,H,H,H,H,H,H,H,H,H,H,H,H,H,H,H,H,H,H,H,H,H,H,H,H,H,H,H,H,H,H,H,H,A,A,A,A,NA,A,A,A,A,A,A,H,H,H,H,NA,H,H,H,H,NA,H,H,A,A,A,A,A,A,A,A,A,A,A,H,H,H,H,H,H,H,H,H,H,H,H,H,H,H,H,H,H,H,H,H,H,H,H,H,H,H,H,H,H,H,H,H,H,H,NA,H,H,A,A,A,A,A,A,A,A,A,NA,A,A,A,A,A,A,A,A,NA,A,A,A,A,A,A,A,A,A,NA,A,A,A,A,A,NA,H,H,H,H,H,H,H,H,H,H,NA,H,H,H,H,H,H,H,H,H,H,H,H,A,A,A,A,A,A,H,H,H,H,H,H,H,H,H,H,H,A,A,A,A,A,A,A,A,A,A,NA,A,A,A,A,A,A,A,A,A,A,A,A,A,H,H,H,H,H,H,H,H,H,H,H,H,H,H,H
5.6492,H,H,H,H,H,NA,H,H,H,H,H,H,H,H,H,H,H,NA,H,A,A,A,A,A,A,A,A,A,A,A,A,A,A,A,A,A,A,H,H,H,H,H,H,H,H,H,H,H,H,H,H,H,H,H,H,H,H,H,H,NA,H,H,H,H,H,H,H,H,H,H,H,H,H,H,A,A,A,A,A,A,A,A,A,A,A,A,A,A,A,A,A,A,NA,A,A,A,A,A,A,A,A,NA,A,NA,H,A,A,A,A,A,A,A,A,A,A,A,A,A,A,NA,A,A,A,A,A,NA,H,NA,H,NA,H,H,H,A,A,A,A,A,H,H,A,A,A,A,A,A,A,NA,A,A,A,A,A,A,A,A,A,A,A,A,NA,A,A,NA,A,A,A,A,NA,A,A,A,A,A,H,H,H,H,H,H,H,H,H,H,H,H,A,A,H,A,A,NA,A,A,A,NA,A,A,A,A,A,A,A,A,A,A,A,A,A,A,A,A,A,NA,A,A,A,A,H,H,H,H,H
4.78566875,A,A,A,A,A,A,A,A,A,A,A,A,A,A,A,A,A,A,A,A,A,A,A,A,A,A,A,A,A,A,A,A,A,A,A,A,A,A,A,A,A,A,A,A,A,A,H,H,H,H,H,H,A,A,A,A,A,NA,A,NA,A,A,H,H,H,H,H,H,H,H,H,H,H,H,A,A,A,A,A,A,H,H,H,H,H,H,H,H,H,H,A,A,A,A,A,A,A,A,A,A,NA,H,H,NA,H,H,H,H,H,H,H,H,H,H,H,H,H,H,H,H,H,H,H,H,H,H,H,H,A,A,A,A,A,A,A,A,A,H,H,H,H,H,H,H,H,H,H,H,H,H,H,H,H,H,H,H,H,H,H,H,H,H,H,H,H,H,H,H,H,H,H,H,H,H,H,H,H,H,H,H,H,H,H,H,H,H,H,H,H,A,A,A,A,A,A,A,A,A,A,A,A,A,A,A,H,H,H,H,H,H,H,H,H,H,H,H,A,A,A,A,A,A,A
5.52045,A,A,A,A,A,A,A,A,A,A,A,A,A,A,A,A,A,A,A,A,A,A,A,A,A,A,A,A,A,A,A,A,H,H,H,H,H,A,A,A,A,A,A,A,A,A,A,A,A,A,A,A,A,A,A,A,A,A,H,NA,A,A,A,A,A,A,A,A,A,A,A,A,A,H,A,H,A,A,A,A,NA,A,A,H,H,H,H,H,H,H,H,H,NA,H,H,H,H,H,NA,H,H,H,H,A,A,A,A,A,A,A,A,A,A,A,A,A,A,A,A,A,A,A,A,A,A,A,A,A,A,A,A,H,H,H,H,H,H,NA,H,H,H,H,H,H,A,A,A,A,A,A,A,A,A,A,A,A,A,A,A,A,A,A,A,NA,A,A,NA,A,A,A,A,A,A,A,A,NA,NA,A,A,A,A,A,A,A,A,A,A,A,A,H,H,H,H,H,A,A,A,A,A,A,A,A,A,A,A,A,A,A,H,H,H,H,H,H,H,H,NA,H,H,H,H,H,H
5.04064375,H,H,H,H,H,A,A,A,A,A,A,A,A,A,A,A,A,A,A,A,A,A,A,A,A,A,A,A,A,A,A,A,A,A,A,H,H,A,A,A,A,NA,H,H,H,H,H,H,H,H,H,H,H,H,H,H,H,H,H,NA,A,A,A,A,A,H,H,H,H,H,H,H,H,H,H,H,H,H,H,H,H,H,H,H,H,H,H,H,H,H,H,H,NA,H,H,H,H,H,H,H,A,A,A,A,H,H,H,H,H,H,H,H,H,H,H,H,H,H,NA,H,H,H,H,H,H,H,H,H,A,A,A,A,A,A,A,A,A,A,H,H,H,NA,H,H,H,H,H,H,H,H,H,H,H,H,H,H,H,H,H,H,H,H,H,H,H,H,H,H,H,H,H,H,H,H,A,A,A,A,A,A,A,A,A,A,A,A,A,A,H,A,A,A,A,A,H,H,H,H,H,H,H,H,H,H,H,H,H,H,H,H,H,H,H,H,H,H,H,H,H,H,H,H,H
5.16960625,H,A,A,A,H,H,H,H,H,H,H,H,H,H,H,H,H,H,H,A,A,A,A,A,A,A,A,A,A,A,A,A,A,A,A,A,H,A,A,A,A,NA,A,A,A,A,A,A,A,A,A,A,A,A,A,A,A,NA,A,NA,A,A,A,A,A,A,A,A,A,A,A,A,A,A,H,H,H,H,H,H,H,H,H,H,H,H,H,H,H,H,H,H,NA,H,H,H,H,H,H,H,A,A,A,A,A,A,A,H,H,H,H,H,H,H,H,H,H,H,H,H,H,H,H,H,H,H,H,H,H,H,H,H,H,H,A,A,NA,NA,H,H,H,H,H,H,H,H,H,H,H,H,H,H,H,H,H,H,H,H,H,H,H,H,H,H,H,H,NA,A,A,A,A,A,H,H,H,H,H,H,H,H,H,H,H,H,H,H,H,H,A,H,H,H,H,H,A,A,A,A,A,A,A,A,A,A,A,A,A,A,A,A,H,H,H,H,H,H,H,H,H,H,H,H,A
5.868675,A,A,A,A,A,A,A,A,A,A,A,A,A,A,A,A,A,A,H,H,H,H,A,A,A,A,A,A,A,A,A,A,NA,A,A,H,H,H,H,H,H,NA,H,H,H,H,H,H,H,H,H,H,H,H,H,H,H,H,H,H,H,H,H,H,A,A,A,A,A,A,A,A,A,A,A,A,A,A,A,A,A,A,A,A,A,A,A,A,A,A,A,NA,NA,A,A,A,A,A,A,A,A,A,A,A,A,A,A,A,A,A,A,A,A,A,A,A,A,A,A,A,A,A,A,A,H,A,A,A,A,A,A,A,A,A,A,A,A,A,H,H,H,H,H,H,H,A,A,A,A,A,A,A,A,A,A,A,H,H,H,H,H,H,H,H,H,H,H,H,H,H,H,H,H,H,H,H,H,H,H,H,H,H,H,H,H,H,H,H,H,H,H,H,H,H,A,A,A,A,A,A,A,A,A,A,A,H,H,H,H,H,H,H,H,H,H,H,H,H,A,A,H,H,H
4.9760375,H,H,H,H,H,A,A,A,A,A,A,A,A,A,A,A,A,A,A,A,A,A,A,A,A,H,H,H,H,H,H,H,H,H,H,H,H,A,A,A,A,NA,H,H,H,H,H,H,H,A,A,A,A,A,A,A,A,NA,A,H,H,H,NA,H,H,H,H,H,H,H,H,H,H,H,H,H,H,H,H,H,H,H,H,H,H,H,H,H,H,H,H,H,H,A,A,A,A,NA,A,A,A,A,A,A,A,A,A,A,A,A,A,A,A,A,A,A,A,A,A,A,A,A,A,A,A,A,A,A,A,A,A,A,A,A,A,A,NA,H,A,A,A,A,A,A,A,H,H,H,H,H,H,H,H,A,A,A,A,A,A,A,A,A,A,A,A,A,A,A,A,A,A,A,A,A,A,A,A,A,A,A,A,A,A,A,A,A,A,A,H,H,H,H,H,H,H,H,H,A,A,A,A,A,A,A,A,A,A,A,A,A,A,A,A,A,A,A,A,A,A,A,A,A,A
5.06525,A,A,A,A,A,A,A,A,A,A,A,A,A,A,A,A,A,A,A,A,A,A,A,A,A,A,A,A,A,A,A,A,A,A,A,A,A,A,A,A,A,A,A,NA,A,A,A,A,A,H,H,H,H,H,H,H,H,H,H,A,NA,A,NA,A,H,H,H,H,H,H,H,H,H,H,A,A,A,A,A,A,A,A,A,A,A,NA,A,A,A,A,A,A,A,H,H,H,H,H,H,H,H,H,H,H,H,A,A,A,A,A,H,H,H,H,H,H,H,H,H,H,H,H,H,H,H,H,H,H,H,H,H,NA,H,A,A,A,A,A,H,H,H,H,H,H,H,NA,H,H,H,H,H,H,H,H,H,H,A,A,A,A,A,A,A,NA,A,A,A,A,NA,A,A,NA,A,A,A,NA,A,A,A,A,A,A,A,H,H,H,H,H,H,A,A,A,A,A,H,H,H,H,H,H,H,H,H,A,A,A,A,A,A,A,A,A,A,A,A,NA,A,A,A,A,A,A,A
5.864075,A,A,A,A,A,A,A,A,A,A,A,A,A,A,A,A,A,A,A,A,A,A,A,A,A,A,A,A,A,A,A,A,A,A,A,A,A,A,A,H,H,H,H,H,H,H,H,H,H,H,H,H,H,H,H,H,H,H,H,H,NA,H,NA,H,H,H,H,H,H,H,H,H,H,H,A,A,A,A,A,A,A,A,A,H,H,H,H,H,H,H,H,H,H,H,H,H,H,H,H,H,H,H,H,H,H,A,A,A,A,A,A,A,A,A,A,A,A,A,A,A,A,A,A,NA,A,A,H,H,H,H,H,H,H,A,A,A,A,A,H,H,H,NA,H,H,H,H,H,H,H,H,H,A,A,A,A,H,H,H,H,H,H,H,H,H,H,H,H,A,A,A,A,H,H,H,H,H,H,H,H,H,H,H,H,H,H,H,H,H,A,A,A,A,A,A,A,A,A,A,A,A,A,A,A,A,A,A,A,A,A,A,A,A,H,H,H,H,H,H,H,H,H,H,H
5.88679375,A,A,A,A,A,A,A,A,A,A,A,A,A,A,A,A,A,H,H,H,H,H,H,H,H,A,A,NA,A,A,A,A,A,A,A,H,H,H,H,H,H,H,H,H,H,H,H,H,H,H,H,H,H,H,H,H,H,H,H,H,H,H,NA,H,H,H,H,H,H,H,H,H,H,H,A,A,A,A,A,H,H,H,H,H,H,H,H,H,H,A,A,A,A,H,H,H,H,H,H,H,H,H,A,H,A,H,H,H,H,H,H,H,H,H,H,H,H,H,H,H,H,H,H,H,H,A,A,A,A,A,A,A,A,A,H,H,H,H,H,H,H,H,H,H,H,H,H,H,H,H,H,H,H,A,A,A,A,A,A,A,A,A,A,A,A,A,A,A,A,A,A,H,H,H,H,H,H,H,H,H,A,A,A,A,A,H,H,H,H,H,H,H,H,H,A,A,A,A,A,A,A,A,A,A,A,A,H,H,H,H,H,A,A,A,A,A,A,A,A,A,A,A,A
6.069075,A,A,A,NA,A,A,NA,A,A,A,A,H,H,H,H,H,H,H,H,A,A,A,A,A,A,A,NA,NA,A,A,A,A,A,A,A,A,A,H,H,H,H,H,H,H,H,NA,H,H,H,H,A,A,A,A,A,A,NA,A,A,A,A,A,NA,H,H,H,H,H,H,H,H,H,H,H,H,H,H,H,H,H,A,A,A,A,A,A,A,A,A,A,A,NA,A,A,NA,A,A,A,H,H,H,H,H,H,H,A,A,A,A,A,A,A,A,A,A,A,H,H,H,H,H,H,H,NA,NA,H,H,H,H,H,H,H,H,H,H,NA,NA,H,H,A,A,A,A,A,A,NA,A,H,H,H,H,H,H,H,H,H,H,H,H,H,H,H,H,H,H,A,NA,A,A,A,A,A,H,H,H,NA,H,H,H,H,H,H,H,H,H,H,H,A,A,H,H,H,H,H,NA,H,H,H,H,H,H,H,H,H,H,H,H,H,H,H,H,H,H,H,H,H,H,H,H,H,H,H,H
4.87330625,H,H,H,H,H,H,H,H,H,H,H,H,H,H,H,H,H,H,H,H,NA,H,H,H,H,H,H,H,H,H,H,H,H,H,H,A,A,A,A,A,A,A,A,A,A,A,A,A,A,H,H,H,H,H,H,H,NA,A,A,A,A,A,H,H,H,H,H,H,H,H,H,H,A,A,H,H,H,H,H,H,H,H,H,NA,H,H,H,H,H,H,H,H,H,H,H,H,H,H,H,H,H,H,A,A,A,H,NA,H,H,H,H,H,H,H,H,H,H,H,H,H,H,H,H,H,H,H,H,H,H,H,H,H,H,H,H,NA,H,H,H,H,H,A,A,NA,A,A,A,A,A,A,A,H,H,H,H,H,H,H,H,H,H,H,H,H,NA,A,A,A,A,A,A,A,A,A,A,A,A,A,A,A,A,A,A,A,NA,A,A,A,A,A,A,A,A,A,NA,A,A,A,A,A,A,A,A,A,H,H,H,H,H,H,H,H,H,H,H,H,H,H,H,H,H,H,H
5.3359625,A,A,A,A,A,A,A,A,A,A,A,A,A,A,A,A,A,NA,A,A,A,A,A,A,A,A,A,A,A,A,A,A,A,A,A,A,A,H,H,H,H,H,H,H,H,H,H,H,H,H,H,A,A,A,A,A,A,A,A,A,A,A,A,A,A,A,A,A,A,A,A,A,NA,A,H,NA,A,A,A,A,A,A,A,A,A,A,A,A,A,A,A,A,NA,H,H,H,H,H,H,H,H,H,H,NA,H,A,A,A,A,A,A,A,A,A,A,A,A,A,A,A,A,A,A,A,A,H,H,H,H,H,H,NA,H,H,H,H,H,NA,A,A,A,A,A,NA,A,NA,A,A,A,A,A,A,A,A,H,H,H,H,H,H,H,H,H,NA,H,H,NA,H,NA,A,A,NA,A,A,A,NA,A,A,A,A,A,H,H,H,H,H,H,H,H,A,A,A,A,A,NA,H,H,H,H,H,H,H,H,H,H,H,H,H,H,A,A,A,A,A,A,A,H,H,H,H,H,H,H
5.56685625,A,A,A,A,A,A,A,A,A,A,A,A,H,H,H,H,H,H,H,H,H,H,H,H,H,H,H,H,H,H,H,H,A,A,A,A,A,H,H,H,H,H,H,H,H,H,H,H,H,H,H,H,H,A,A,A,A,A,A,A,A,A,A,A,A,H,H,H,H,H,H,A,A,A,A,A,A,A,A,A,A,A,A,A,A,A,A,A,A,A,A,A,A,H,H,H,H,H,H,H,H,H,H,NA,H,A,A,NA,A,A,A,A,A,A,A,A,A,A,A,A,A,A,A,A,A,A,A,A,A,A,A,A,A,A,A,A,A,A,H,H,H,H,H,H,H,NA,H,H,A,A,A,A,A,NA,H,H,H,H,H,A,A,A,A,A,A,A,A,A,A,A,A,A,A,A,A,A,A,A,A,A,A,A,A,A,A,A,A,A,A,A,A,A,A,A,A,A,H,H,H,H,H,H,H,H,H,H,H,H,A,A,A,A,A,A,A,H,H,H,H,H,H,H,H
5.384425,H,H,H,H,H,A,A,A,A,A,A,A,A,A,A,A,A,NA,A,A,A,A,A,A,A,H,H,H,H,H,H,H,H,H,H,H,A,H,H,H,H,H,H,H,H,H,H,H,H,H,H,H,H,H,H,H,H,H,H,H,H,H,A,A,A,A,A,A,A,A,A,A,A,A,H,H,H,H,H,H,H,H,H,NA,H,H,H,H,H,H,H,A,NA,A,A,A,A,A,A,A,A,A,A,A,A,A,NA,A,A,A,A,H,H,H,H,H,H,H,H,H,H,H,H,H,H,H,H,A,A,A,A,A,A,A,A,A,A,H,A,A,A,A,A,A,A,A,A,A,A,A,NA,A,A,A,A,A,A,A,A,A,A,H,H,NA,H,H,NA,A,A,A,A,A,A,A,A,NA,A,A,A,A,A,H,H,H,H,H,H,H,A,H,H,H,H,H,NA,A,A,A,A,A,A,A,A,A,A,A,A,A,H,H,H,H,H,H,H,NA,H,H,H,H,H,H,H
5.12421875,A,A,A,A,A,A,A,A,A,A,A,A,A,A,A,H,H,H,H,H,H,H,H,H,H,H,H,H,H,H,H,H,H,H,H,H,H,A,A,A,H,H,H,H,H,H,H,H,H,H,H,H,H,H,H,H,H,H,H,H,H,H,A,A,A,A,A,A,A,A,A,A,A,A,H,H,H,H,H,H,H,H,H,NA,H,H,H,H,H,H,H,H,NA,H,H,H,H,H,H,H,H,NA,H,H,H,H,H,H,H,H,H,H,H,H,A,A,A,A,A,A,A,A,A,A,A,A,A,A,H,H,H,H,H,H,H,H,NA,H,H,H,H,H,H,H,H,H,H,H,H,H,H,H,H,A,A,A,A,A,H,H,H,H,H,H,H,H,H,A,A,A,A,A,A,H,H,H,H,H,H,H,H,H,H,H,H,H,H,H,A,A,A,A,A,A,A,NA,A,A,A,A,A,A,A,A,A,A,A,A,A,A,A,A,A,NA,A,A,A,A,H,H,H,H,H
5.31165,A,A,A,A,A,A,NA,A,A,A,A,A,A,H,H,H,H,H,H,H,H,H,H,H,H,H,H,H,H,H,H,H,A,A,A,A,A,A,A,A,A,A,A,A,A,A,A,A,H,H,H,H,H,H,H,H,H,H,H,H,H,H,A,A,A,A,A,A,A,A,A,A,A,A,A,A,H,H,H,H,H,H,H,H,H,H,H,H,H,H,H,H,NA,A,A,A,A,A,A,A,A,NA,A,A,A,H,H,H,H,H,H,H,H,H,H,H,H,H,H,H,H,H,H,H,H,H,H,A,A,A,A,A,A,A,H,H,H,H,H,H,H,H,H,H,H,NA,H,H,H,H,H,H,H,NA,H,H,H,H,H,H,H,H,H,H,H,H,H,A,A,A,A,NA,A,A,H,H,H,H,H,H,H,H,H,H,NA,H,H,H,A,H,H,A,A,A,A,A,A,A,A,A,A,A,A,A,A,A,H,H,A,A,A,A,A,NA,A,A,A,A,A,A,A,A,A
5.43648125,H,H,H,H,H,H,H,H,H,H,H,H,H,H,H,H,H,H,H,H,A,A,A,A,A,A,A,NA,A,A,A,A,A,A,A,A,A,H,H,H,H,NA,H,A,A,A,A,A,A,A,A,A,A,A,A,A,A,NA,A,NA,A,A,A,A,A,A,A,A,A,A,A,H,H,H,H,H,H,H,H,H,H,H,H,H,H,H,H,H,H,H,A,A,NA,A,A,A,A,A,A,A,A,NA,A,A,A,A,A,A,A,A,A,A,A,A,A,A,A,A,A,A,A,A,A,A,A,A,A,A,A,A,A,A,A,A,A,A,H,NA,H,H,H,H,H,H,H,H,H,H,A,A,A,A,A,A,A,A,NA,A,A,A,A,A,A,A,A,A,A,H,H,A,A,A,A,A,A,A,A,A,A,A,A,A,A,A,A,A,H,H,H,H,H,H,H,H,NA,H,H,H,A,A,A,A,A,A,A,H,H,H,H,H,H,H,H,NA,H,H,H,H,H,H,A,A,A
5.28625,H,H,H,H,H,H,H,H,H,H,H,H,H,H,H,H,H,H,H,A,A,A,A,A,A,A,A,A,A,A,H,A,A,A,H,H,H,A,A,A,A,H,H,H,H,H,H,H,A,A,A,A,A,A,A,A,A,A,A,A,NA,A,A,A,A,A,A,A,A,A,A,A,A,A,NA,A,A,A,A,A,A,A,A,A,A,A,A,A,A,A,A,A,A,A,A,A,A,H,H,H,H,H,H,H,H,A,A,A,A,A,A,A,A,A,A,A,A,A,A,A,A,A,A,A,A,A,A,A,H,H,H,A,A,A,A,A,H,A,H,H,H,H,H,NA,H,H,H,H,H,H,H,H,H,H,H,H,NA,H,H,H,H,H,H,H,H,H,H,H,H,H,H,H,H,H,A,A,A,A,A,A,A,A,A,A,NA,A,A,H,H,A,A,A,A,A,A,A,A,A,A,A,A,A,A,A,H,H,H,H,H,H,H,H,H,H,H,H,H,H,H,H,H,H,H
5.382125,H,H,H,A,A,A,A,A,A,A,A,A,A,A,A,A,A,A,A,A,A,A,A,A,A,A,A,NA,A,A,A,A,A,A,A,H,H,H,H,H,H,H,H,A,A,A,A,A,A,A,A,A,A,A,A,A,A,A,A,A,A,A,H,H,H,H,H,H,H,A,A,A,A,A,NA,A,A,H,H,H,H,A,A,A,A,A,A,A,A,A,A,H,H,H,H,H,H,H,H,H,H,H,H,H,H,A,A,H,H,H,H,H,H,H,H,H,H,H,H,H,H,H,H,H,H,H,H,H,A,A,A,A,A,A,A,A,A,A,H,H,H,H,H,H,H,H,H,H,H,H,H,H,H,A,A,A,NA,A,A,A,A,A,A,A,A,A,NA,H,H,H,H,H,H,H,H,H,H,A,A,A,A,A,A,A,A,A,A,A,A,A,A,A,A,A,A,A,A,A,A,A,A,A,A,A,A,A,A,A,A,A,A,A,A,A,A,A,H,H,H,H,H,H,H
5.802225,A,A,A,A,A,A,A,A,A,A,A,A,NA,A,A,A,NA,A,A,A,NA,A,H,H,H,H,NA,H,NA,H,H,H,H,A,A,A,A,H,H,H,NA,A,A,A,A,A,A,A,A,A,A,NA,NA,A,NA,A,NA,A,A,A,A,A,A,A,A,A,A,A,A,A,A,NA,A,H,NA,H,A,A,A,A,A,A,NA,NA,A,A,H,H,H,NA,H,H,NA,H,H,H,H,NA,H,H,H,H,H,H,H,H,H,H,H,H,H,H,H,NA,H,A,A,A,A,A,A,A,A,NA,A,A,NA,NA,A,A,A,A,A,NA,A,A,A,NA,H,A,NA,NA,A,NA,A,A,A,A,A,A,A,A,A,A,A,A,NA,NA,H,H,H,A,NA,H,NA,NA,H,A,A,A,A,A,A,A,A,A,A,A,A,NA,A,A,A,A,NA,A,NA,A,A,NA,H,H,H,H,H,H,H,H,H,H,H,H,H,NA,NA,H,H,H,H,H,H,H,H,H,H,NA,H,H,NA,H,H,NA,NA
5.35658125,A,A,A,A,A,A,A,A,A,A,A,A,A,A,H,H,H,H,H,H,H,H,H,H,H,H,H,A,A,A,A,A,A,A,A,A,A,A,A,A,A,A,A,A,A,A,H,H,H,H,H,H,H,H,H,H,H,H,H,H,H,H,A,A,A,A,A,A,A,A,A,A,A,A,A,A,A,H,H,H,H,H,H,H,H,H,H,H,H,H,H,A,NA,A,A,A,A,A,A,A,A,A,A,A,A,A,NA,A,A,A,A,NA,A,A,A,A,A,A,A,A,A,A,A,A,A,A,A,A,A,A,A,A,A,A,A,H,A,A,A,A,A,A,A,A,A,A,A,A,A,A,A,A,A,A,A,A,A,A,A,A,A,A,A,A,A,A,A,A,A,A,H,H,H,H,H,H,H,H,H,H,H,H,H,H,H,H,H,H,A,H,H,H,H,H,H,H,H,H,H,H,H,H,H,H,H,H,H,H,H,H,H,H,A,A,A,A,A,A,A,A,A,A,A
5.1654,H,H,H,H,H,H,H,H,H,H,H,H,H,H,H,H,H,H,H,H,H,H,H,H,H,H,H,H,H,H,H,H,H,H,H,H,H,H,H,H,H,NA,H,H,H,A,A,A,A,A,A,A,A,A,A,A,A,NA,A,A,A,A,H,A,A,A,A,A,A,A,H,H,H,H,H,H,H,H,A,A,A,A,A,A,A,A,A,A,A,H,H,H,NA,H,H,H,H,H,H,H,H,H,H,H,H,A,NA,A,A,A,A,A,A,A,A,A,A,A,A,A,A,A,A,A,A,A,A,A,A,A,A,A,H,H,H,H,H,H,A,A,A,A,A,A,A,A,A,A,A,A,A,A,H,H,H,H,H,H,H,H,H,H,H,H,H,H,H,A,A,A,A,A,A,A,A,A,A,A,A,A,A,A,A,A,A,A,A,A,H,H,H,A,A,A,A,A,A,A,A,A,A,A,A,A,A,A,A,A,A,A,A,A,A,A,A,H,H,H,H,H,H,H,H
4.9177875,H,H,H,H,H,H,H,H,H,H,H,H,H,H,H,H,H,H,H,H,H,H,H,H,H,H,H,H,H,H,H,H,H,H,H,H,H,A,A,A,H,H,H,H,H,H,H,NA,H,H,H,H,H,H,H,H,H,H,H,A,A,A,A,A,A,A,A,A,A,A,A,A,A,A,A,A,H,H,H,H,H,H,H,H,A,NA,A,A,A,A,A,A,NA,A,H,H,H,H,H,H,H,H,H,H,H,A,NA,A,A,A,A,NA,A,A,A,A,A,A,A,A,A,A,A,A,A,A,A,A,A,A,A,NA,A,A,H,H,H,H,H,H,H,H,H,H,H,NA,H,H,A,A,A,A,A,A,A,A,A,A,A,A,H,H,H,H,H,H,NA,H,H,H,H,H,H,H,H,NA,H,H,H,H,H,H,H,H,H,H,H,H,H,A,A,A,A,A,H,H,H,H,H,H,H,H,H,H,H,H,H,H,H,H,H,H,H,H,H,H,H,H,A,A,A,A,A
5.7565,H,H,H,H,H,H,H,H,H,H,H,H,H,H,H,H,H,H,H,H,H,H,H,H,H,H,H,H,H,H,H,H,H,H,H,H,H,A,A,A,A,A,A,A,A,A,A,A,A,A,A,A,A,A,A,A,A,A,A,A,A,A,A,A,A,A,A,A,A,A,A,A,A,A,H,H,H,A,A,A,A,A,A,A,A,A,A,A,A,A,A,A,NA,A,A,A,A,A,A,A,A,A,A,A,A,H,H,H,H,H,H,H,H,H,H,H,H,H,H,H,H,H,H,H,H,A,A,NA,A,A,A,A,A,A,A,A,A,A,H,H,H,H,H,H,H,NA,A,A,A,A,NA,A,A,A,A,H,H,H,H,A,A,A,A,A,A,A,H,NA,H,H,H,H,H,H,H,H,H,H,H,H,H,H,H,H,H,H,H,H,H,A,A,A,A,A,H,H,H,H,H,H,H,H,H,H,H,H,H,H,H,H,H,H,H,H,H,A,A,A,A,A,A,A,A
5.161925,A,A,A,A,A,A,A,A,A,A,A,A,A,H,H,H,H,H,H,H,H,H,H,H,H,A,A,A,A,A,A,A,A,A,A,A,A,A,A,A,A,A,A,A,A,A,A,A,A,A,A,A,A,A,A,A,A,A,A,NA,A,A,A,A,A,A,A,A,A,A,A,A,A,A,H,A,H,H,H,H,H,H,H,H,H,H,A,A,A,NA,A,A,NA,A,A,A,A,A,A,A,A,A,A,A,A,H,H,H,H,H,H,H,H,H,H,H,H,H,H,H,H,H,H,H,H,A,A,NA,A,A,A,A,A,A,A,A,NA,A,H,H,H,H,H,NA,H,NA,H,H,H,H,H,H,A,A,A,A,A,A,A,A,A,A,A,A,A,A,A,A,NA,A,A,A,A,A,H,H,H,H,H,A,A,A,A,A,NA,A,A,A,A,H,H,H,H,H,H,H,H,H,H,H,H,H,H,H,A,A,A,A,A,A,H,H,H,H,H,H,H,H,NA,H,H,H,H
5.60945,A,A,A,A,A,A,A,A,A,A,A,A,A,A,A,A,A,A,A,A,A,A,A,A,A,NA,H,H,A,H,H,H,H,H,H,A,A,H,H,H,H,A,A,A,NA,A,A,A,A,A,A,A,A,A,A,A,A,A,A,A,NA,A,A,A,H,H,H,H,A,H,H,H,H,H,H,H,H,A,A,A,A,A,A,A,A,A,A,A,A,A,A,A,NA,H,H,H,H,H,H,H,H,H,H,H,H,A,A,A,A,A,H,H,H,H,H,H,H,H,H,H,H,H,H,H,H,H,A,NA,A,A,A,NA,A,A,A,A,A,A,H,A,H,H,H,NA,H,H,H,H,H,H,H,H,H,H,H,H,H,H,H,H,H,H,H,NA,H,A,NA,A,A,A,A,A,A,A,A,A,A,A,A,A,A,A,A,A,A,A,A,A,A,A,A,A,A,A,A,A,A,A,A,H,H,H,H,H,H,H,H,NA,H,H,H,H,H,H,H,H,H,H,H,A,A,A,A
5.62358125,H,H,H,H,H,H,H,H,H,H,A,H,H,A,A,A,A,A,A,A,A,A,A,A,A,A,A,NA,A,A,A,A,A,A,A,A,A,A,A,A,H,H,A,A,A,A,A,A,A,A,A,A,A,A,A,A,A,A,A,A,NA,A,A,A,A,A,A,A,A,A,A,A,A,A,A,A,A,A,A,A,NA,A,A,A,A,A,A,A,A,A,A,A,H,H,H,H,H,H,H,H,H,H,H,H,H,A,A,A,A,A,A,A,A,A,A,A,A,A,A,A,A,A,A,A,A,A,A,NA,A,A,A,A,A,A,H,NA,NA,H,A,A,A,A,A,NA,H,NA,H,H,H,H,H,H,H,A,A,A,A,A,H,H,H,H,H,H,H,H,NA,H,H,H,H,NA,H,H,A,NA,A,A,A,A,A,A,A,H,H,H,H,H,H,H,H,H,H,H,H,A,A,A,A,A,A,A,A,A,A,A,A,A,H,H,H,H,H,H,A,A,A,A,A,A,A,A,A
5.70978125,H,H,H,H,H,H,H,H,H,H,H,H,H,A,A,A,A,A,A,A,NA,A,A,A,A,A,A,A,A,A,A,A,A,A,A,A,NA,A,A,A,H,H,A,A,NA,A,A,A,A,A,A,A,NA,A,A,A,A,A,A,A,NA,A,A,A,A,A,A,A,A,A,A,A,A,A,A,A,A,A,A,A,A,A,NA,NA,A,NA,A,A,A,NA,A,A,NA,H,H,H,H,H,H,H,H,H,H,NA,H,A,A,A,A,A,A,A,A,A,A,A,A,NA,A,A,A,A,A,A,A,A,A,NA,A,A,A,A,A,A,H,H,NA,H,A,A,A,A,A,NA,H,NA,H,H,H,H,H,H,H,A,A,A,A,A,H,H,H,A,H,H,H,H,H,H,H,H,H,NA,H,H,A,NA,A,A,A,A,A,A,A,H,H,H,H,H,H,H,H,H,H,H,H,A,A,A,A,A,A,A,A,NA,A,A,A,A,H,H,H,H,H,H,A,A,A,A,A,A,A,A,A
5.10190625,A,A,A,A,A,A,A,A,A,A,A,A,A,A,A,A,A,A,A,A,A,A,A,H,A,A,A,A,A,A,A,A,A,A,A,A,A,A,A,A,A,A,A,A,A,A,A,A,A,A,H,A,NA,A,A,A,A,A,A,NA,NA,A,H,H,H,H,A,A,A,A,A,A,A,A,A,A,A,A,A,A,NA,A,H,H,H,H,H,H,H,H,H,H,A,A,A,A,A,A,A,A,A,A,A,A,A,A,A,A,A,A,A,NA,A,A,A,A,A,A,A,A,A,A,A,A,A,H,H,H,H,H,H,H,H,H,H,H,H,H,H,H,H,H,H,NA,H,NA,H,H,H,H,H,H,H,H,H,H,H,H,H,H,H,H,H,H,H,H,NA,H,H,H,H,NA,H,H,H,H,H,H,H,A,A,A,A,A,A,A,A,A,H,A,A,H,H,H,H,H,H,H,H,H,H,H,H,H,H,H,H,A,A,H,H,H,H,H,H,H,NA,H,H,H,H,H,H
4.95741875,A,A,H,H,H,H,H,H,H,H,A,H,H,H,A,A,A,A,A,A,A,A,A,H,A,A,A,A,A,A,A,A,A,A,A,H,H,A,A,A,A,A,A,A,A,A,A,A,A,A,A,A,A,A,A,A,A,A,A,NA,A,H,H,H,H,H,H,H,H,H,H,H,H,H,H,NA,H,H,H,H,H,H,H,H,H,H,H,H,H,A,A,A,A,A,A,A,A,A,NA,A,A,A,A,A,A,H,H,H,H,H,H,H,H,H,H,H,H,H,NA,H,H,H,H,H,H,H,H,H,A,A,A,A,A,A,A,A,A,NA,H,H,A,A,A,A,A,NA,A,A,A,A,A,A,A,A,A,A,A,A,A,A,A,A,A,A,A,A,A,A,A,A,A,A,A,A,A,A,A,A,A,A,A,A,A,H,H,H,H,H,H,H,H,H,H,H,A,A,A,A,A,A,A,A,A,A,A,A,A,A,A,A,A,A,A,A,A,A,A,A,A,A,A,A,A
5.4485,H,H,H,H,H,H,H,H,H,H,H,H,H,H,H,H,H,H,A,A,A,A,A,A,A,A,A,NA,H,H,H,H,H,H,H,H,H,A,A,A,A,A,H,H,H,H,H,H,H,H,H,H,H,H,H,H,H,H,H,NA,H,H,H,H,H,H,H,H,H,H,H,H,H,H,H,NA,H,H,H,H,H,H,H,NA,H,H,H,H,H,H,H,H,H,H,H,H,H,H,H,H,H,A,A,A,A,H,H,H,H,H,H,A,A,A,A,A,A,A,A,A,A,A,A,A,A,A,A,A,A,A,A,A,A,A,A,A,A,NA,A,A,A,A,A,A,A,H,H,H,H,H,H,H,H,H,H,H,NA,H,H,H,H,H,A,A,A,A,A,H,H,H,H,H,H,H,H,H,A,A,A,A,A,A,A,A,A,A,A,A,A,A,A,A,A,A,A,H,H,H,H,H,H,H,H,A,A,A,A,A,H,H,H,H,H,H,H,H,H,H,H,H,H,H,H
5.1596,H,H,H,H,H,H,H,H,H,H,H,H,H,H,H,H,H,H,A,A,A,A,A,A,A,A,A,A,A,H,H,H,H,H,H,H,H,H,H,H,H,A,A,A,A,A,A,A,A,A,A,A,A,A,A,NA,A,A,NA,NA,A,A,A,A,H,H,H,H,H,H,H,H,H,H,H,NA,H,H,H,H,H,H,H,H,H,H,H,H,H,A,A,A,NA,A,A,A,A,A,H,H,H,H,H,H,H,A,NA,A,A,A,A,A,A,A,A,A,A,A,A,A,A,A,A,NA,A,A,A,A,H,H,H,NA,H,H,H,H,H,H,H,H,H,H,H,NA,H,NA,A,A,A,A,A,A,A,NA,A,A,A,H,H,H,H,H,H,H,H,H,H,A,A,A,A,A,A,A,A,A,A,A,A,A,A,A,A,A,A,A,A,A,H,A,A,A,A,A,NA,A,A,A,A,A,A,A,A,A,A,A,A,A,A,A,A,A,A,A,A,A,A,A,A,A,A,A,A
5.88881875,H,H,H,H,H,H,H,H,H,H,H,H,H,H,H,H,H,H,H,H,H,H,H,H,H,H,H,H,H,H,H,H,H,H,H,H,H,H,H,H,H,A,A,A,A,A,A,A,A,A,A,A,A,A,H,H,H,H,H,H,H,H,H,H,H,H,H,H,H,H,H,H,H,H,A,A,A,A,A,A,A,A,A,A,A,A,A,A,A,A,A,NA,A,A,A,A,H,H,H,H,H,H,H,H,H,H,H,H,H,H,H,H,H,H,A,A,A,A,A,H,H,H,H,A,A,A,A,A,A,A,A,H,H,A,A,A,A,A,A,A,A,A,A,A,A,NA,A,A,A,A,NA,A,A,A,A,A,A,H,H,H,H,H,H,H,A,A,NA,NA,A,A,A,H,H,H,H,H,H,H,H,H,H,H,A,A,A,A,A,A,A,H,H,H,H,H,A,A,A,A,A,A,A,A,A,A,A,A,A,A,H,H,H,H,H,H,H,H,NA,H,H,H,H,H,H
5.267275,A,A,A,A,A,A,A,A,A,A,A,A,A,A,A,A,A,A,A,A,A,A,A,A,A,A,A,A,A,A,A,A,A,A,A,A,A,A,A,A,A,A,A,A,NA,A,A,A,A,A,A,A,A,A,A,A,A,A,A,NA,A,A,A,A,A,H,H,H,H,H,H,H,H,H,H,H,H,H,H,H,H,H,H,H,H,H,H,H,H,H,H,H,H,H,H,H,H,H,H,H,H,H,H,H,H,H,A,A,A,A,A,A,A,A,A,A,A,A,A,A,A,A,A,H,H,H,H,H,H,H,H,H,H,NA,H,H,NA,H,A,A,A,A,A,A,A,A,A,A,A,A,A,H,H,H,H,H,H,H,H,H,H,H,A,A,A,A,A,H,H,H,H,H,H,H,H,H,H,H,H,H,H,H,H,H,H,H,H,H,H,H,H,H,H,H,A,A,A,A,A,A,A,A,A,A,H,H,H,H,A,A,A,A,A,A,A,A,A,A,A,A,A,A,A
4.8685875,A,A,A,A,A,A,NA,A,A,A,A,NA,A,A,A,A,A,A,A,A,A,A,A,A,H,NA,H,NA,H,H,H,H,H,H,H,H,H,A,A,H,H,H,H,H,H,H,H,H,H,H,H,A,A,A,A,A,A,A,H,H,NA,NA,H,H,H,H,H,H,H,H,H,H,H,H,H,NA,H,H,H,H,H,H,H,H,H,H,H,H,H,H,H,H,NA,H,A,A,A,A,A,A,A,H,H,NA,H,A,A,NA,A,A,A,A,A,A,A,A,A,A,A,A,A,A,A,A,A,A,A,A,A,A,A,NA,A,A,A,A,A,A,H,H,H,H,H,H,H,NA,H,A,A,A,NA,A,A,A,A,A,A,A,A,A,A,A,A,NA,NA,A,A,H,H,NA,H,H,A,A,A,A,A,A,A,A,A,A,A,A,A,A,A,A,A,H,H,H,H,H,H,H,H,H,H,H,H,H,H,H,H,H,H,H,A,A,A,A,A,A,A,A,A,A,A,A,A,A,A
5.012075,H,H,H,H,H,H,H,H,H,H,H,H,H,H,H,H,H,H,H,H,H,H,H,H,H,H,H,H,H,H,H,H,H,H,H,A,A,A,A,A,A,A,A,A,A,A,A,A,A,A,A,A,A,A,A,A,A,A,A,A,A,A,A,A,A,A,A,A,A,A,A,A,A,A,H,H,H,H,H,H,H,H,H,H,H,H,H,H,H,H,H,H,NA,H,H,H,H,H,H,H,H,H,H,H,H,H,H,H,H,H,H,H,H,H,H,H,H,H,H,H,H,H,H,H,H,H,H,H,H,H,H,H,H,H,H,H,H,H,H,H,H,H,H,NA,H,H,H,H,H,H,NA,H,H,H,H,H,H,H,H,H,H,H,H,H,H,H,H,H,H,H,H,H,H,H,H,H,H,H,H,H,H,H,H,H,H,H,H,H,H,H,H,H,H,H,H,H,H,H,H,H,H,H,H,H,H,H,H,H,H,H,H,H,H,H,H,A,A,A,A,A,A,A,A
5.249425,A,A,A,A,A,A,A,A,A,A,A,A,A,A,A,A,A,A,A,A,A,A,A,A,A,A,H,H,H,H,H,H,H,H,H,H,H,H,H,H,H,H,A,A,A,A,A,A,A,A,A,A,A,H,H,H,H,H,H,H,H,H,A,A,A,A,A,A,A,A,A,A,A,A,H,A,H,H,H,H,H,H,H,H,A,A,A,A,A,A,A,A,H,H,H,H,H,H,H,H,H,H,H,H,H,A,A,A,A,A,A,A,A,A,A,A,A,A,A,A,A,A,A,A,A,A,A,A,A,A,A,A,A,A,A,A,A,A,H,H,H,H,H,NA,H,H,H,H,H,H,H,H,A,A,A,A,A,A,A,A,A,A,A,A,A,A,A,H,H,H,H,H,H,H,H,H,H,H,H,H,H,H,H,H,H,H,H,H,A,A,A,A,A,A,H,H,H,H,H,H,H,H,H,H,H,H,H,H,H,H,H,H,H,H,H,H,H,H,H,H,H,H,H
5.61921875,A,A,A,A,A,A,A,A,A,A,A,A,A,A,A,A,A,A,A,H,H,H,H,H,H,H,H,A,A,A,A,A,A,A,A,A,A,H,H,H,H,H,H,H,H,H,H,H,H,H,H,H,H,H,H,H,H,NA,H,H,H,H,H,H,H,H,H,H,H,H,H,H,H,H,A,NA,H,H,H,H,H,H,H,H,H,H,H,H,H,H,H,H,H,H,H,H,H,H,H,H,H,H,H,H,H,A,A,A,A,A,A,A,A,A,A,A,A,A,A,A,A,A,A,A,A,A,A,A,H,A,A,A,A,A,A,A,NA,NA,A,A,A,A,A,NA,A,NA,A,H,H,H,H,H,H,H,H,H,H,H,H,H,H,H,H,H,H,H,H,A,A,A,A,A,A,A,H,H,H,H,H,H,H,H,H,A,A,A,A,A,A,A,A,A,A,A,A,A,A,A,A,A,A,A,A,A,A,A,A,A,A,A,A,A,A,A,H,H,H,H,H,H,H,H,H
4.60714375,H,H,H,H,H,H,H,H,H,H,H,H,H,H,H,H,H,H,H,H,H,H,H,H,A,A,A,A,A,A,A,A,A,A,A,A,A,H,H,H,H,H,H,H,H,H,H,H,H,H,H,A,A,A,A,A,A,A,A,A,A,A,H,H,H,H,H,H,H,H,H,H,H,H,A,A,A,A,A,A,H,H,H,A,A,A,A,A,A,A,A,A,A,A,A,A,A,A,A,A,A,A,A,A,A,H,H,H,H,H,H,H,H,H,H,H,H,H,H,H,H,H,H,H,H,A,A,A,A,A,A,A,A,A,A,A,A,NA,H,H,A,A,A,NA,A,NA,A,A,A,A,H,H,H,H,H,H,H,H,A,A,A,A,A,A,NA,A,A,H,NA,H,H,H,H,H,H,H,A,A,A,A,A,H,H,H,H,H,H,H,A,H,H,H,H,H,H,H,H,H,H,H,H,H,H,H,H,H,H,H,H,A,A,A,H,H,H,H,H,H,H,H,H,H,H
5.23335625,H,H,H,H,H,NA,H,H,H,H,H,H,H,H,H,H,H,H,H,A,A,A,A,A,A,A,A,A,A,A,A,A,A,A,A,A,A,H,H,H,H,H,H,H,H,H,H,H,H,H,H,H,H,H,H,H,H,H,H,H,H,H,H,H,H,H,H,H,H,H,H,H,H,H,A,NA,H,H,H,H,H,H,H,H,H,H,H,H,H,A,A,A,A,A,A,A,A,H,H,H,H,H,H,H,H,A,A,A,A,A,A,A,A,H,H,H,H,H,H,H,H,H,H,H,H,H,H,H,A,A,A,A,A,A,H,H,NA,H,A,A,A,A,A,NA,A,H,H,H,H,H,H,H,H,H,H,H,H,H,H,H,H,H,H,H,H,H,H,H,NA,H,H,H,H,H,A,A,A,A,A,A,A,A,A,A,A,A,A,A,A,H,H,H,H,H,A,A,A,A,A,A,A,A,A,A,A,A,A,A,A,A,A,A,A,A,A,A,A,A,H,H,H,H,H
4.66291875,A,A,A,A,A,A,A,A,A,A,A,A,A,A,A,A,A,A,H,H,H,H,H,H,H,H,H,H,H,H,H,H,H,H,H,A,A,A,A,A,A,A,A,A,A,A,A,A,A,H,H,H,H,H,H,H,A,NA,A,A,A,A,A,A,A,A,A,A,A,A,A,A,A,A,H,NA,H,H,H,H,H,H,H,H,H,H,H,H,H,A,A,A,A,A,A,A,A,A,A,A,A,NA,A,A,A,A,A,A,A,A,A,A,A,A,A,A,A,A,A,A,A,A,A,NA,A,A,A,A,A,A,A,A,A,A,A,A,A,A,A,A,A,A,A,NA,H,NA,H,H,H,H,H,H,H,H,H,H,H,H,H,H,H,H,H,H,H,H,H,A,NA,A,A,A,A,A,A,A,A,A,A,A,A,A,A,A,A,A,A,A,A,A,A,A,A,A,A,NA,A,A,A,A,A,A,A,A,A,A,A,A,A,H,H,H,H,H,H,NA,H,H,H,H,H,H,H
5.57100625,H,H,H,H,H,H,H,H,H,H,H,H,H,H,H,H,H,H,H,H,H,H,H,H,H,H,H,H,H,H,H,H,H,H,H,A,A,A,A,A,A,A,A,A,A,A,A,A,A,A,A,A,A,A,A,A,A,A,A,A,A,A,A,A,A,A,A,A,A,A,H,H,H,H,A,NA,NA,A,A,A,H,H,H,H,H,H,H,H,H,H,H,NA,H,A,A,A,A,A,A,A,A,A,A,A,A,A,A,A,A,A,A,A,A,A,A,A,A,A,A,A,A,A,A,A,A,A,A,A,A,A,H,H,H,H,H,H,NA,H,A,A,A,A,A,H,H,H,H,H,H,H,NA,H,H,H,H,H,H,H,H,A,A,A,A,A,A,A,A,H,H,A,A,A,A,A,A,A,A,A,A,A,A,A,A,A,A,A,A,A,A,H,H,H,H,H,H,H,H,H,H,H,H,H,H,H,H,H,H,H,A,A,A,A,A,A,A,A,A,A,H,H,A,A,A
6.1659875,H,A,A,NA,A,A,A,A,A,A,A,A,A,A,A,A,A,A,A,A,A,A,A,A,A,A,A,NA,A,A,H,H,H,H,H,H,H,H,H,H,H,H,H,H,H,H,H,H,H,H,H,H,H,H,H,H,H,H,H,H,H,A,NA,A,A,A,A,A,A,A,A,A,A,A,A,NA,A,A,A,A,A,A,A,A,H,H,H,H,H,H,H,H,NA,H,H,H,H,H,H,H,H,H,H,H,H,A,A,A,A,A,A,A,A,A,A,A,A,NA,A,A,A,A,A,A,A,A,A,A,A,A,A,NA,A,H,H,NA,H,H,A,A,A,A,A,NA,H,H,H,H,H,H,H,H,H,A,A,A,A,A,A,A,A,A,A,A,A,A,A,A,A,A,A,A,H,H,H,H,H,H,H,H,H,H,H,H,H,H,H,H,H,A,A,A,A,A,A,A,A,A,A,A,A,A,A,A,A,A,A,A,H,H,H,H,H,H,H,H,NA,H,H,H,H,H,H
5.67854375,H,H,H,H,H,H,H,H,H,NA,H,H,H,H,H,H,H,H,H,H,H,H,H,H,H,A,NA,NA,A,A,A,A,H,H,H,H,H,A,A,A,A,A,A,A,A,A,A,A,A,A,A,A,A,NA,A,A,A,A,A,A,A,A,A,A,A,A,A,A,A,A,H,H,H,H,H,H,NA,H,H,H,A,A,A,A,A,NA,H,H,H,H,H,NA,H,H,H,H,NA,H,H,H,H,H,H,H,H,A,A,H,H,H,H,H,H,H,H,H,H,H,H,H,H,H,A,A,A,A,A,A,A,A,A,A,H,NA,H,H,NA,H,A,A,A,A,A,A,H,H,H,H,H,H,H,H,NA,A,A,A,A,NA,A,A,A,A,A,A,A,A,A,H,NA,H,H,H,H,H,A,NA,A,A,A,A,A,H,H,H,H,H,H,H,A,A,A,A,A,A,A,A,A,A,A,A,A,A,A,A,A,A,A,A,A,A,A,A,A,H,NA,H,H,H,H,H,H,H,H
5.4923375,H,H,H,H,H,H,H,H,H,H,H,H,H,H,H,H,H,H,H,A,A,A,A,A,A,A,A,A,A,A,A,A,A,A,A,A,A,A,A,A,A,A,A,A,A,A,A,A,A,A,A,A,A,A,A,A,A,A,A,A,A,A,A,A,A,A,A,A,A,A,A,A,A,A,H,NA,H,H,H,H,A,A,A,A,A,A,A,A,A,A,A,NA,A,H,H,H,H,H,H,H,H,H,H,H,H,A,A,A,A,A,H,H,H,H,H,H,H,H,H,H,H,H,A,A,A,A,A,A,A,A,A,A,A,A,H,H,H,NA,A,A,A,A,A,NA,A,A,A,A,A,H,H,H,H,H,H,H,H,A,A,A,A,A,A,A,A,A,NA,H,H,H,H,H,H,H,H,H,H,H,H,H,H,H,H,H,H,H,H,H,H,H,H,H,H,H,NA,A,A,A,A,A,A,A,A,A,A,A,A,A,H,H,H,H,H,H,H,H,H,H,H,H,H,H,H
4.9043,H,H,H,H,H,H,H,H,H,H,H,H,H,H,H,H,H,H,H,A,A,A,A,A,A,H,H,NA,H,H,H,H,H,H,H,H,H,A,H,H,H,H,H,H,H,H,H,H,H,H,H,H,H,H,A,A,A,A,A,A,A,A,A,A,A,A,A,H,H,H,A,A,H,H,H,H,H,H,H,H,H,H,H,H,H,H,H,H,H,H,H,NA,H,A,A,A,A,A,A,A,A,A,A,H,A,H,H,H,H,H,H,H,H,H,H,H,H,H,H,H,H,H,H,H,H,H,H,H,H,A,A,A,A,H,H,H,NA,NA,A,A,A,A,A,NA,A,NA,A,A,A,A,H,A,A,A,H,H,H,H,H,H,H,H,H,H,H,H,H,A,A,H,H,H,H,H,H,H,H,H,H,H,H,H,H,H,H,H,H,H,H,H,A,A,A,H,A,A,A,A,A,A,A,A,A,A,H,H,A,A,A,A,A,A,A,H,H,H,H,H,H,H,H,A,A
5.03795625,H,H,H,H,H,H,H,H,H,H,H,H,H,H,H,H,H,H,H,H,H,H,H,H,H,H,H,H,H,H,H,H,NA,H,H,H,H,A,A,A,A,A,A,A,A,A,A,H,H,H,H,H,H,H,H,A,H,H,H,H,H,H,H,H,A,A,A,A,A,A,A,A,A,A,H,NA,NA,H,H,NA,A,A,A,A,A,A,A,A,NA,A,NA,NA,A,A,A,H,A,A,A,A,A,A,A,A,A,A,A,A,A,A,A,A,H,H,H,H,H,H,H,H,H,H,H,A,H,A,A,H,H,NA,H,H,H,H,H,H,NA,NA,A,A,A,A,A,NA,A,NA,A,NA,A,A,A,A,NA,A,A,A,A,A,A,A,NA,A,A,A,A,A,A,H,H,H,H,H,H,H,H,H,H,H,H,H,H,H,H,H,H,H,H,H,A,A,A,NA,A,A,A,A,A,A,A,A,A,A,A,NA,A,A,H,H,A,A,A,A,A,NA,A,A,A,A,A,A,A,A,A
4.67126875,A,A,A,A,H,H,H,H,H,H,H,H,H,H,H,H,H,H,H,H,H,H,H,H,H,A,A,A,A,A,A,A,H,H,H,H,H,A,A,A,A,A,A,A,A,A,A,A,A,A,A,A,A,A,A,A,A,A,A,A,A,A,A,A,A,A,H,H,H,NA,H,H,H,H,H,NA,H,H,H,H,H,H,H,H,H,H,H,H,H,H,H,NA,A,A,A,A,A,A,A,A,A,A,A,A,A,A,A,A,A,H,H,H,H,H,H,H,H,H,H,H,H,H,H,A,A,A,A,A,A,A,A,A,A,A,H,H,H,NA,H,H,H,H,H,H,H,H,H,H,A,A,A,A,A,A,A,A,A,A,A,A,A,A,A,A,A,A,A,H,H,H,H,H,H,H,H,H,H,A,A,A,A,A,A,A,H,H,H,H,H,H,H,H,H,H,A,A,A,A,A,A,A,A,A,A,A,A,A,A,H,H,H,H,H,H,H,A,A,A,A,A,A,A,A
4.8862625,A,H,H,H,H,H,H,H,H,H,H,H,H,H,H,H,H,H,H,H,H,A,A,A,A,H,H,H,H,H,H,H,H,H,H,H,H,A,A,A,A,A,A,A,A,A,A,A,A,A,A,H,H,H,H,A,A,A,A,A,A,A,H,H,H,H,H,A,A,A,H,H,H,H,H,NA,A,A,A,A,A,A,A,A,A,A,H,H,H,H,H,NA,H,H,H,H,H,H,H,H,H,H,H,A,A,A,A,A,A,A,A,H,H,H,H,H,H,H,H,H,H,H,H,H,H,H,H,H,H,H,H,H,H,A,H,H,H,NA,A,A,A,A,A,A,A,NA,A,A,H,H,A,A,A,A,A,A,A,A,A,A,A,A,A,A,A,A,NA,A,H,H,H,H,H,H,H,NA,H,H,H,H,H,H,H,H,H,H,H,H,A,A,H,H,H,A,H,H,H,H,H,H,H,H,H,H,H,H,H,H,A,A,A,A,A,A,A,A,A,A,A,A,A,H,H
5.797025,H,H,H,H,H,H,H,H,H,H,H,H,H,H,H,H,H,H,H,H,H,H,H,H,H,H,H,H,H,H,H,H,H,H,H,H,H,A,A,A,A,A,A,A,A,A,A,A,A,A,A,A,A,A,A,A,A,A,A,A,A,A,H,H,H,H,H,H,H,H,H,H,H,H,H,NA,A,A,A,A,A,A,A,A,A,A,A,A,A,A,A,NA,H,H,H,H,H,H,H,H,H,H,H,H,H,A,A,A,A,A,A,A,A,A,A,A,A,A,A,A,A,A,NA,A,A,A,A,A,A,A,A,A,A,A,H,H,H,H,H,H,H,H,H,H,H,H,H,H,H,H,H,H,A,A,A,A,A,A,A,A,A,NA,A,A,A,A,A,A,NA,A,A,A,A,A,H,H,H,H,H,H,H,H,H,H,H,H,A,A,A,A,A,A,H,H,H,H,H,H,H,H,H,H,H,H,H,H,H,H,A,A,A,A,A,A,A,A,A,A,A,A,A,A,A
5.55135625,A,A,A,A,A,A,A,A,A,A,A,A,A,H,H,H,H,H,H,H,H,H,H,H,H,A,A,A,A,A,A,A,A,A,A,A,A,A,A,A,A,A,A,NA,A,A,A,A,A,A,A,A,A,NA,A,A,A,A,A,A,A,A,A,A,A,A,A,A,A,A,A,A,A,A,H,NA,A,A,A,A,A,A,A,A,A,A,A,A,A,A,H,NA,A,A,A,A,H,H,H,H,H,H,H,H,A,H,H,H,H,H,H,H,H,H,H,H,H,H,H,H,H,H,H,H,H,H,H,H,H,H,H,A,H,H,H,H,H,NA,H,A,A,A,A,A,H,NA,H,H,H,H,H,H,H,H,H,H,H,H,H,H,H,H,H,H,H,H,H,H,H,H,H,A,A,A,A,A,A,H,A,A,A,A,A,A,A,A,A,A,H,H,H,H,H,H,A,A,A,A,A,A,H,H,H,H,H,H,H,H,A,A,A,A,A,A,A,A,A,A,A,A,A,A,A
5.010025,A,A,A,A,A,A,A,A,A,A,A,A,A,A,A,A,A,A,A,A,A,A,A,A,A,A,A,NA,A,A,A,A,A,A,A,A,A,A,A,A,A,A,A,A,A,A,A,A,A,A,A,A,A,A,A,A,A,A,A,NA,A,A,A,A,A,A,A,A,A,A,A,A,A,A,A,A,A,H,H,H,H,H,H,H,H,H,H,H,H,H,H,NA,H,H,H,H,H,H,H,H,H,H,A,A,A,A,A,A,A,A,A,A,A,A,A,A,A,A,A,A,A,A,A,NA,A,A,A,A,A,A,A,A,A,A,A,A,A,A,A,A,A,A,H,H,H,H,H,H,H,H,H,H,H,H,H,H,H,H,H,H,H,H,H,H,H,H,A,A,A,A,A,A,A,A,H,H,H,H,H,H,H,H,H,H,H,H,H,H,H,H,H,H,H,H,H,H,A,A,A,A,A,A,A,A,A,A,A,A,H,H,H,H,H,H,H,H,H,H,H,H,H,H,H
6.50513125,H,H,H,H,H,H,H,H,H,H,H,H,H,H,H,H,H,H,H,H,H,A,A,A,A,A,A,A,A,A,A,A,A,A,A,A,A,A,H,H,H,H,H,H,H,H,H,H,H,H,H,H,H,H,H,H,H,A,A,A,A,A,A,A,H,H,H,H,A,H,H,H,H,H,H,NA,H,H,H,H,A,A,A,A,A,A,A,A,A,A,A,NA,A,A,A,A,A,A,A,A,A,A,A,A,A,H,H,H,H,H,H,H,H,H,H,H,H,H,H,H,H,H,H,H,H,H,H,H,H,H,H,H,H,H,H,H,H,NA,H,H,H,H,H,H,H,H,H,A,A,A,A,A,A,A,A,A,A,A,A,A,A,A,A,NA,NA,A,A,A,A,A,A,A,A,A,A,A,A,A,A,A,A,A,A,H,H,H,H,H,H,A,A,A,A,A,A,A,A,A,A,A,A,H,H,H,H,H,H,H,H,H,H,H,H,H,H,H,A,A,A,A,A,A,A
5.53078125,A,A,A,A,A,A,A,A,A,A,A,A,A,A,H,H,H,H,H,H,H,H,H,H,H,H,H,H,H,H,H,H,H,H,H,H,H,A,A,A,A,A,A,A,A,A,A,A,A,A,A,A,A,A,A,A,A,A,A,NA,H,H,H,H,H,H,H,H,H,H,H,H,H,H,H,NA,H,H,H,H,H,H,H,H,H,H,H,H,H,H,H,NA,A,A,A,A,A,A,A,A,A,A,A,A,A,A,A,A,A,A,A,A,A,H,H,H,H,H,NA,H,H,H,H,H,H,H,H,H,H,H,H,A,H,H,H,H,NA,NA,H,H,H,H,H,NA,H,H,H,H,H,H,NA,H,H,H,H,H,A,A,A,A,A,A,A,A,A,A,A,H,H,A,A,A,A,A,A,A,A,A,A,A,A,A,A,A,A,A,A,A,A,H,H,H,H,H,H,H,H,H,H,H,H,H,H,H,H,H,H,H,H,H,A,A,A,A,A,A,A,A,A,A,A,A,A
5.69625625,A,H,H,H,H,H,H,H,H,H,H,H,H,H,H,H,H,NA,A,A,A,A,A,A,A,A,A,A,A,A,H,H,A,H,NA,H,H,A,A,A,A,A,H,H,H,H,H,H,H,H,H,H,H,H,H,H,H,H,H,H,H,H,H,A,A,A,A,A,A,A,A,A,A,A,A,NA,A,A,A,NA,A,A,A,A,NA,NA,A,A,A,A,A,NA,H,H,H,H,H,H,H,H,H,H,H,NA,H,H,H,H,H,H,H,H,H,H,H,H,H,H,H,NA,H,H,H,H,H,H,H,H,H,H,H,NA,H,H,H,H,H,NA,A,A,A,A,A,NA,H,NA,H,H,H,H,NA,H,A,NA,A,A,A,A,A,A,A,A,A,A,A,A,A,A,A,A,A,NA,H,H,H,H,H,H,H,H,H,H,H,H,H,H,H,A,A,A,A,A,A,A,A,A,A,A,A,A,A,A,A,A,A,A,A,H,H,A,A,A,A,A,A,A,A,A,A,A,A,A,A
4.79579375,H,H,H,H,H,H,H,H,H,H,H,H,H,H,H,H,H,A,A,A,A,A,A,A,A,A,A,A,A,A,A,A,A,A,A,A,A,H,H,H,H,H,H,H,H,H,H,H,H,H,H,H,H,H,H,H,H,H,H,H,A,A,A,A,A,A,A,A,A,A,A,A,A,A,H,NA,H,H,H,H,H,H,H,NA,H,NA,H,H,H,H,H,H,NA,H,H,H,H,H,H,A,A,A,A,A,A,A,A,A,A,A,A,A,A,A,H,H,H,H,H,H,H,H,H,H,H,H,H,H,A,A,A,NA,A,A,A,A,A,NA,A,A,A,A,A,H,A,NA,H,H,H,H,A,A,A,A,A,A,A,A,A,A,A,A,A,NA,A,A,NA,H,H,H,H,H,H,H,H,NA,H,A,A,A,A,A,A,H,H,H,H,H,H,A,A,A,A,A,A,A,A,A,A,A,A,A,H,NA,H,H,H,H,H,H,H,H,H,H,H,H,H,H,H,H,H,H,H
5.62843125,H,H,H,H,H,H,H,H,H,H,H,H,H,H,H,H,A,A,A,A,A,A,A,A,A,A,A,A,A,A,A,A,A,A,A,A,A,H,H,H,H,H,H,H,H,A,A,A,A,A,A,A,A,A,A,A,A,A,A,A,A,A,A,A,A,A,A,A,A,A,A,A,A,A,H,H,A,A,A,A,A,A,A,A,A,A,A,A,A,A,A,A,H,H,H,H,H,H,H,H,H,H,H,H,H,A,A,A,A,A,A,A,A,A,A,A,A,H,H,H,H,H,H,H,H,H,H,H,H,H,H,NA,H,H,H,H,NA,H,H,H,H,H,H,H,H,NA,A,A,A,A,A,A,A,A,A,A,A,A,A,A,A,A,A,A,A,A,A,A,A,A,A,A,A,A,A,A,A,A,A,A,A,A,A,A,A,A,A,A,H,H,H,H,H,H,H,H,H,H,H,H,H,H,H,H,H,H,H,H,H,H,H,H,H,H,H,A,A,A,A,A,A,A,H
4.84025,A,A,A,A,A,A,A,H,H,H,H,H,H,H,H,H,H,H,H,H,H,H,H,H,H,H,H,H,H,H,H,H,H,H,H,H,H,H,H,H,H,H,H,H,H,H,H,A,A,A,A,A,A,A,A,NA,A,A,A,A,A,A,A,A,A,H,H,H,H,H,H,H,H,H,NA,A,A,A,A,A,H,H,H,H,H,A,A,A,A,A,A,NA,A,A,A,A,A,NA,A,A,A,A,A,A,A,H,H,A,A,A,A,A,A,A,A,A,A,A,A,A,A,A,A,A,A,A,A,A,A,A,A,NA,A,A,A,A,A,A,H,H,H,H,H,H,H,H,H,H,H,H,NA,H,H,H,A,A,A,A,A,A,A,A,A,A,A,A,A,H,H,H,H,H,H,H,H,H,A,A,A,A,A,A,A,A,A,A,A,A,H,H,H,H,H,H,NA,H,H,H,H,H,H,H,H,H,H,A,A,A,A,A,H,H,H,H,H,H,H,H,H,NA,H,H,H
5.4926,H,H,H,H,H,H,H,H,H,H,H,H,H,H,H,H,H,NA,H,H,H,H,H,H,H,A,NA,A,A,A,A,A,A,A,A,A,A,A,A,A,A,A,A,NA,A,A,A,A,A,A,A,A,A,A,A,A,A,A,A,NA,A,A,A,A,H,H,H,H,H,H,H,H,NA,H,H,NA,H,H,H,H,H,H,H,H,H,H,H,H,H,H,H,NA,H,A,A,A,A,NA,A,A,A,A,A,A,A,H,H,A,A,A,A,A,A,A,A,A,A,A,H,A,A,A,A,A,A,A,A,A,A,A,A,NA,A,A,A,A,NA,NA,A,A,A,A,A,NA,A,NA,A,A,A,A,A,A,A,A,A,A,A,A,A,A,A,A,A,NA,A,A,A,A,A,A,A,A,A,A,H,H,H,H,H,H,H,H,H,H,H,H,H,H,A,A,A,A,A,A,A,A,A,A,A,A,A,A,A,A,A,A,A,A,H,H,H,H,H,H,H,H,H,H,H,H,H,H,H
5.4386125,H,H,H,H,H,H,NA,H,H,H,H,H,H,H,H,H,H,NA,A,A,A,A,A,A,A,NA,A,NA,A,A,A,A,A,H,H,H,H,A,A,A,A,A,A,NA,A,A,A,A,A,A,A,H,H,H,H,H,H,NA,H,NA,H,H,H,H,H,H,H,H,H,H,H,A,NA,A,A,A,A,A,A,H,H,H,H,H,H,H,H,H,H,H,H,NA,H,H,H,H,H,H,H,H,H,H,H,H,H,A,A,NA,A,NA,A,NA,A,A,A,H,H,H,A,H,H,H,H,H,A,A,A,NA,A,A,A,NA,A,A,NA,A,NA,A,A,A,A,A,A,A,A,NA,A,H,NA,H,NA,H,H,A,NA,A,A,A,A,A,A,A,A,NA,NA,A,A,A,A,A,A,A,A,A,H,H,H,H,H,H,H,H,H,H,NA,H,H,H,A,A,A,A,A,A,H,H,H,H,H,H,H,H,H,H,H,A,A,A,A,A,A,A,A,A,A,A,A,A,A,A,A,A,A
