EggDiameter,SPzConcentration,SPzHeadDiameter,Oestradiol,Testosterone,Individual,sf001184_01CT,sf005459_AC,OGO-4UW,sf003994_GT,sf000978_02CT,sf003610_01AT,OMM-1195,sf005663_CT,D100,CA-345149,sf002131_AG,sf003063_01AC,sf004521_CG,SAL-9UoGiii,sf000505_CT,sf003500_02CT,OMI-30TUFii,sf004541_AC,sf000657_01CT,sf000554_CT,sf000810_03CT,sf004818_06CT,sf003520_AG,sf005168_AC,sf002033_01AG,OMY-RGT2TUFii,sf004016_01AT,OMM-1197i,BX-318599,OMM-1197ii,sf001288_CT,sf001644_01AG,sf002024_02AC,sf004560_GT,OMM5008,sf004774_AG,sf000179_01AC,sf004211_GT,D75,OMM-5007,sf000071_02CT,sf003105_01CT,sf000428_01AT,sfo262,BX-311224,sf004257_02CG,sf005054_02AC,sf004765_01CG,OMM-1220,sf003084_01AG,sf000508_CT,OMM5155i,sf004913_01GT,sf000139_01CG,sf004357_CT,sf004373_AG,OMM5113,OMM1211,CA-378164,SFO-D105,sf000961_01AC,SAL9UoGi,sf004984_AG,sf001353_GT,sf004252_02GT,sf000744_AT,sf003118_01GT,C86,sf004214_AG,sf000706_01CT,BHMS-331,sf000891_02AC,sf001394_AT,sf004240_01AG,sf004651_AG,sf004642_07AG,sf004149_01AG,sf002948_01CG,sf004562_01AG,sf003755_CT,sf001740_01GT,sf004870_01CG,sf002203_01CT,OMM-1263,OMM-5312i,OMM5312ii,sf000754_AC,sf000583_02CT,Sco218,sf005409_04AT,sf003813_11CT,sf001601_01AC,sf000324_05AC,sf003614_01CT,OMM-1238,sf005652_AG,C28,sf000970_01AC,sf005248_01AG,sf006410_AG,sf003092_01CT,SSA-0072BSFU,sf003538_01AG,sf003700_02GT,sf005501_AG,sf001812_AG,sf004938_CT,sf000310_AC,sf004715_AC,sf003407_01AG,SAL5UoG,sf003897_01CT,sf004795_CT,sf004624_CT,sf004299_15GT,sf000584_01GT,BX-870052i,SFO-269,SFO-C115,sf003141_03AC,sf003715_01AT,CA-350064,sf003455_AG,sf003899_CT,sf001692_03CG,sf004917_CT,CA-060381,sf000899_CT,sf000119_01AG,OMM-5060,sf000966_03CT,sfo266,OMM-5176,sf000132_AG,sf004614_AG,sf004909_01GT,sf004254_CT,C24,sf000021_01AG,sf005769_Cta,sf005769_CTb,OMI-30TUFi,sf003382_AG,OMM-5061,sf004379_CT,sf000151_AT,sf003836_01CT,sf000032_01CT,sf004811_AT,Ssa-85,sf000719_01CT,Ssa-197,SFO-D91,SFO-12,sf001105_AG,sf001667_AG,sf004848_01CT,BX-873441,sf000124_02CT,sf000717_02AG,sf004762_01AT,OMI-179TUF,Sco216,SFO-241,sf005540_CT,SFO-177,sf004030_01AG,sf000178_01CT,OMM1210,sf000397_07CG,sf000656_AG,CA-376300i,sf002353_02AT,sf004656_AC,sf002640_AG,SFO-308,sf001770_01AG,sf003633_AG,sf005440_AG,sf000002_01AG,OMM-5147,OMM-3015i,sf004055_02CT,C113,sf000392_01AC,sf004319_GT,BHMS-238,sf003076_01CT,sf004426_01AG,sf004070_25AC,sf003334_01CT,OMM-1201,sf003442_01CG,sf002018_AC,sf003713_01AG,sf000157_01AT,sf004475_CT,OMM-5102ii,sf003018_09CT,sf001196_AG,sf000078_02AG,BHMS-7.011,sf004714_CT,sf001996_02CG,sf004064_01AT,sf001546_AC,sf002250_01AG,C129,sf004732_01CG,OMM5074,sf001846_AG,sf003639_CT,sf002145_CG,sf004471_AG,sf004416_AC,OKE-SLINKA,sf005160_AC,B52,sf004975_01CG,sf004741_CG,OMM5161ii,sf003728_02AT,Clock3-7C2-3,sf000364_AG,sf000364_GT,sf000017_01CT,sf000905_02CT,sf002439_CT,sf002055_AG,BX319411i,sf002721_GT,sf005344_AT,sf001284_01AG,sf006081_01AT,sf004038_AG,sf000684_CT,sf002175_02GT,sf005590_CT,sf006000_CT,sf000020_CT,OMY21INRAiii,OMM1345,OMM1579,sf000612_AT,sf003697_01CT,sf005443_CG,sf004013_AC,sf004529_01CT,OMM5146,TC-126859ii,SFO-226,BX-079862,C88,BX-861121i,sf005420_01CG,BX313739,sf004668_AC,sf004685_AGa,sf004685_CG,sf006073_01CT,sf004839_CT,sf005186_CT,sf001831_AC,sf003647_CG,sf004131_AG,sf004353_AG
,,,,,,1,1,1,1,1,1,1,1,1,1,1,1,1,1,1,1,2,2,2,2,2,2,2,2,2,2,2,2,2,2,2,2,3,3,3,3,3,3,3,3,3,3,3,3,3,3,3,4,4,4,4,4,4,4,4,5,5,5,5,5,5,5,5,5,5,5,6,6,6,6,6,6,6,6,6,6,6,7,7,7,7,7,7,7,7,7,8,8,8,8,8,8,8,8,8,8,8,9,9,9,9,9,9,9,9,9,9,10,10,10,10,10,10,10,10,10,11,11,11,11,11,11,11,11,12,12,12,12,12,12,13,13,13,13,13,13,13,14,14,14,14,14,14,15,15,15,15,15,15,16,16,16,16,17,17,17,17,17,17,18,18,18,18,18,19,19,19,19,20,20,20,20,20,21,21,21,21,21,21,22,22,22,22,22,23,23,23,23,24,24,24,24,24,25,25,25,25,26,26,26,27,27,27,28,28,28,28,29,29,30,30,30,31,31,31,31,31,31,31,31,31,31,31,31,31,31,31,31,31,32,32,32,33,33,34,34,34,35,35,35,36,36,36,37,37,37,38,38,38,38,38,38,38,38,38,38,38,39,39,39,39,39,40,40,40,40
,,,,,,0.000,4.570,36.766,53.258,55.887,68.507,70.547,83.011,90.854,91.594,92.107,103.134,118.629,125.706,130.778,132.256,0.000,16.909,26.750,40.090,40.184,40.184,62.669,64.218,72.215,78.199,87.518,97.857,112.425,128.232,130.231,130.231,0.000,8.059,10.072,30.924,31.636,34.666,38.512,44.814,49.174,69.648,70.649,74.236,95.775,95.775,95.775,0.000,10.757,32.658,32.658,42.977,51.510,55.836,73.268,0.000,15.240,15.240,26.660,34.768,41.015,46.5,51.207,72.106,92.140,95.170,0.000,5.005,10.112,12.911,16.594,22.251,31.470,31.606,47.776,50.058,77.489,0.000,3.2,5.6,5.6,10.6,10.6,13.7,36.6,46.6,0.000,11.747,16.465,21.2,23.2,43.463,44.765,47.5,60.280,79.453,81.2,0.000,1.2,11.137,38.327,40.217,49.223,73.777,77.192,80.825,82.337,0.000,23,30.891,39.473,48,62.898,62.898,63.602,63.655,0.000,29.466,30.380,33.660,34.120,60.725,63.246,70.112,0.000,0.809,8.957,36.869,45.156,78.427,0.000,7.4,16,22.3,31.9,61.7,73.989,0.000,29.968,30.827,30.840,45.896,68.524,0.000,16.3,31.7,38,44.4,52.6,0.000,11.285,26.846,42.870,0.000,20.5,20.6,21.3,30.2,30.3,0.000,17.834,20.480,21.715,24.191,0.000,3.1,34.548,61.105,0.000,4.291,33.663,58.1,67.234,0.000,3.770,36.541,42.431,55.8,60.7,0.000,16.253,17.140,20.601,45.8,0.000,0.1,13.1,29.2,0.000,0.000,1.511,11.850,49.3,0.000,0.068,1.717,29.8,0.000,11.407,11.422,0.000,9.1,27.804,0.000,1.198,2.4,3.9,0.000,42.351,0.000,33.271,63.9,0,0,1.2,2.3,6.9,25,40.8,40.8,44.7,48.5,49.7,50.9,50.9,52.1,52.1,65.7,72.3,0,21.9,59.1,0,1.4,0,21.5,41.8,0,0.6,2.4,0,28.5,29.1,0,5.4,6.5,0,0,21.4,28.5,52.4,52.4,81.1,81.5,91.6,104.6,128.9,0,0,2.3,4.5,4.5,0,1.2,3.4,5.6
4.88,NA,NA,81793.6,26.69,92,AB,AB,NA,AA,AA,AA,1,AB,3,4,AA,BB,AB,2,BB,AB,NA,AB,BB,AA,BB,AA,AB,AB,AB,AB,AB,4,4,AB,AB,AB,AB,BB,NA,AA,BB,AA,2,1,AA,AB,AB,4,AB,AA,AB,AB,NA,AA,AA,NA,AB,BB,AB,AA,NA,2,2,4,AB,1,AB,AB,AA,AB,BB,1,BB,AB,2,AB,AA,BB,AA,AA,AB,AA,BB,AA,AA,AB,AA,1,1,1,BB,AB,4,AA,AA,AA,AB,AA,3,AB,3,BB,AB,NA,AB,1,AA,AA,BB,AB,AB,AA,AB,AA,1,AB,AB,AB,AA,AA,AA,2,2,AA,BB,3,AB,AA,AA,AB,2,BB,AA,NA,AA,3,NA,BB,AB,AA,BB,BB,AA,AA,AA,NA,AB,4,AB,AA,AA,BB,BB,NA,AB,1,AA,2,AB,BB,BB,4,AB,BB,AB,1,1,2,AB,AB,AA,AB,NA,AA,AB,1,AB,AB,AA,3,AB,AA,AB,AA,1,2,BB,2,AB,AA,NA,BB,AA,BB,BB,1,BB,AA,BB,AA,AB,4,AB,BB,AA,NA,BB,AB,AB,AA,AB,2,AB,NA,AB,AB,AB,AB,AB,NA,AB,4,AB,AB,AB,AB,AB,AB,AB,AB,AB,AB,AB,1,AA,AA,AB,AA,AA,AA,BB,AB,AA,AA,2,NA,NA,BB,AB,AB,AA,AB,3,NA,NA,2,2,2,NA,NA,AB,AB,AA,AB,AB,AB,AB,AB,AA,AB
3.35,NA,NA,232.17,13.49,93,AB,AB,NA,NA,AA,AA,1,AB,3,4,AA,AB,AB,1,AA,BB,4,AB,AB,AA,BB,AA,NA,AB,AB,AB,AB,4,4,BB,AB,AB,AB,BB,NA,AA,AA,AA,4,3,AB,AA,AB,2,BB,AA,AB,BB,NA,AA,AB,2,AA,AB,AB,AA,NA,3,2,1,BB,2,BB,AA,BB,BB,AB,2,NA,BB,2,BB,AA,BB,AA,AA,AA,AB,BB,NA,AB,BB,AA,2,1,1,AB,AB,2,AA,AB,AB,BB,AA,1,AB,3,AB,BB,BB,AB,4,BB,AB,NA,AB,AB,NA,AA,AB,1,AB,AB,AB,AA,AA,BB,3,1,BB,AA,3,AA,AA,AA,AB,2,BB,AA,NA,AA,1,NA,AB,AA,NA,BB,AB,AA,AA,AA,NA,AB,4,AB,AA,AA,BB,NA,NA,AB,2,AB,4,AA,AB,AB,4,AB,AB,AB,4,4,4,AB,BB,AA,AB,AB,AB,AA,2,BB,AB,AA,2,AA,AB,AA,AA,1,2,BB,2,BB,AA,NA,BB,AB,AB,BB,1,AB,AB,AB,AB,AA,4,AB,BB,NA,NA,NA,AB,AA,AB,AB,3,AB,4,AA,BB,AB,AB,AA,4,AB,4,AB,AB,AB,AB,AB,AB,AB,AB,AB,BB,AB,1,AB,AA,BB,AB,AB,AB,BB,AB,AA,AB,2,NA,AB,AB,AA,AB,AA,BB,3,NA,NA,2,2,2,NA,NA,AA,AB,AA,AB,AB,AB,AB,AB,AB,BB
NA,NA,2.87,NA,35.29,94,NA,NA,NA,NA,NA,NA,1,NA,4,3,NA,NA,NA,NA,NA,NA,1,NA,NA,NA,NA,NA,NA,NA,NA,AB,NA,4,3,AB,NA,NA,NA,NA,1,NA,NA,NA,2,1,NA,NA,NA,4,AA,NA,NA,NA,AA,NA,NA,1,NA,NA,NA,NA,2,3,2,4,NA,NA,NA,NA,NA,NA,NA,2,NA,NA,2,NA,NA,NA,NA,NA,NA,NA,NA,NA,NA,NA,NA,NA,3,3,NA,NA,2,NA,NA,NA,NA,NA,1,NA,1,NA,NA,NA,NA,2,NA,NA,NA,NA,NA,NA,NA,NA,2,NA,NA,NA,NA,NA,BB,3,1,NA,NA,3,NA,NA,NA,NA,1,NA,NA,BB,NA,4,AA,NA,NA,NA,NA,BB,NA,NA,NA,BB,NA,NA,NA,NA,NA,NA,NA,NA,NA,2,AB,4,NA,NA,NA,4,NA,NA,NA,4,4,4,NA,AB,NA,NA,AB,NA,NA,1,NA,NA,NA,3,NA,NA,NA,NA,2,1,NA,2,NA,NA,AB,NA,NA,NA,NA,1,NA,NA,NA,NA,NA,1,NA,NA,NA,BB,NA,NA,NA,NA,NA,1,NA,3,NA,NA,NA,AB,NA,2,NA,2,NA,AB,AB,NA,AB,NA,NA,NA,NA,NA,NA,2,NA,NA,NA,NA,NA,NA,NA,NA,NA,AB,3,AB,AB,NA,NA,NA,NA,NA,3,1,1,2,1,1,NA,AB,NA,NA,NA,NA,NA,NA,NA,NA,NA,NA
NA,22636.67,2.87,NA,22.24,95,AA,AA,NA,AB,AB,AB,1,AA,3,4,AB,AB,AB,2,AB,AB,3,AA,BB,AA,BB,AA,BB,NA,AB,NA,AA,3,2,AA,AA,BB,BB,AB,NA,AA,AA,AB,4,3,AB,AA,AB,1,BB,AA,BB,AB,BB,AA,AA,2,AA,BB,AB,AB,NA,NA,1,2,AB,2,AB,AA,AB,AB,BB,1,BB,BB,2,AB,AA,BB,AA,AA,AA,AB,AB,AB,AA,AB,AB,NA,3,NA,AB,BB,3,AB,AA,AA,AB,AA,NA,BB,1,AB,BB,BB,AB,4,AB,AB,AB,AB,AB,AB,AB,AB,NA,AB,AA,BB,AB,AB,AB,4,1,AB,AB,3,AB,AB,AA,AB,2,AB,AB,BB,AA,3,NA,BB,AB,AA,AB,BB,AA,AA,AA,BB,AB,NA,AB,AA,AA,BB,AB,NA,BB,2,AB,4,AA,AB,AB,1,AB,AA,AB,4,4,4,AB,BB,AB,NA,AB,AB,AA,1,BB,AB,AA,2,AA,AA,AB,AB,2,NA,AB,1,AA,AB,NA,BB,AA,BB,AB,2,BB,AB,AB,AB,AB,4,AB,BB,NA,NA,BB,AA,AB,AB,AA,3,AB,3,AB,AB,AB,AB,AB,2,AB,1,AB,AB,AA,AB,AB,AB,AB,AB,AB,BB,AB,1,AB,AB,BB,AB,AB,AB,AB,AA,AB,AA,3,AA,AA,BB,AB,AB,AA,AB,4,1,NA,2,2,1,NA,AB,AA,AB,AA,AA,AB,AB,AB,AB,AA,BB
NA,NA,2.92,NA,0.99,96,AB,AB,NA,NA,AA,AB,1,AB,3,4,AB,AB,AA,2,BB,BB,3,AB,BB,AA,BB,AA,NA,AB,AB,BB,NA,4,1,BB,AB,AB,AB,AA,NA,AB,AA,AA,4,NA,BB,AA,AB,1,BB,AA,BB,BB,BB,AA,AA,1,AB,AB,AB,AA,NA,3,2,1,BB,2,BB,AA,BB,BB,BB,1,NA,AB,2,AB,AA,BB,AB,AB,AA,AA,BB,NA,AA,AB,AA,NA,1,1,AB,AB,4,AB,AB,AA,AB,AB,4,BB,3,AA,BB,AB,AA,2,AB,AB,NA,AA,AA,NA,AA,AB,1,AB,AB,AB,AA,AA,AA,1,2,AB,AB,1,AA,AB,AB,NA,2,AB,AB,BB,AA,3,NA,BB,NA,AA,BB,BB,AA,AA,AA,BB,AB,NA,AB,BB,AB,AB,NA,NA,AB,1,AB,1,NA,BB,BB,3,AA,AA,AA,3,3,3,AB,BB,AA,AB,AA,AA,NA,1,AB,AB,AA,3,AB,AA,AB,AB,2,1,AB,1,AA,AB,NA,BB,AA,BB,AB,2,AB,AB,NA,AB,NA,1,BB,AB,NA,AA,NA,AA,AA,AA,AA,3,AB,1,AA,AB,AB,AB,AB,4,AB,2,AB,AB,AB,AB,AB,AB,AB,AB,AB,AB,AB,2,AA,AA,AB,AA,AA,AA,AB,AB,AA,AA,3,NA,BB,AB,AB,AB,AA,BB,3,1,NA,2,2,1,NA,NA,AB,AA,AB,AB,AB,AB,AB,AB,AB,AB
NA,22460,2.89,NA,30.77,97,AB,AA,1,AB,AB,AA,1,AA,3,4,AA,AA,AB,1,AA,AB,3,AB,BB,AA,BB,AA,BB,AA,AB,BB,AA,1,3,AA,AB,AB,AA,AB,2,AB,AA,AB,4,3,BB,AA,AB,2,BB,AA,AB,AA,AA,AB,AA,1,AB,AB,AB,AB,2,4,2,4,AB,1,AA,AB,AB,BB,AB,3,AB,AB,1,AA,AB,AB,AA,AB,AB,AB,BB,AB,AB,BB,AA,2,4,2,BB,AB,2,AB,AA,AB,BB,AB,2,BB,3,AA,BB,AB,AB,1,AB,AA,BB,AB,AB,AB,AB,AB,4,BB,AA,BB,AB,AB,AB,4,1,AB,AB,3,AB,AB,AB,AA,1,AA,BB,BB,AA,1,AB,AB,AA,AA,BB,AB,AA,AA,AA,BB,AB,1,AB,BB,AB,AB,AB,NA,BB,1,BB,1,AA,BB,BB,3,AA,AB,AB,1,1,2,AB,AB,AA,AB,AA,AA,AB,1,AB,AA,AB,1,AB,AB,AA,BB,2,1,AB,1,AB,AB,AA,BB,AB,AB,BB,1,BB,AB,AB,AB,AB,1,BB,AB,NA,BB,BB,AA,AA,AA,AA,2,AB,1,AA,AB,AB,AB,AB,2,AB,2,AB,AB,AB,AB,AB,AB,AB,AB,AB,BB,AB,2,AA,AA,BB,AB,AA,AA,BB,AB,AA,AB,1,AA,AA,BB,AB,AB,AA,BB,3,1,NA,2,1,1,AB,NA,AB,AA,AB,AA,AB,AB,AB,AB,AA,BB
NA,68186.67,3.89,NA,22.09,98,AA,NA,1,NA,BB,BB,4,NA,1,1,NA,AB,AA,1,NA,AB,3,NA,BB,NA,BB,AA,NA,NA,AB,AB,NA,3,4,NA,NA,BB,AA,NA,4,AB,AB,NA,3,3,BB,AA,BB,4,BB,AA,NA,BB,BB,AA,NA,2,AA,AB,NA,NA,2,4,1,2,AB,1,NA,NA,BB,NA,AB,3,NA,AB,1,AA,AB,AB,NA,AB,NA,BB,AB,NA,NA,BB,AB,3,4,4,NA,AA,1,AB,AB,AB,BB,AA,2,NA,1,AB,BB,NA,BB,4,AA,AB,NA,NA,NA,NA,AB,AB,2,BB,NA,NA,AA,AA,AB,4,1,AB,AB,3,NA,NA,AB,NA,1,NA,AB,BB,AB,4,AA,NA,NA,NA,NA,AA,BB,NA,NA,AA,BB,1,NA,BB,AB,AB,NA,NA,AB,1,AB,4,NA,NA,AB,1,AB,BB,BB,2,2,1,NA,BB,AB,NA,BB,BB,NA,1,AB,AB,NA,2,AA,NA,NA,BB,2,1,AB,1,AB,NA,AB,AB,AA,BB,AB,2,AB,NA,NA,AB,NA,4,AB,NA,NA,BB,NA,AA,AB,AB,AA,3,AB,4,AA,BB,NA,AB,NA,4,AB,1,AB,AB,NA,AB,AB,NA,AB,AB,AB,NA,AB,2,AA,NA,AB,AA,NA,NA,AB,NA,NA,AB,1,AB,AB,NA,AA,NA,NA,BB,3,1,1,2,1,1,NA,AB,AB,NA,NA,AB,NA,NA,NA,NA,NA,NA
NA,76426.67,3.84,NA,10.63,99,AA,AA,NA,BB,BB,BB,4,AA,2,1,AB,AB,AB,2,AB,AA,3,AA,BB,AA,BB,AA,BB,AA,AB,BB,AA,1,NA,NA,AA,BB,AA,AA,NA,AB,AB,AB,3,3,BB,AA,BB,2,AB,AA,AB,AB,NA,AB,AB,1,AA,AA,AA,AA,NA,3,2,4,AB,1,AB,AB,AB,BB,AB,1,BB,BB,NA,AB,AA,BB,AA,AA,AA,AB,BB,AB,AB,AB,AA,1,2,2,AB,AB,2,AB,AB,AB,BB,AB,1,AB,1,AA,BB,AB,AA,2,AB,AB,AB,AA,AA,AB,AB,AB,4,AB,AA,BB,AB,AB,AA,2,2,AA,BB,3,AB,AA,AA,AB,2,AB,AB,NA,AB,4,NA,BB,AB,AA,AB,AA,BB,BB,BB,NA,BB,4,AB,AA,AA,BB,AB,NA,BB,2,BB,2,AB,BB,BB,4,AB,AB,AB,1,1,2,AB,BB,AA,AA,BB,AB,AA,2,BB,AB,AA,2,AA,AB,AA,AA,1,2,BB,1,AB,AB,NA,BB,AA,BB,AB,2,AB,AA,BB,AA,AA,1,BB,AB,BB,NA,AB,AA,AA,AA,AA,3,AB,4,AA,AB,AB,AB,AB,NA,AB,2,AB,AB,AB,AB,AB,AB,AB,AB,AB,AB,AB,1,AB,AA,AB,AA,AB,AA,AB,AA,AB,AA,NA,NA,AB,BB,AB,AB,AA,BB,3,NA,NA,2,1,1,AA,NA,AA,AA,AB,AB,AB,AB,AB,AB,AA,BB
3.9,NA,NA,8138.77,30,100,AA,AB,NA,AB,BB,BB,4,AB,1,NA,AB,AB,AA,2,BB,AB,NA,AB,AB,AA,BB,AA,BB,AA,AB,BB,AA,1,NA,NA,AB,AB,BB,BB,NA,AA,BB,AA,3,1,AA,AB,BB,4,AA,AA,AB,AA,NA,AB,AB,1,AB,AB,AB,AA,NA,NA,1,3,AB,1,AB,AB,AB,BB,AA,4,AA,AB,1,BB,AB,AB,AA,AA,AB,BB,AB,AA,AB,BB,AB,3,4,3,AB,AB,4,AA,AA,AA,AB,AB,3,AB,1,AA,BB,AB,AB,1,AB,AA,BB,AB,AB,AB,AB,AB,2,BB,AB,AB,AA,AA,AA,2,2,AA,BB,1,AB,AA,AB,AA,1,AA,AB,NA,AA,3,NA,BB,AB,AA,BB,BB,AA,AA,AA,NA,AB,1,AA,AA,AB,BB,AB,NA,BB,2,AB,1,AB,BB,BB,4,AB,AB,AA,3,3,3,AA,AB,AB,AA,NA,AB,AA,2,BB,AA,AB,1,AB,AA,AB,AB,2,1,AB,2,BB,AA,NA,BB,AA,BB,AB,2,BB,AB,AB,AB,AA,1,BB,AB,NA,NA,BB,AB,AA,AB,AB,3,AB,3,AB,AB,AB,AB,AB,NA,AB,2,AB,AB,AB,AB,AB,AB,AB,AB,AB,BB,AB,2,AA,AB,AB,AA,AB,AB,BB,AA,AB,AA,NA,NA,AA,BB,AB,AB,AA,AB,3,NA,NA,2,1,1,AA,NA,AB,AB,AA,AA,AB,AB,AB,AB,AB,AB
5.89,NA,NA,330.71,9.43,101,AA,AB,NA,AA,AA,AB,NA,AA,4,NA,AB,AA,AA,NA,AA,AB,NA,AB,AB,AB,AB,AB,AA,BB,BB,NA,AB,NA,NA,NA,AA,BB,AA,AB,NA,AB,AB,AA,1,NA,AB,AB,AB,4,NA,AB,AB,AB,NA,AA,AA,NA,AA,AB,AB,AA,NA,NA,NA,3,AA,NA,AB,AB,AA,AB,AA,4,NA,AB,NA,BB,AB,AB,AA,AB,AB,BB,AB,AA,AB,BB,AB,NA,NA,NA,AA,BB,3,AA,AB,AA,AB,AB,NA,AA,3,BB,AB,AB,AA,NA,AA,AB,NA,AA,AA,AA,AB,AA,NA,BB,AB,AB,AA,AA,NA,2,2,AA,BB,NA,AB,AA,AA,AB,NA,AB,AB,NA,AA,3,NA,BB,AB,AA,AB,AB,AB,AB,AB,NA,AB,NA,AA,AB,AB,AB,AA,NA,BB,2,AB,4,AB,AB,AB,NA,AA,AB,AB,NA,4,4,AA,AB,NA,AA,NA,AB,AA,NA,BB,AA,AB,4,BB,AA,AB,AB,NA,NA,AB,1,AB,AA,NA,AB,AA,BB,AB,NA,AB,AA,BB,AA,AB,NA,AB,BB,AB,NA,NA,AA,AB,AB,AA,3,AA,NA,AB,BB,AB,AB,AA,NA,BB,1,AB,AB,NA,AB,NA,AB,AB,AB,AB,BB,AB,NA,AA,AB,BB,AB,AA,AA,AB,AB,AA,AA,NA,NA,NA,BB,AB,AB,AA,AB,NA,NA,1,NA,2,NA,AA,NA,AB,AB,AA,AB,AB,AB,AB,AB,AA,AB
NA,16600,2.87,NA,23.07,102,AA,AB,NA,NA,AB,AB,NA,AB,4,NA,AB,AB,AA,NA,AA,BB,NA,AB,BB,AA,BB,AA,NA,AB,AB,NA,AB,NA,NA,NA,AB,AB,BB,BB,NA,AA,AB,AA,1,NA,AA,AB,AB,4,NA,AA,NA,AA,NA,AB,AB,NA,AB,AA,AB,AB,NA,NA,NA,4,AB,NA,AA,AB,AA,AB,AB,3,NA,AB,NA,AA,AB,AB,AA,AB,AB,BB,AB,NA,AB,BB,AB,NA,NA,NA,AB,AA,1,AB,AB,AB,BB,AA,NA,BB,3,AA,BB,AB,AB,NA,AB,AA,NA,AB,AB,NA,AB,AA,NA,BB,AB,AB,AA,AA,NA,1,2,AB,AB,NA,AA,AB,AA,NA,NA,BB,AA,NA,AA,1,NA,AB,AA,NA,BB,AB,AB,AB,AB,NA,BB,NA,AB,AA,AA,BB,NA,NA,AB,1,AB,1,NA,BB,BB,NA,AB,AA,AB,NA,4,4,AB,BB,AA,AA,NA,AB,NA,NA,AA,AB,AA,3,AB,AA,AB,AB,NA,NA,BB,1,AB,AB,NA,BB,AA,BB,AB,NA,AB,AB,NA,AA,AA,NA,AB,BB,NA,NA,NA,AA,AB,AB,AA,3,AB,NA,AA,BB,AB,AB,AA,NA,AB,2,AB,AB,NA,AB,NA,AB,AB,AB,AB,BB,AB,NA,AB,AA,BB,AB,AA,AA,AB,AA,AB,AB,NA,NA,NA,BB,AB,AB,AA,BB,NA,NA,NA,NA,2,NA,NA,NA,AB,AB,AA,AA,AB,AB,AB,AB,AA,AB
NA,71016.67,3.9,NA,38.22,103,AA,AA,NA,AB,AB,AB,NA,AA,4,NA,AB,AA,AA,NA,AA,AB,NA,AB,BB,AB,AB,AB,AB,AB,BB,NA,AA,NA,NA,NA,AA,BB,AB,BB,NA,AA,AB,AA,1,NA,AA,AB,AB,4,NA,AA,AB,AB,NA,AB,AB,NA,AA,AB,AA,AB,NA,NA,NA,4,AB,NA,AA,AB,AB,BB,AB,2,NA,AB,NA,BB,AA,BB,AB,AB,AA,AB,BB,AA,AA,AB,AA,NA,NA,NA,AB,AB,2,AB,AB,AB,BB,AB,NA,BB,1,AB,BB,BB,AB,NA,AA,AB,NA,AB,AB,AB,AB,AB,NA,BB,AA,BB,AB,AB,NA,1,2,AB,AB,NA,AA,AB,AB,AA,NA,AB,AB,NA,AB,2,NA,AB,AA,NA,BB,BB,AB,AB,AB,NA,AB,NA,AA,AA,AA,BB,NA,NA,AB,1,AA,3,AB,AB,AB,NA,AA,AA,AA,NA,3,3,AA,AA,AB,AB,NA,AA,AB,NA,AA,AB,AA,3,AB,AA,AB,AB,NA,NA,BB,2,AA,AB,NA,AB,AA,BB,AB,NA,BB,AA,BB,AA,AA,NA,AB,BB,AA,NA,BB,AB,AA,AB,AB,2,AA,NA,AB,BB,AB,AB,AB,NA,AB,2,AB,AB,NA,AB,NA,AB,AB,AB,AB,AB,AB,NA,AA,AA,AB,AA,AA,AA,AB,AA,AB,AA,NA,NA,NA,AB,AA,AB,AA,AB,NA,NA,1,NA,1,NA,NA,NA,AB,AB,AA,AA,AB,AB,AB,AB,AB,BB
3.98,NA,NA,3504.39,8.45,104,AA,AB,NA,AB,AB,AB,NA,AA,3,NA,AB,AB,AB,NA,AB,AB,NA,AB,AB,AA,BB,AA,AB,AB,AB,NA,AB,NA,NA,NA,AB,AB,AB,AA,NA,AB,BB,AA,2,NA,AB,AB,BB,4,NA,AB,BB,BB,NA,AA,AA,NA,AB,BB,AB,AA,NA,NA,NA,1,BB,NA,AB,AA,AB,AB,AA,4,AA,AA,NA,BB,AB,AB,AB,AA,AA,BB,AB,AA,AB,AB,AB,NA,NA,NA,AA,BB,3,AB,AB,AA,AB,AA,NA,BB,1,AB,BB,BB,BB,NA,AA,AA,BB,AA,AA,AA,AB,AA,NA,BB,AA,BB,AA,AA,NA,3,1,BB,AA,NA,AA,AA,AB,AA,NA,AB,AB,NA,AA,1,NA,AB,AA,NA,BB,AB,AB,AB,AB,NA,AB,NA,AB,AB,AB,AB,AA,NA,BB,2,BB,4,AA,AB,AB,NA,AB,AB,AB,NA,1,2,AB,AB,AB,NA,NA,AB,AB,NA,AA,AA,AB,2,AB,AB,AA,AB,NA,NA,AB,2,BB,AA,NA,AB,AA,BB,AB,NA,BB,AA,BB,AA,AA,NA,AB,BB,AB,NA,AB,AA,AB,AB,AA,3,AB,NA,AB,AB,AB,AB,AB,NA,AB,1,AB,AB,NA,AB,NA,AB,AB,AB,AB,BB,AB,NA,AB,AA,BB,AB,AA,AA,AB,AA,AB,AA,NA,NA,NA,AB,AA,AB,AA,BB,NA,NA,NA,NA,2,NA,AB,NA,AB,AB,AA,AA,AB,AB,AB,AB,AB,BB
3.94,NA,NA,481.18,10.84,105,AB,AB,NA,NA,AB,AB,NA,AB,1,NA,AA,AB,AB,NA,AA,BB,NA,BB,AB,AB,AB,AB,NA,AB,BB,NA,AB,NA,NA,NA,AB,AB,AA,AB,NA,AB,AB,AB,1,NA,AB,AB,AB,4,NA,AA,AB,AB,NA,AB,AB,NA,AB,AA,AA,AA,NA,NA,NA,4,AB,NA,AB,AB,AB,BB,BB,1,NA,BB,NA,AB,AA,BB,AA,AA,AA,AB,AB,AB,AA,AB,AB,NA,NA,NA,BB,AA,1,AB,AA,AB,BB,AA,NA,BB,3,AA,BB,AB,AA,NA,AB,AB,NA,AA,AA,AA,AB,AA,NA,AB,AB,AB,AA,AA,NA,2,2,AA,BB,NA,AB,AA,AA,AB,NA,AB,AB,NA,AA,4,NA,BB,AB,NA,AB,AB,AA,AA,NA,NA,AB,NA,AA,AB,AA,BB,NA,NA,BB,2,BB,3,NA,AB,AB,NA,AA,AB,AA,NA,3,3,AA,AA,NA,AA,NA,BB,AA,NA,AB,AB,AA,3,AB,AB,AB,AA,NA,NA,BB,1,AB,AA,NA,AB,AA,BB,AB,NA,AB,AA,BB,AA,AB,NA,AB,BB,AA,NA,BB,AA,AA,AA,AA,3,AA,NA,AA,AB,AB,AB,AA,NA,AB,4,AB,AB,NA,AB,NA,AB,AB,AB,AB,AB,AB,NA,AA,AB,BB,AB,AA,AA,AB,AB,AA,AA,NA,NA,NA,BB,AB,AB,AA,BB,NA,NA,1,NA,1,NA,NA,NA,AB,AA,AB,AA,AB,AB,AB,AB,AB,BB
3.88,NA,NA,231.02,12.26,106,NA,AB,NA,AA,NA,NA,NA,AA,4,NA,AA,NA,AA,NA,AA,NA,NA,BB,NA,AB,NA,NA,AA,BB,NA,NA,NA,NA,NA,NA,AB,NA,NA,AB,NA,AA,NA,AB,2,NA,NA,NA,NA,4,NA,NA,NA,NA,NA,NA,AB,NA,NA,NA,AB,AA,NA,NA,NA,1,NA,NA,BB,AA,NA,BB,NA,3,AA,NA,NA,NA,AB,NA,AB,NA,NA,NA,NA,AA,NA,NA,NA,NA,NA,NA,AB,NA,4,NA,NA,NA,NA,NA,NA,BB,1,NA,NA,AB,NA,NA,NA,NA,BB,AA,AA,AA,AB,NA,NA,NA,AB,AB,NA,NA,NA,1,2,NA,NA,NA,AA,AB,NA,AA,NA,AB,NA,NA,NA,3,NA,BB,AB,NA,AB,BB,NA,AA,AA,NA,AB,NA,AA,AB,NA,NA,BB,NA,NA,2,BB,4,AA,AB,NA,NA,NA,NA,NA,NA,3,3,AB,BB,NA,NA,NA,NA,AA,NA,NA,AA,AB,2,NA,AB,AA,NA,NA,NA,NA,2,NA,AA,NA,NA,NA,NA,NA,NA,NA,AB,NA,NA,AB,NA,NA,AB,NA,NA,BB,NA,NA,AB,NA,2,NA,NA,AA,BB,AB,AB,AB,NA,AB,2,NA,AB,NA,NA,NA,AB,AB,NA,NA,AB,AB,NA,AB,AB,NA,NA,AB,AB,NA,AA,AB,AA,NA,NA,NA,BB,NA,AB,AA,NA,NA,NA,NA,NA,1,NA,NA,NA,AA,AA,AB,NA,AB,AB,AB,AB,AA,AB
NA,74626.67,3.9,NA,56.42,107,AA,AA,NA,AB,AB,AB,NA,AA,3,NA,AB,AB,AA,NA,AB,AB,NA,AB,AB,AB,AB,AB,AB,AB,BB,NA,AA,NA,NA,NA,AA,BB,BB,AB,NA,AA,AB,AA,1,NA,AA,AB,AB,4,NA,AA,AB,AB,NA,AB,AB,NA,AA,AA,AA,AA,NA,NA,NA,NA,AB,NA,BB,AA,BB,BB,AB,3,AA,AA,NA,AA,AB,AB,AB,AA,AA,AB,AB,AB,AA,AB,AB,NA,NA,NA,AB,AB,2,AB,AB,AB,BB,AB,NA,BB,3,AB,BB,BB,AB,NA,AB,AB,NA,AB,AB,AA,AB,AA,NA,BB,AB,AB,AA,AA,NA,2,NA,AA,BB,NA,AB,AA,AB,AA,NA,AB,AB,NA,AB,4,NA,BB,AB,AA,AB,BB,AA,AA,AA,NA,AB,NA,AA,AB,AB,AB,AA,NA,AB,NA,AA,NA,AB,BB,BB,NA,AA,BB,AB,NA,1,2,AB,NA,AA,AA,NA,BB,AA,NA,BB,AA,AB,4,BB,AA,AA,AB,NA,NA,BB,2,AA,AB,NA,AB,AA,BB,AB,NA,AB,AB,AB,AB,AA,NA,AB,BB,BB,NA,BB,AA,AA,AB,AA,3,AA,NA,AB,BB,AB,AB,AA,NA,BB,1,AB,AB,NA,AB,NA,AB,AB,AB,AB,BB,AB,NA,AA,AB,AB,AA,AA,AA,AB,AB,AA,AA,NA,NA,NA,AB,AA,AB,AA,AB,NA,NA,NA,NA,1,NA,AB,NA,AB,AA,AB,AB,AB,AB,AB,AB,AB,AB
NA,25533.33,2.88,NA,9.13,108,AA,AA,NA,BB,BB,BB,NA,AB,1,NA,AB,AA,AA,NA,AA,AB,NA,AB,BB,AB,AB,AB,AB,AB,BB,NA,AA,NA,NA,NA,AA,BB,BB,AB,NA,AA,AB,AA,1,NA,AA,AB,BB,4,NA,AA,AB,AB,NA,AA,AA,NA,AA,AB,AB,AB,NA,NA,NA,2,AB,NA,AB,AA,AB,AB,AA,4,NA,AA,NA,BB,AB,AB,AB,AA,AA,AB,BB,AB,AB,BB,AA,NA,NA,NA,AB,AB,2,AB,AB,AB,BB,AB,NA,AB,1,BB,AB,AB,AA,NA,AA,AB,AB,AA,AA,AA,AB,AB,NA,BB,AB,AB,AA,AA,NA,4,NA,AB,AB,NA,AB,AB,AA,AB,NA,AB,AB,NA,AA,1,NA,AB,AA,AA,BB,AA,BB,BB,BB,NA,BB,NA,AB,AA,AA,BB,NA,NA,AB,NA,AB,NA,AA,BB,BB,NA,AA,AB,AB,NA,1,2,AB,NA,AA,AA,NA,AB,AB,NA,AA,AA,AB,1,AB,AA,AA,BB,NA,NA,AB,2,AB,AB,NA,BB,AA,BB,AB,NA,AB,AB,AB,AB,AB,NA,AB,BB,BB,NA,AB,AB,AA,AB,AB,3,AB,NA,AA,BB,AB,AB,AB,NA,AB,1,AB,AB,NA,AB,NA,AB,AB,AB,AB,BB,BB,NA,AA,AA,BB,AB,AB,AB,BB,AB,AA,AA,NA,NA,NA,BB,AA,AB,AA,BB,NA,NA,NA,NA,2,NA,AA,NA,AB,AA,AB,AA,AB,AB,AB,AB,AB,AB
NA,39833.33,3.91,NA,50.06,109,AA,AA,NA,NA,AB,AB,NA,AA,4,NA,AB,AB,AA,NA,AA,AA,NA,AB,AB,AB,AB,AB,NA,AB,BB,NA,AA,NA,NA,NA,AA,BB,AB,AB,NA,AB,AB,AB,3,NA,BB,AA,AB,1,NA,AA,AB,AB,NA,AA,AA,NA,AB,AB,AB,AB,NA,NA,NA,2,AB,NA,AB,AA,BB,BB,AB,4,NA,AA,NA,BB,AB,AB,AB,AA,AA,AB,AB,AB,AA,AB,AB,NA,NA,NA,AB,AA,1,AA,AB,AB,BB,AA,NA,BB,1,BB,AB,AA,AB,NA,AB,AA,NA,AB,AB,AB,AB,AB,NA,BB,AA,BB,AB,AB,NA,2,NA,AA,BB,NA,AB,AA,AB,AA,NA,AB,AB,NA,AB,2,NA,AB,AA,NA,AB,AB,BB,BB,BB,NA,BB,NA,AB,AB,AA,BB,NA,NA,BB,NA,AB,NA,AB,BB,BB,NA,AB,AB,AB,NA,4,4,AA,NA,BB,AB,NA,BB,AA,NA,AB,AA,AB,1,AB,AA,AB,AB,NA,NA,BB,1,AA,AB,NA,BB,AA,BB,AB,NA,AB,AA,BB,AA,AB,NA,AB,BB,AB,NA,NA,AA,AB,AB,AA,3,AB,NA,AB,AB,AB,AB,AA,NA,AB,2,AB,AB,NA,AB,NA,AB,AB,AB,AB,BB,AB,NA,AA,AB,AB,AA,AA,AA,BB,AA,AB,AA,NA,NA,NA,BB,AB,AB,AA,AB,NA,NA,NA,NA,1,NA,NA,NA,AA,AB,AA,AA,AB,AB,AB,AB,AA,AB
NA,20853.33,2.88,NA,10.31,110,AB,AB,NA,AA,AA,AA,NA,AA,3,NA,AA,AB,AB,NA,BB,BB,NA,AA,AB,AA,BB,AA,BB,AB,AB,NA,AB,NA,NA,NA,AA,BB,AB,BB,NA,AA,BB,AA,2,NA,AA,AB,BB,4,NA,AA,AB,AB,NA,AB,AA,NA,AB,AB,AA,AA,NA,NA,NA,1,BB,NA,AB,AA,BB,BB,AB,2,AB,AB,NA,BB,AA,BB,AB,AB,AA,BB,AB,AA,AB,BB,AB,NA,NA,NA,BB,AA,1,AB,AA,AB,BB,AA,NA,BB,1,BB,AB,AB,AB,NA,AA,AA,AB,AB,AB,NA,AA,BB,NA,AB,AA,BB,AB,AB,NA,2,NA,AA,BB,NA,AB,AA,AB,AA,NA,AA,BB,NA,AB,4,NA,BB,AB,NA,AB,AA,BB,BB,BB,NA,BB,NA,AB,AA,AA,BB,BB,NA,AB,NA,AA,NA,AA,BB,BB,NA,AA,AB,AB,NA,1,2,AA,NA,NA,AA,NA,AA,AB,NA,AB,AA,AB,4,BB,AA,AA,AA,NA,NA,BB,2,AA,AB,NA,BB,AB,AB,BB,NA,BB,AB,AB,AB,AB,NA,AB,BB,AA,NA,BB,AB,AB,AA,AB,3,AA,NA,AA,AB,AB,AB,AA,NA,AB,4,AB,AB,NA,AB,NA,AB,AB,AB,AB,BB,AB,NA,AB,AA,AB,AA,AA,AB,BB,AA,AB,AA,NA,NA,NA,AB,AA,AB,AA,AB,NA,NA,NA,NA,2,NA,AA,NA,AA,AA,AB,AB,AB,AB,AB,AB,AA,BB
3.93,NA,NA,369.46,16.78,111,AA,AA,NA,BB,BB,BB,NA,AA,NA,NA,AB,BB,AA,NA,BB,AB,NA,AB,AB,AB,AB,AB,AA,BB,BB,NA,AB,NA,NA,NA,AA,BB,BB,AB,NA,AA,AB,AB,NA,NA,AB,AA,AB,1,NA,AB,BB,AA,NA,AB,AA,NA,AB,AB,AB,AA,NA,NA,NA,4,AB,NA,AB,AB,AA,AB,AA,NA,AB,AB,NA,BB,AB,AB,AA,AB,AB,AB,AB,AB,AA,AB,AB,NA,NA,NA,AB,AB,4,AA,AA,AA,AB,AB,NA,AB,1,AA,BB,AB,AA,NA,AA,AB,AB,AA,AA,AA,AA,BB,NA,AB,AA,BB,AB,AB,NA,3,NA,BB,AA,NA,AA,AA,AB,AA,NA,AB,AB,NA,AA,NA,NA,BB,AB,AA,AB,NA,AB,BB,BB,NA,BB,NA,AB,AB,AA,BB,BB,NA,AB,NA,AA,NA,AB,BB,BB,NA,AB,AB,AB,NA,1,2,AB,NA,AA,AA,NA,AA,AB,NA,AA,AB,AA,2,AA,AB,AA,AB,NA,NA,AB,2,AB,AA,NA,BB,AB,AB,BB,NA,BB,AB,AB,AB,AB,NA,BB,AB,AB,NA,AB,AA,AA,AA,AA,2,AA,NA,AB,AB,AB,AB,AB,NA,AB,2,AB,AB,NA,AB,NA,AB,AB,AB,AB,BB,AB,NA,AB,AB,BB,AB,AB,AA,AB,AA,AB,AB,NA,NA,NA,AB,AA,AB,AA,AB,NA,NA,NA,NA,2,NA,NA,NA,AB,AA,AB,AA,AB,AB,AB,AB,AB,AB
NA,NA,NA,21077.9,34.44,112,AB,AB,NA,AA,AA,AB,NA,AA,4,NA,AB,AA,AA,NA,AA,AB,NA,AB,BB,AA,BB,AA,AB,AB,AB,NA,AA,NA,NA,NA,AB,AB,AB,BB,NA,AA,AB,AA,3,NA,AB,AA,AB,2,NA,AA,AB,AB,NA,AA,AA,NA,AA,AB,AB,AB,NA,NA,NA,3,AA,NA,AA,AB,AA,AB,AA,4,AB,AB,NA,BB,AB,AB,AA,AA,AB,AB,AB,AB,AA,BB,AB,NA,NA,NA,AA,BB,3,AA,AB,AA,AB,AA,NA,AA,3,BB,AB,BB,BB,NA,AA,AA,BB,AA,AA,NA,AA,AB,NA,AB,AA,BB,AB,AB,NA,3,NA,BB,AA,NA,AA,AA,AA,AB,NA,BB,AA,NA,AA,1,NA,AB,AA,AA,BB,AA,AB,AB,AB,NA,AB,NA,AB,AA,AA,BB,AB,NA,BB,NA,AB,NA,AB,BB,BB,NA,AB,AA,AB,NA,4,4,AB,NA,AA,AB,NA,AB,AA,NA,BB,AA,AB,1,AB,AA,AB,AA,NA,NA,BB,2,AA,AB,NA,AB,AA,BB,AB,NA,AB,AB,AB,AB,AB,NA,AB,BB,NA,NA,BB,AB,AB,AA,AB,3,AA,NA,AA,BB,AB,AB,AB,NA,AB,2,AB,AB,NA,AB,NA,AB,AB,AB,AB,AB,AB,NA,AA,AB,BB,AB,AA,AA,BB,AB,AA,AB,NA,NA,NA,AB,AA,AB,AA,AB,NA,NA,NA,NA,2,NA,AA,NA,AB,AA,AB,AB,AB,AB,AB,AB,AA,BB
3.91,NA,NA,282.29,15.28,113,AA,AB,NA,AB,AB,BB,NA,AA,1,NA,AB,AB,AA,NA,AA,AA,NA,AB,BB,AB,AB,AB,AA,BB,BB,NA,AB,NA,NA,NA,AA,BB,BB,AB,NA,AA,AB,AA,1,NA,AA,AA,AB,4,NA,AA,AB,BB,NA,AA,AA,NA,AB,BB,AB,AA,NA,NA,NA,3,AA,NA,AB,AB,AA,AB,AA,4,AB,AB,NA,BB,AB,AB,AA,AB,AA,BB,AB,AA,AB,BB,AB,NA,NA,NA,AB,AB,2,AB,AB,AB,BB,AB,NA,BB,1,BB,AB,AB,AA,NA,AA,AB,AB,AA,AA,AA,AB,AA,NA,BB,AB,AB,AA,AA,NA,1,NA,AA,BB,NA,AB,AB,AA,AB,NA,AB,BB,NA,AA,2,NA,AB,AA,AA,AB,AA,BB,BB,BB,NA,BB,NA,AA,AB,AA,BB,BB,NA,AB,NA,AA,NA,AB,BB,BB,NA,AB,AA,AB,NA,4,4,AA,NA,AA,AA,NA,AA,AB,NA,AA,AB,AA,2,AA,AA,AB,AB,NA,NA,AB,1,AB,AA,NA,AB,AA,BB,AB,NA,BB,AA,BB,AA,AA,NA,BB,AB,BB,NA,BB,AB,AB,AA,AB,3,AA,NA,AA,BB,AB,AB,AA,NA,AB,4,AB,AB,NA,AB,NA,AB,AB,AB,AB,BB,AB,NA,AB,AA,BB,AB,AA,AA,AB,AA,AB,AA,NA,NA,NA,AB,AA,AB,AA,BB,NA,NA,NA,NA,1,NA,AA,NA,AB,AA,AB,AA,AB,AB,AB,AB,AA,AB
3.85,NA,NA,239.17,8.37,114,AB,AB,NA,AA,AA,AA,NA,AB,3,NA,AA,AB,AB,NA,AA,BB,NA,AB,BB,AB,AB,AB,AB,AB,BB,NA,AA,NA,NA,NA,AA,BB,AB,AA,NA,AB,AB,AA,3,NA,BB,AA,BB,4,NA,AB,BB,AB,NA,AB,AB,NA,AA,AA,AB,AB,NA,NA,NA,3,AA,NA,AB,AB,AB,BB,AB,3,NA,AB,NA,AA,AB,AB,AA,AB,AA,AB,BB,NA,AB,BB,AA,NA,NA,NA,BB,AA,1,AA,AA,AB,BB,AA,NA,AB,1,BB,AB,AB,AB,NA,AB,AA,BB,AB,AB,NA,AA,AB,NA,AB,AB,AB,AA,AA,NA,4,NA,AB,AB,NA,AB,AB,AB,AA,NA,AA,AB,NA,AB,4,NA,BB,AB,NA,AB,AA,AB,AB,AB,NA,AB,NA,AB,BB,AB,AB,NA,NA,AB,NA,AB,NA,AB,AB,AB,NA,AA,AB,AA,NA,3,3,AA,NA,AA,AB,NA,AA,AB,NA,AB,AB,AA,3,AB,AB,AA,BB,NA,NA,AB,1,AB,AA,NA,BB,AA,BB,AB,NA,AB,AA,BB,AA,AA,NA,AB,BB,BB,NA,BB,AB,AB,AA,AB,2,AA,NA,AB,BB,AB,AB,AB,NA,AB,1,AB,AB,NA,AB,NA,AB,AB,AB,AB,BB,AB,NA,AA,AA,AB,AA,AB,AB,BB,AA,AB,AB,NA,NA,NA,BB,AB,AB,AA,BB,NA,NA,NA,NA,1,NA,AA,NA,AB,AB,AA,AA,AB,AB,AB,AB,AA,BB
3.96,NA,NA,3071.64,68.89,115,AB,AB,NA,AA,AA,AA,NA,AA,4,NA,AA,AB,AA,NA,AA,AA,NA,AA,AB,AA,BB,AA,AB,AB,AB,NA,AB,NA,NA,NA,AA,BB,AB,AA,NA,AB,AB,AA,1,NA,AB,AB,AB,4,NA,AB,BB,AB,NA,AB,AB,NA,AA,AA,AB,AA,NA,NA,NA,1,BB,NA,BB,AA,AB,AB,AB,3,NA,AB,NA,AA,AB,AB,AA,AB,AB,BB,AB,AA,AB,BB,AB,NA,NA,NA,AB,AA,4,AA,AB,AB,BB,AA,NA,AB,1,BB,AB,AA,AB,NA,AB,AA,BB,AB,AB,AB,AB,AB,NA,BB,AA,BB,AB,AB,NA,1,NA,AB,AB,NA,AA,AB,AB,AA,NA,AA,BB,NA,AB,4,NA,BB,AB,NA,AB,BB,AA,AA,AA,NA,AB,NA,AB,AB,AA,BB,BB,NA,BB,NA,AB,NA,AB,BB,BB,NA,AB,AB,AB,NA,1,2,AB,NA,AA,AA,NA,AB,AA,NA,BB,AB,AB,1,AB,AA,AB,AB,NA,NA,AB,1,BB,AA,NA,AB,AA,BB,AB,NA,AB,AA,BB,AA,AB,NA,BB,AB,BB,NA,AB,AB,AB,AA,AB,3,AB,NA,AA,AB,AB,AB,AB,NA,AB,2,AB,AB,NA,AB,NA,AB,AB,AB,AB,AB,AB,NA,AB,AA,AB,AA,AA,AA,AB,AA,AB,AA,NA,NA,NA,BB,AB,AB,AA,BB,NA,NA,NA,NA,1,NA,NA,NA,AA,AA,AB,AA,AB,AB,AB,AB,AA,AB
4.3,NA,NA,4287.76,NA,116,AB,AA,NA,BB,BB,AB,NA,AB,2,NA,AA,AB,AB,NA,AA,AB,NA,AA,AB,AB,AB,AB,AB,AB,BB,NA,AA,NA,NA,NA,AA,BB,AB,BB,NA,AA,AA,AA,4,NA,AB,AA,AB,2,NA,AB,AB,AA,NA,AB,AB,NA,AB,AA,AB,AB,NA,NA,NA,3,AA,NA,AA,AB,AA,AB,AB,1,BB,BB,NA,BB,AA,BB,AA,AA,AA,BB,AB,AA,AB,BB,AB,NA,NA,NA,AB,AB,2,AA,AB,AB,BB,AB,NA,AB,1,AA,BB,AB,AB,NA,AB,AA,BB,AB,AB,AB,AB,AB,NA,AB,AA,BB,AB,AB,NA,3,NA,BB,AA,NA,AA,AA,AA,AB,NA,AB,AB,NA,AB,4,NA,BB,AB,AA,AB,AB,AA,AA,AA,NA,AB,NA,AA,AA,AA,BB,AB,NA,BB,NA,BB,NA,AA,AB,AB,NA,AB,BB,BB,NA,2,1,AA,NA,AB,AA,NA,AB,AB,NA,AA,AB,AA,2,AA,AB,AA,AA,NA,NA,BB,2,BB,AA,NA,BB,AA,BB,AB,NA,AB,AB,AB,AB,AB,NA,BB,AB,BB,NA,BB,AA,AA,AB,AA,3,AB,NA,AA,AB,AB,AB,AB,NA,AB,2,AB,AB,NA,AB,NA,AB,AB,AB,AB,AB,AB,NA,AB,AA,BB,AB,AA,AA,BB,AA,AB,AA,NA,NA,NA,AB,AA,AB,AA,BB,NA,NA,NA,NA,1,NA,AA,NA,AB,AA,AB,AB,AB,AB,AB,AB,AB,AB
NA,68476.67,3.83,NA,NA,117,AA,AA,NA,BB,BB,AB,NA,AB,1,NA,AA,AB,AA,NA,AA,AA,NA,AA,BB,AA,BB,AA,BB,AA,AB,NA,AA,NA,NA,NA,AA,BB,AB,AB,NA,AA,AB,AB,1,NA,AA,AB,AB,4,NA,AB,BB,AA,NA,AB,AB,NA,AB,AA,AB,AB,NA,NA,NA,4,AB,NA,AA,AB,AA,AB,AB,3,AB,AB,NA,AA,AB,AB,AA,AB,AB,AB,BB,AB,AB,BB,AA,NA,NA,NA,BB,AA,1,AA,AA,AB,BB,AA,NA,AB,1,AA,BB,NA,AB,NA,AB,AA,BB,AB,AB,AB,NA,AB,NA,BB,AA,BB,AB,AB,NA,2,NA,AA,BB,NA,AB,AA,AA,AB,NA,AB,AB,NA,AB,2,NA,AB,AA,AA,AB,AB,AB,AB,AB,NA,AB,NA,AB,BB,AB,AB,AB,NA,BB,NA,BB,NA,AB,AB,AB,NA,AA,AB,BB,NA,2,4,AA,NA,AB,AA,NA,BB,AA,NA,AB,AA,AB,4,BB,AA,AB,AB,NA,NA,AB,1,AB,AB,NA,BB,AA,BB,AB,NA,AB,AA,BB,AB,AA,NA,BB,AB,BB,NA,AB,AA,AA,AA,AA,3,AB,NA,AB,AB,AB,AB,AB,NA,AB,2,AB,AB,NA,AB,NA,AB,AB,AB,AB,AB,NA,NA,AA,AB,AB,AA,AB,AB,BB,AB,AA,AB,NA,NA,NA,BB,AB,AB,AA,BB,NA,NA,NA,NA,1,NA,NA,NA,AA,AA,AB,AA,AB,AB,AB,AB,AA,AB
NA,75103.33,3.86,NA,10.34,118,AB,AB,NA,AB,AB,AB,NA,AB,2,NA,AA,AB,AB,NA,AB,AA,NA,AB,AB,AB,AB,AB,AB,AB,BB,NA,AA,NA,NA,NA,AA,BB,BB,AB,NA,AA,AB,AB,1,NA,AA,AB,AB,4,NA,AB,BB,AA,NA,AB,AB,NA,AB,AA,AB,AB,NA,NA,NA,2,AB,NA,AB,AA,BB,BB,AB,2,BB,BB,NA,BB,AA,BB,AA,AA,AA,AA,BB,AB,AB,BB,AA,NA,NA,NA,AA,AB,4,AA,AB,AA,AB,AB,NA,AA,4,AA,AB,AB,AA,NA,AA,AB,AB,AA,AA,AA,AA,BB,NA,AB,AA,BB,AB,AB,NA,4,NA,AB,AB,NA,AB,AB,AA,AB,NA,BB,AA,NA,AB,2,NA,AB,AA,NA,AB,BB,AB,AB,AB,NA,BB,NA,AB,AA,AA,BB,AB,NA,AB,NA,AB,NA,AB,AB,AB,NA,AA,AB,BB,NA,2,1,AA,NA,AB,AA,NA,AB,AB,NA,AA,AA,AB,1,AB,AA,AA,AA,NA,NA,BB,2,AB,AB,NA,BB,AA,BB,AB,NA,AB,AB,AB,AB,AB,NA,BB,AB,AA,NA,BB,AA,AA,AB,AB,3,AB,NA,AB,BB,AB,AB,AB,NA,AB,2,AB,AB,NA,AB,NA,AB,AB,AB,AB,AB,AB,NA,AB,AB,AB,AA,AA,AA,BB,AA,AB,AA,NA,NA,NA,AB,AA,AB,AA,BB,NA,NA,NA,NA,1,NA,AA,NA,AA,AB,AA,AB,AB,AB,AB,AB,AA,AB
3.85,NA,NA,710.51,6.21,119,AA,AA,NA,AB,AB,AB,NA,AB,NA,NA,AB,AB,AA,NA,BB,BB,NA,AA,AB,AA,BB,AA,AB,AB,AB,NA,AB,NA,NA,NA,AA,BB,AB,AB,NA,AA,AA,AB,4,NA,AB,AA,AB,2,NA,AB,BB,AB,NA,AB,AB,NA,AB,AB,AB,AA,NA,NA,NA,1,BB,NA,BB,AA,AB,AB,BB,1,AB,AB,NA,AB,AA,BB,AB,AB,AA,AA,BB,AA,AA,AB,AA,NA,NA,NA,AA,BB,3,AB,AB,AA,AB,AA,NA,BB,3,AB,BB,BB,BB,NA,AA,AA,BB,AA,AA,AB,AB,AB,NA,AB,AA,BB,AB,AB,NA,4,NA,AB,AB,NA,AB,AB,AA,AB,NA,AB,AB,NA,AB,2,NA,AB,AA,NA,AB,AB,BB,BB,BB,NA,BB,NA,AB,AA,AA,BB,AB,NA,AB,NA,AA,NA,AB,BB,BB,NA,AB,AB,AB,NA,4,4,AA,NA,BB,AB,NA,AB,AA,NA,BB,AB,AA,2,AA,AB,AA,AA,NA,NA,BB,2,BB,AA,NA,BB,AA,BB,AB,NA,BB,AA,BB,AA,AA,NA,BB,AB,AB,NA,AB,AA,AA,AA,AA,2,AB,NA,AA,AB,AB,AB,AB,NA,AB,2,AB,AB,NA,AB,NA,AB,AB,AB,AB,AB,AB,NA,AA,AB,BB,AB,AB,AB,BB,AA,AB,AB,NA,NA,NA,AB,AA,AB,AA,AB,NA,NA,NA,NA,2,NA,NA,NA,AB,AB,AA,AA,AB,AB,AB,AB,AA,BB
NA,83133.33,3.87,NA,18.56,120,AB,AB,NA,AA,AA,AB,NA,AA,4,NA,AB,AA,AA,NA,AA,AB,NA,AB,AB,AA,BB,AA,AB,AB,AB,NA,AB,NA,NA,NA,AB,AB,AB,AB,NA,AA,AB,AA,1,NA,AA,AB,AB,4,NA,AA,AB,AA,NA,AB,AB,NA,AB,AB,AB,AB,NA,NA,NA,2,AB,NA,AB,AA,BB,BB,BB,2,AB,AB,NA,BB,AA,BB,AB,AB,AA,AB,AB,AB,AA,BB,AB,NA,NA,NA,BB,AB,2,AB,AA,AB,BB,AB,NA,BB,1,BB,AB,BB,BB,NA,AB,AA,BB,AA,AA,AB,AA,AB,NA,AB,AB,AB,AA,AA,NA,2,NA,AA,BB,NA,AB,AA,AB,AA,NA,AA,BB,NA,AA,1,NA,AB,AA,AA,BB,AB,AB,AB,AB,NA,BB,NA,AB,BB,AB,AB,AB,NA,BB,NA,BB,NA,AB,BB,BB,NA,AB,AB,AB,NA,1,2,AA,NA,AA,AA,NA,BB,AA,NA,AB,AB,AA,3,AB,AA,AB,AB,NA,NA,BB,2,AA,AB,NA,AB,AA,BB,AB,NA,BB,AA,BB,AA,AA,NA,BB,AB,AB,NA,BB,AB,AB,AB,AB,3,AA,NA,AA,BB,AB,AB,AA,NA,BB,1,AB,AB,NA,AB,NA,AB,AB,AB,AB,BB,AB,NA,AA,AB,AB,AA,AB,AB,BB,AB,AA,AB,NA,NA,NA,BB,AB,AB,AA,BB,NA,NA,NA,NA,1,NA,AB,NA,AB,AB,AA,AA,AB,AB,AB,AB,AB,AB
4.03,NA,NA,194.57,9.27,121,AB,AB,NA,AB,AB,AB,NA,AA,1,NA,AA,AA,AA,NA,AA,AB,NA,AB,BB,AA,BB,AA,BB,AA,AB,NA,AA,NA,NA,NA,AB,AB,AA,AA,NA,AB,AB,AA,1,NA,AB,AB,BB,4,NA,AA,BB,AB,NA,AA,AA,NA,AB,BB,AB,AA,NA,NA,NA,4,AB,NA,AA,AB,AB,BB,AA,4,AA,AA,NA,BB,AB,AB,AB,AA,AA,AB,AB,AB,AA,AB,AB,NA,NA,NA,AB,AB,4,AA,AA,AA,AB,AB,NA,AA,3,AA,BB,AB,AB,NA,AB,AA,BB,AB,AB,AB,AB,AB,NA,BB,AA,BB,AB,AB,NA,1,NA,AB,AB,NA,AA,AB,AA,AB,NA,BB,AB,NA,AB,4,NA,BB,AB,NA,AB,AA,BB,BB,BB,NA,BB,NA,AB,AA,AA,BB,AB,NA,AB,NA,AB,NA,AB,AB,AB,NA,AA,AA,AA,NA,3,3,AB,NA,AA,AB,NA,AB,AB,NA,AA,AB,AA,3,AB,AB,AA,AB,NA,NA,BB,2,BB,AA,NA,AB,AA,BB,AB,NA,BB,AB,AB,AB,AB,NA,BB,AB,BB,NA,BB,AA,AB,AB,AA,3,AA,NA,AB,BB,AB,AB,AB,NA,BB,4,AB,AB,NA,AB,NA,AB,AB,AB,AB,BB,AB,NA,AA,AA,AB,AA,AB,AB,BB,AB,AA,AB,NA,NA,NA,BB,AA,AB,AA,BB,NA,NA,NA,NA,1,NA,NA,NA,AB,AA,AB,AB,AB,AB,AB,AB,AA,AB
NA,34233.33,2.85,NA,43.97,122,AB,AB,NA,AA,AA,NA,NA,AB,4,NA,AB,AB,AA,NA,AA,BB,NA,AA,AB,AA,BB,AA,BB,AA,AB,NA,AB,NA,NA,NA,AA,BB,AA,AA,NA,AB,AA,AA,4,NA,BB,AA,AB,2,NA,AA,BB,BB,NA,AA,AB,NA,AB,AB,AB,AA,NA,NA,NA,3,AA,NA,AB,AB,AA,AB,BB,2,AB,AB,NA,BB,AA,BB,AB,AB,NA,AB,BB,AB,AB,BB,AA,NA,NA,NA,AB,AA,1,AA,AB,AB,BB,AA,NA,AB,1,BB,AB,BB,BB,NA,AA,AA,BB,AA,AA,AA,AA,BB,NA,AB,AA,BB,AB,AB,NA,1,NA,AB,AB,NA,AA,AB,AB,AA,NA,AA,BB,NA,AA,1,NA,AB,AA,AA,BB,AB,AB,AB,AB,NA,BB,NA,AB,AA,AA,BB,AB,NA,AB,NA,AB,NA,AA,AB,AB,NA,AB,AB,BB,NA,2,1,AA,NA,AB,AA,NA,AA,AB,NA,AA,AA,AB,1,AB,AB,AA,AB,NA,NA,BB,2,AA,AB,NA,BB,AB,AB,AB,NA,BB,AA,BB,AA,AB,NA,AB,BB,AB,NA,AB,AA,AA,AA,AA,2,AA,NA,AB,BB,AB,AB,AA,NA,AB,4,AB,AB,NA,AB,NA,AB,AB,AB,AB,BB,BB,NA,AA,AA,AB,AA,AB,AB,BB,AA,AB,AA,NA,NA,NA,AB,AA,AB,AA,BB,NA,NA,NA,NA,1,NA,AB,NA,AB,AA,AB,AB,AB,AB,AB,AB,AB,AB
3.94,NA,NA,6059.18,5.95,123,AA,AA,NA,AB,AB,AB,NA,AA,3,NA,AB,AB,AB,NA,AB,AB,NA,AA,AB,AA,BB,AA,BB,AA,AB,NA,AA,NA,NA,NA,AA,BB,AB,BB,NA,AA,AB,AA,3,NA,AB,AA,BB,2,NA,AA,AB,AA,NA,AB,AB,NA,AB,AB,AB,AA,NA,NA,NA,2,BB,NA,BB,AA,AB,AB,AA,4,AA,AA,NA,BB,AB,AB,AB,AA,AA,BB,AB,AA,AB,BB,AB,NA,NA,NA,AB,AB,2,AA,AA,AB,BB,AB,NA,AB,1,AB,BB,NA,AB,NA,AA,AB,AB,AB,AB,AB,NA,AB,NA,BB,AB,AB,AA,AA,NA,3,1,BB,AA,NA,AA,AA,AB,AA,NA,AA,BB,NA,AA,3,NA,BB,AB,AA,BB,AB,AB,AB,AB,NA,BB,NA,AB,BB,AB,AB,AA,1,BB,2,AA,3,AA,AB,AB,NA,AB,AB,AB,NA,1,2,AB,BB,AA,AB,NA,BB,AA,NA,AB,AA,AB,1,AB,AB,AA,AB,NA,NA,BB,2,AB,AA,NA,BB,AA,BB,AB,NA,BB,AA,BB,AA,AA,NA,AB,BB,BB,NA,AB,AB,AB,AA,AB,3,AA,NA,AA,BB,AB,AB,AB,NA,AB,1,AB,AB,NA,AB,NA,AB,AB,AB,AB,AB,AB,NA,AB,AB,AB,AA,AB,AB,BB,AA,AB,AB,NA,NA,NA,BB,AB,AB,AA,AB,NA,NA,1,NA,2,NA,NA,NA,AB,AB,AA,AB,AB,AB,AB,AB,AA,BB
4.14,NA,NA,6081.54,3.04,124,AA,AA,NA,BB,BB,BB,NA,AB,1,NA,AB,AB,AA,NA,AA,AB,NA,AA,AB,AA,BB,AA,AB,AB,AB,NA,AB,NA,NA,NA,AA,BB,AA,AA,NA,AB,BB,AA,2,NA,AB,AB,BB,4,NA,AB,BB,BB,NA,AA,AA,NA,AB,BB,AB,AB,NA,NA,NA,3,AA,NA,AB,AB,AB,BB,AA,4,AA,AA,NA,BB,AB,AB,AB,AA,AA,AA,BB,AA,AA,AB,AA,NA,NA,NA,AB,AB,2,AB,AB,AB,BB,AB,NA,AB,1,BB,AB,NA,AA,NA,AA,AB,AB,AA,AA,AB,AB,AB,NA,BB,AB,AB,AA,AA,NA,1,2,AB,AB,NA,AA,AB,AB,AA,NA,AA,BB,NA,AA,1,NA,AB,AA,NA,BB,AA,AB,AB,AB,NA,AB,NA,AA,BB,AB,AB,AB,1,AB,1,AB,1,AA,BB,BB,NA,AB,AA,AA,NA,3,3,AA,AA,BB,AB,NA,AB,AA,NA,BB,AA,AB,4,BB,AB,AA,BB,NA,NA,AB,1,AB,AA,NA,AB,AA,BB,AB,NA,BB,AB,AB,AB,AB,NA,AB,BB,AA,NA,AB,AA,AB,AB,AA,3,AA,NA,AA,AB,AB,AB,AB,NA,AB,4,AB,AB,NA,AB,NA,AB,AB,AB,AB,BB,AB,NA,AA,AA,AB,AA,AB,AB,BB,AB,AA,AB,NA,NA,NA,AB,AA,AB,AA,BB,NA,NA,1,NA,1,NA,AB,NA,AB,AB,AA,AB,AB,AB,AB,AB,AA,BB
3.92,NA,NA,334.53,9.97,125,AB,AB,NA,AA,AA,AA,NA,AB,4,NA,AA,AB,AA,NA,AA,BB,NA,AB,AB,AB,AB,AB,AB,AB,BB,NA,AA,NA,NA,NA,AA,BB,AB,BB,NA,AA,AA,AA,3,NA,AB,AA,BB,2,NA,AA,AB,AB,NA,AA,AB,NA,AB,BB,AB,AB,NA,NA,NA,4,AB,NA,AB,AB,AA,AB,AA,4,AA,AA,NA,BB,AB,AB,AB,AA,AA,AB,AB,AB,AA,AB,AB,NA,NA,NA,BB,AB,2,AA,AA,AB,BB,AB,NA,AB,1,AA,BB,AB,AA,NA,AA,AB,AB,AA,AA,AB,AA,AB,NA,AB,AB,AB,AA,AA,NA,1,2,AB,AB,NA,AA,AB,AB,AA,NA,AB,AB,NA,AA,3,NA,BB,AB,NA,BB,AB,BB,BB,BB,NA,BB,NA,AA,AB,AA,BB,BB,NA,BB,2,BB,2,AB,BB,BB,NA,AB,AA,AA,NA,3,3,AA,AA,BB,AB,NA,AA,AB,NA,AB,AB,AA,2,AA,AB,AA,BB,NA,NA,AB,1,AB,AA,NA,AB,AB,AB,BB,NA,BB,AA,BB,AA,AA,NA,AB,BB,NA,NA,BB,AA,AA,AA,AA,2,AA,NA,AB,AB,AB,AB,AB,NA,AB,4,AB,AB,NA,AB,NA,AB,AB,AB,AB,BB,AB,NA,AA,AA,BB,AB,AA,AB,BB,AB,AA,AB,NA,NA,NA,BB,AB,AB,AA,BB,NA,NA,1,NA,1,NA,AA,NA,AB,AA,AB,AB,AB,AB,AB,AB,AB,AB
NA,21333.33,2.84,NA,20.45,126,AB,AB,NA,AB,AB,BB,NA,AB,2,NA,AB,AB,AB,NA,BB,BB,NA,AA,AB,AA,BB,AA,BB,AA,AB,NA,AB,NA,NA,NA,AA,BB,AB,BB,NA,AA,AA,AB,4,NA,AB,AA,BB,NA,NA,AB,BB,AB,NA,AA,AA,NA,AB,AB,AB,AA,NA,NA,NA,1,AB,NA,AB,AB,AA,AB,BB,3,AB,AB,NA,AB,AA,BB,AB,AA,AA,BB,AB,AA,AB,BB,AB,NA,NA,NA,AA,BB,NA,AA,AB,AA,AB,AA,NA,AA,4,AA,BB,AB,AA,NA,AB,AB,AB,AA,AA,AA,AB,AA,NA,AB,AB,AB,AA,AA,NA,4,1,AB,AA,NA,AA,AA,AB,AA,NA,AA,AB,NA,AB,4,NA,BB,AB,AA,AB,BB,BB,BB,BB,NA,BB,NA,AB,AB,AA,BB,BB,NA,AB,2,BB,4,AB,BB,BB,NA,AB,AA,AA,NA,NA,4,AA,AB,AB,AB,NA,AB,AB,NA,AA,AB,AA,2,AB,AA,AB,AB,NA,NA,BB,2,AA,AB,NA,AB,AA,BB,AB,NA,AB,AB,AB,AB,AA,NA,BB,AB,BB,NA,AB,AB,AA,AB,AB,3,AA,NA,AA,BB,AB,AB,AB,NA,AB,4,AB,AB,NA,AB,NA,AB,AB,AB,AB,BB,AB,NA,AB,AB,AB,AA,AB,AA,AB,AB,AA,AB,NA,NA,NA,BB,AB,AB,AA,AB,NA,NA,NA,NA,1,NA,AA,NA,AB,AA,AB,AB,AB,AB,AB,AB,AB,AB
NA,51270,2.85,NA,7.61,127,AB,AB,NA,AB,AB,AB,NA,AA,4,NA,AA,BB,AB,NA,AA,AB,NA,AB,AB,AA,BB,AA,AB,AB,AB,NA,AB,NA,NA,NA,AB,AB,AB,BB,NA,AA,AA,AB,4,NA,AB,AA,AB,2,NA,AB,AB,AB,NA,AA,AA,NA,AB,BB,AB,AA,NA,NA,NA,1,AA,NA,AB,AB,AB,BB,AB,4,AB,BB,NA,AA,AB,AB,AA,AB,AA,AA,BB,AA,AA,AB,AA,NA,NA,NA,AA,BB,1,AA,AA,AA,AB,AA,NA,AB,1,BB,AB,BB,BB,NA,AB,AA,AB,AA,AA,AB,AA,AB,NA,BB,AB,AB,AA,AA,NA,4,NA,AB,AB,NA,AB,AB,AB,AA,NA,AB,AB,NA,AB,4,NA,BB,AB,NA,AB,AB,AA,AA,AA,NA,AB,NA,AA,BB,AB,AB,AB,1,BB,NA,NA,NA,AB,AB,AB,NA,AA,AB,AB,NA,4,4,AB,NA,AA,AB,NA,AA,AB,NA,AB,AB,AA,4,AA,AA,AB,AB,NA,NA,BB,1,AB,AB,NA,BB,AA,BB,AB,NA,BB,AA,BB,AA,AA,NA,BB,AB,NA,NA,BB,AB,AA,AB,AB,2,AB,NA,AA,BB,AB,AB,AB,NA,AB,2,AB,AB,NA,AB,NA,AB,AB,AB,AB,AB,AB,NA,AA,AB,BB,AB,AA,AA,AB,AA,AB,AA,NA,NA,NA,BB,AB,AB,AA,BB,NA,NA,NA,NA,1,NA,AB,NA,AB,AB,AA,AA,AB,AB,AB,AB,AB,BB
NA,74650,3.87,NA,5.53,128,AB,AB,NA,AA,AA,AA,NA,AB,2,NA,AA,AB,AA,NA,AA,BB,NA,BB,AB,AB,AB,AB,AA,BB,BB,NA,AB,NA,NA,NA,AB,AB,AA,AB,NA,AB,AA,AB,3,NA,BB,AA,AB,2,NA,AA,AB,AB,NA,AA,AA,NA,AA,BB,AB,AB,NA,NA,NA,1,BB,NA,AB,AA,BB,BB,AA,4,AA,AA,NA,BB,AB,AB,AB,AA,AA,AB,BB,AA,AB,BB,AA,NA,NA,NA,BB,AA,4,AB,AA,AB,BB,AA,NA,BB,3,AB,BB,BB,BB,NA,AA,AA,BB,AA,AA,AB,AA,AB,NA,BB,AA,BB,AB,AB,NA,2,2,AB,AB,NA,AB,AB,AA,AB,NA,BB,AA,NA,AB,2,NA,BB,AB,NA,AB,BB,BB,BB,BB,NA,BB,NA,AB,AA,AA,BB,AB,1,BB,2,AB,4,AB,AB,AB,NA,AA,AA,AB,NA,4,4,AB,AA,AA,AB,NA,AB,AB,NA,AA,AA,AB,1,BB,AA,AB,AB,NA,NA,AB,2,AA,AB,NA,AB,AA,BB,AB,NA,AB,AA,BB,AA,AA,NA,AB,BB,BB,NA,AB,AB,AA,AB,AB,3,AA,NA,AA,AB,AB,AB,AB,NA,AB,1,AB,AB,NA,AB,NA,AB,AB,AB,AB,BB,AB,NA,AA,AA,BB,AB,AA,AA,BB,AA,AB,AA,NA,NA,NA,BB,AB,AB,AA,BB,NA,NA,1,NA,2,NA,AB,NA,AA,AB,AA,AB,AB,AB,AB,AB,AB,BB
6.16,NA,NA,NA,NA,129,AB,AB,NA,AB,AB,AB,NA,AB,2,NA,AA,BB,AB,NA,BB,AB,NA,BB,AB,AB,AB,AB,AB,AB,BB,NA,AA,NA,NA,NA,AB,AB,AA,AA,NA,AB,AB,AA,2,NA,BB,AA,BB,4,NA,AB,BB,AB,NA,AB,AB,NA,NA,AB,AA,AA,NA,NA,NA,4,BB,NA,BB,AA,BB,BB,AA,2,AA,AA,NA,BB,AB,AB,AB,AA,NA,AA,BB,AA,AA,AB,AA,NA,NA,NA,AB,AB,1,AA,AA,AA,AB,AA,NA,AB,1,BB,AB,BB,AB,NA,AB,AB,AB,AB,AB,AA,AA,BB,NA,BB,AA,BB,AB,AB,NA,4,1,AA,BB,NA,AB,AA,AB,AA,NA,AB,AB,NA,AB,2,NA,AB,AA,NA,AB,BB,AB,AB,AB,NA,BB,NA,AB,BB,AB,AB,AB,NA,BB,2,AB,4,AB,AB,AB,NA,AA,AB,AB,NA,3,3,AA,BB,AA,AB,NA,AB,AB,NA,AA,AA,AB,2,AB,AA,AB,AB,NA,NA,BB,1,AB,AA,NA,AB,AA,BB,AB,NA,BB,AA,BB,AA,AB,NA,AB,BB,BB,NA,AB,AA,AB,AB,AA,3,AA,NA,AA,BB,AB,AB,AB,NA,AB,1,AB,AB,NA,AB,NA,AB,AB,AB,AB,AB,AB,NA,AA,AB,BB,AB,AA,AB,BB,AA,AB,AB,NA,NA,NA,AB,AB,AB,AA,AB,NA,NA,1,NA,2,NA,AB,NA,AB,AB,AA,AB,AB,AB,AB,AB,AB,AB
4.16,NA,NA,8859.97,2.88,130,AB,AB,NA,AB,AB,NA,NA,AB,4,NA,AA,BB,AB,NA,BB,AB,NA,AA,BB,AA,BB,AA,AB,AB,AB,NA,AB,NA,NA,NA,AA,BB,AB,AB,NA,AA,BB,AB,3,NA,AA,AB,BB,1,NA,AB,BB,AB,NA,AB,AB,NA,AB,AB,AA,AA,NA,NA,NA,4,AB,NA,AB,AB,AB,BB,AB,4,AB,AB,NA,BB,AA,BB,AB,AB,AA,AA,BB,AB,AB,BB,AA,NA,NA,NA,BB,AA,2,AB,AA,AB,BB,AA,NA,BB,1,BB,AB,BB,AB,NA,AB,AA,AB,AA,AA,AA,AA,BB,NA,AB,AA,BB,AB,AB,NA,1,2,AB,AB,NA,AB,AB,AB,AA,NA,AB,AB,NA,AB,4,NA,AB,AA,NA,AB,AA,AB,AB,AB,NA,BB,NA,AA,AB,AA,BB,AB,NA,BB,2,AB,2,AA,AB,AB,NA,AB,AA,AA,NA,2,1,AB,BB,AA,AB,NA,AB,AB,NA,AA,AB,AA,4,AA,AB,AA,BB,NA,NA,AB,2,AB,AA,NA,AB,AA,BB,AB,NA,BB,AB,AB,AB,AA,NA,AB,BB,AA,NA,BB,AA,AB,AB,AA,2,AA,NA,AA,BB,AB,AB,AB,NA,AB,1,AB,AB,NA,AB,NA,AB,AB,AB,AB,BB,AB,NA,AA,AB,BB,AB,AA,AB,BB,AA,AB,AB,NA,NA,NA,BB,AB,AB,AA,AB,NA,NA,1,NA,2,NA,AB,NA,AB,AB,AA,AB,AB,AB,AB,AB,AB,BB
NA,65356.67,2.85,NA,3.23,131,AA,AA,NA,NA,AB,AB,NA,AB,4,NA,AB,AB,AA,NA,BB,BB,NA,AA,BB,AA,BB,AA,AB,AB,AB,NA,AB,NA,NA,NA,AA,BB,BB,BB,NA,AA,AB,AB,4,NA,AB,AA,BB,1,NA,AB,BB,AA,NA,AB,AA,NA,AB,AB,AB,AA,NA,NA,NA,2,AB,NA,AB,AB,AB,BB,AA,2,NA,AB,NA,BB,AB,AB,AA,AB,AB,AB,BB,AA,AA,AB,AA,NA,NA,NA,AB,AB,2,AB,AB,AB,BB,AB,NA,BB,1,BB,AB,BB,AB,NA,AB,AB,NA,AB,AB,AA,AA,BB,NA,AB,AA,BB,AB,AB,NA,3,1,AB,AB,NA,AA,AB,AB,AA,NA,AB,AB,NA,AB,4,NA,BB,AB,NA,BB,AB,AB,AB,AB,NA,BB,NA,AB,BB,AB,AB,NA,2,BB,1,AB,2,AA,BB,BB,NA,AA,AB,BB,NA,3,3,AB,AB,AA,AB,NA,BB,AA,NA,AB,AA,AB,1,BB,AA,AB,AB,NA,NA,BB,2,AA,AB,NA,BB,AB,AB,BB,NA,BB,AB,AB,AB,AA,NA,BB,AB,NA,NA,BB,AB,AB,AA,AB,3,AA,NA,AB,AB,AB,AB,AB,NA,AB,2,AB,AB,NA,AB,NA,AB,AB,AB,AB,AB,AB,NA,AB,AA,BB,AB,AB,AB,AB,AB,AA,AA,NA,NA,NA,BB,AB,AB,AA,AB,NA,NA,1,NA,1,NA,NA,NA,AA,AA,AB,AB,AB,AB,AB,AB,AA,BB
NA,88760,3.9,NA,8.17,132,AA,NA,NA,NA,AB,AB,NA,NA,4,NA,NA,AA,AA,NA,NA,AB,NA,NA,BB,NA,BB,AA,NA,NA,AB,NA,AA,NA,NA,NA,NA,BB,AB,NA,NA,AB,AA,NA,1,NA,BB,AB,AB,4,NA,NA,AB,AB,NA,AA,NA,NA,AA,AB,NA,NA,NA,NA,NA,3,AB,NA,NA,NA,AB,NA,AB,2,NA,BB,NA,BB,AA,BB,NA,AB,AA,AB,AB,AB,AA,AB,AB,NA,NA,NA,NA,AB,3,AB,AA,AB,BB,AB,NA,NA,3,BB,AB,BB,AB,NA,AB,AB,NA,NA,NA,AA,AA,BB,NA,BB,NA,NA,AB,AB,NA,4,1,BB,AA,NA,NA,NA,AA,NA,NA,NA,AA,NA,AB,2,NA,NA,NA,NA,NA,AB,AB,NA,NA,NA,BB,NA,NA,AA,AA,BB,NA,NA,AB,1,AA,2,NA,NA,BB,NA,AB,AA,AA,NA,1,2,NA,AB,AA,AA,NA,AA,NA,NA,AB,AA,NA,3,AB,NA,NA,AA,NA,NA,BB,2,AA,NA,NA,AB,AB,AB,BB,NA,AB,NA,AB,AB,NA,NA,AB,NA,NA,NA,NA,AA,AB,AB,AA,1,AA,NA,AB,BB,NA,AB,NA,NA,AB,4,AB,AB,NA,AB,NA,NA,AB,AB,AB,NA,BB,NA,AA,NA,BB,AB,NA,NA,AB,NA,NA,AA,NA,NA,NA,NA,AB,NA,NA,BB,NA,NA,NA,NA,2,NA,NA,NA,AB,NA,NA,AA,NA,NA,NA,NA,NA,NA
NA,28890,2.87,NA,15.61,133,AB,AB,NA,AA,AA,AA,NA,AB,2,NA,AA,AB,AA,NA,AA,BB,NA,AB,BB,AA,BB,AA,AB,AB,AB,NA,AB,NA,NA,NA,AB,AB,AB,AA,NA,AB,AB,AA,4,NA,AB,AB,AB,2,NA,AA,BB,BB,NA,AA,AB,NA,AB,BB,AB,AB,NA,NA,NA,3,AA,NA,AA,AB,AB,BB,AB,4,AB,AB,NA,BB,AA,BB,AB,AB,AA,AA,BB,AB,AB,BB,AA,NA,NA,NA,AA,BB,3,AA,AB,AA,AB,AB,NA,AB,3,AB,BB,BB,AB,NA,AA,AB,AB,AB,AB,AA,AB,BB,NA,BB,AA,BB,AB,AB,NA,3,1,AB,AB,NA,AB,AB,AA,AB,NA,AB,AB,NA,AB,4,NA,AB,AA,NA,AB,BB,AB,AB,AB,NA,BB,NA,AB,AA,AA,BB,AB,NA,AB,1,AB,3,AB,BB,BB,NA,AB,BB,AB,NA,2,1,AB,AA,AA,AA,NA,AA,AB,NA,AB,AB,AA,1,AB,AB,AA,AA,NA,NA,BB,1,AB,AB,NA,BB,AB,AB,BB,NA,BB,AA,BB,AA,AA,NA,BB,AB,NA,NA,BB,AA,AA,AA,AA,3,AB,NA,AB,AB,AB,AB,AB,NA,AB,4,AB,AB,NA,AB,NA,AB,AB,AB,AB,AB,AB,NA,AA,AB,BB,AB,AB,AB,BB,AB,AA,AA,NA,NA,NA,BB,AB,AB,AA,AB,NA,NA,NA,NA,1,NA,AA,NA,AB,AA,AB,AB,AB,AB,AB,AB,AA,BB
NA,70930,2.89,NA,11.79,134,AB,AB,NA,AB,AB,AB,NA,AA,4,NA,AA,AB,AB,NA,AB,AB,NA,AA,BB,AA,BB,AA,BB,AA,AB,NA,AA,NA,NA,NA,AA,BB,AB,BB,NA,AA,AA,AA,4,NA,AB,AA,BB,NA,NA,NA,AB,AB,NA,AA,AA,NA,AB,BB,AB,AB,NA,NA,NA,3,AA,NA,AA,AB,AB,BB,AA,1,AB,AB,NA,BB,AB,AB,AA,AB,AA,AB,AB,AB,AA,AB,AB,NA,NA,NA,AA,BB,NA,AA,AA,AA,AB,AA,NA,AA,1,BB,AB,AB,AA,NA,AA,AB,AB,AA,AA,AA,AA,AA,NA,BB,AB,AB,AA,AA,NA,3,1,BB,AA,NA,AA,AA,AA,AB,NA,BB,AB,NA,AB,2,NA,BB,AB,NA,AB,AB,AB,AB,AB,NA,BB,NA,AA,AB,AA,BB,BB,NA,AB,1,AA,2,AB,AB,AB,NA,AA,BB,BB,NA,NA,4,AA,AB,AB,AB,NA,AA,AB,NA,AB,AA,AB,2,AB,AA,AB,AB,NA,NA,AB,2,AB,AB,NA,AB,AA,BB,AB,NA,BB,AB,AB,AB,AB,NA,AB,BB,NA,NA,BB,AB,AB,AA,AB,3,AB,NA,AA,AB,AB,AB,AA,NA,AB,2,AB,AB,NA,AB,NA,AB,AB,AB,AB,AB,BB,NA,AA,AB,AB,AA,AA,AA,AB,AB,AA,AB,NA,NA,NA,AB,AA,AB,AA,BB,NA,NA,1,NA,2,NA,NA,NA,AB,AB,AA,AB,AB,AB,AB,AB,AB,AB
3.9,NA,NA,85933.8,33.89,135,AA,AB,NA,AA,AA,AB,NA,AB,1,NA,AB,AB,AA,NA,AB,AB,NA,BB,BB,AB,AB,AB,AB,AB,BB,NA,AA,NA,NA,NA,AB,AB,AA,AB,NA,AB,AA,AB,4,NA,BB,AA,AB,2,NA,AA,AB,BB,NA,AA,AA,NA,AA,AB,BB,AB,NA,NA,NA,2,AA,NA,AA,AB,AA,AB,BB,3,BB,BB,NA,AB,AA,BB,AA,AA,AA,AA,BB,AA,AA,AB,AA,NA,NA,NA,BB,AB,2,AA,AA,AB,BB,AB,NA,AB,1,BB,AB,BB,BB,NA,AB,AA,BB,AA,AA,AA,AA,BB,NA,BB,AA,BB,AB,AB,NA,1,2,BB,AA,NA,AA,AA,AA,AB,NA,AB,AB,NA,AB,4,NA,AB,AA,NA,BB,AA,AA,AA,NA,NA,AB,NA,AA,AB,AB,BB,BB,NA,AB,1,AA,1,AB,BB,BB,NA,AB,AB,AB,NA,2,1,AB,AB,AA,AA,NA,BB,AA,NA,AB,AB,AA,2,AA,AA,AB,AA,NA,NA,BB,1,AB,AA,NA,AB,AA,BB,AB,NA,AB,AB,AB,AB,AA,NA,BB,AB,NA,NA,BB,AB,AA,AB,AB,3,AA,NA,AA,AB,AB,AB,AB,NA,AB,1,AB,AB,NA,AB,NA,AB,AB,AB,AB,AB,AB,NA,AA,AA,AB,AA,AB,AB,BB,AA,AB,AB,NA,NA,NA,BB,AB,AB,AA,AB,NA,NA,1,NA,2,NA,NA,NA,AB,AB,AA,AB,AB,AB,AB,AB,AB,AB
NA,85676.67,2.85,NA,13.64,136,AB,AB,NA,AB,AB,BB,NA,AA,2,NA,AB,AB,AA,NA,AA,AA,NA,AB,AB,AB,AB,AB,AB,AB,BB,NA,AA,NA,NA,NA,AA,BB,AA,AB,NA,AB,AA,AB,3,NA,BB,AA,AB,2,NA,AB,AB,AA,NA,AB,AA,NA,AB,AB,AB,AA,NA,NA,NA,2,AB,NA,BB,AA,AB,AB,AA,3,AB,AB,NA,AA,AB,AB,AA,AB,AB,AB,BB,AB,AB,BB,AA,NA,NA,NA,AB,AB,4,AA,AB,AB,BB,AB,NA,AB,3,AB,BB,BB,BB,NA,AA,AA,BB,AA,AA,AB,AB,BB,NA,BB,AA,BB,AB,AB,NA,3,1,AB,AB,NA,AA,AB,AB,AA,NA,AB,AB,NA,AA,1,NA,BB,AB,AA,AB,BB,BB,BB,BB,NA,BB,NA,AB,AB,AB,BB,BB,1,AB,2,BB,4,AB,BB,BB,NA,AB,BB,BB,NA,4,4,AA,AB,AB,AA,NA,AB,AB,NA,AA,AB,AA,4,AA,AA,AB,BB,NA,NA,AB,1,AA,AB,NA,AB,AB,AB,BB,NA,BB,AA,BB,AA,AA,NA,AB,BB,AA,NA,BB,AA,AB,AB,AA,3,AA,NA,AA,BB,AB,AB,AB,NA,AB,2,AB,AB,NA,AB,NA,AB,AB,AB,AB,BB,AB,NA,AB,AB,BB,AB,AB,AB,BB,AA,AB,AB,NA,NA,NA,BB,AB,AB,AA,AB,NA,NA,NA,NA,1,NA,AB,NA,AB,AA,AB,AB,AB,AB,AB,AB,AA,BB
4.19,NA,NA,336.77,NA,137,AB,AB,NA,AB,AB,BB,NA,AA,2,NA,AB,AB,AB,NA,AB,AA,NA,BB,AB,AB,AB,AB,AA,BB,BB,NA,AB,NA,NA,NA,AB,AB,AA,AB,NA,AB,AB,AB,3,NA,BB,AA,AB,1,NA,AA,AB,AA,NA,AB,AB,NA,AB,AA,AB,AB,NA,NA,NA,1,AB,NA,BB,AA,AB,AB,AB,1,AB,AB,NA,AA,AB,AB,AA,AB,AA,BB,AB,AA,AB,BB,AB,NA,NA,NA,AB,AB,3,AA,AA,AA,AB,AB,NA,AB,3,BB,AB,AB,AB,NA,AA,AA,BB,AB,AB,AA,AA,BB,NA,BB,AA,BB,AB,AB,NA,1,2,BB,AA,NA,AA,AA,AB,AA,NA,AB,AB,NA,AA,4,NA,AB,AA,AA,BB,BB,AA,AA,AA,NA,AB,NA,AB,BB,AB,AB,AA,1,BB,1,AA,3,AA,AB,AB,NA,AB,AB,AB,NA,4,4,AA,AA,AB,AA,NA,AA,AB,NA,AA,AA,AB,1,BB,AA,AB,BB,NA,NA,AB,2,BB,AA,NA,AB,AA,BB,AB,NA,AB,AB,AB,AB,AB,NA,BB,AB,NA,NA,BB,AA,AA,AA,AA,3,AB,NA,AB,BB,AB,AB,AB,NA,AB,2,AB,AB,NA,AB,NA,AB,AB,AB,AB,BB,AB,NA,AB,AA,AB,AA,AA,AA,BB,AA,AB,AB,NA,NA,NA,BB,AB,AB,AA,BB,NA,NA,NA,NA,2,NA,AB,NA,AB,AB,AA,AA,AB,AB,AB,AB,AB,AB
NA,74253.33,3.87,NA,8.45,138,AB,AB,NA,AB,AB,NA,NA,AA,1,NA,AA,AB,AB,NA,AB,AA,NA,BB,AB,AB,AB,AB,AB,AB,BB,NA,AA,NA,NA,NA,AB,AB,AB,AB,NA,AB,AB,AB,4,NA,BB,AA,AB,1,NA,AA,AB,AA,NA,AB,AB,NA,AB,AB,AB,AA,NA,NA,NA,3,BB,NA,BB,AA,BB,BB,BB,3,BB,AA,NA,AB,AA,BB,AB,AA,AA,AB,AB,AB,AA,AB,AB,NA,NA,NA,AA,BB,4,AB,AB,AA,AB,AA,NA,BB,3,BB,AB,BB,AB,NA,AB,AB,AB,AB,AB,AA,AB,AB,NA,BB,AB,AB,AA,AA,NA,2,2,AB,AB,NA,AA,AB,AB,AA,NA,AA,BB,NA,AB,1,NA,BB,AB,AA,AB,BB,AA,AA,AA,NA,AB,NA,AA,AB,AA,BB,AB,2,AB,1,AA,3,AB,AB,AB,NA,AA,AB,AB,NA,1,2,AA,AB,NA,AB,NA,AB,AB,NA,AA,AA,AB,3,AB,AB,AA,AA,NA,NA,BB,1,AB,AB,NA,BB,AA,BB,AB,NA,BB,AA,BB,AA,AA,NA,AB,BB,AB,NA,AB,AB,AA,AB,AB,3,AB,NA,AA,AB,AB,AB,AB,NA,AB,2,AB,AB,NA,AB,NA,AB,AB,AB,AB,BB,AB,NA,AB,AA,BB,AB,AA,AA,AB,AA,AB,AA,NA,NA,NA,BB,AB,AB,AA,AB,NA,NA,1,NA,2,NA,AB,NA,AA,AB,AA,AB,AB,AB,AB,AB,AA,AB
NA,31590,2.84,NA,18.05,139,AA,AB,NA,BB,BB,BB,NA,AA,1,NA,AB,AA,AA,NA,AA,AB,NA,AB,BB,AA,BB,AA,AB,AB,AB,NA,AB,NA,NA,NA,AB,AB,AB,AA,NA,AB,AA,AB,4,NA,BB,AA,AB,1,NA,AA,AB,AB,NA,AA,AA,NA,AA,BB,AB,AB,NA,NA,NA,3,AA,NA,AA,AB,AB,BB,AB,3,AB,AB,NA,AA,AB,AB,AA,AB,AB,AB,BB,AB,AB,BB,AA,NA,NA,NA,AB,AB,4,AA,AA,AA,AB,AB,NA,AB,3,AB,BB,BB,AB,NA,AB,AB,AB,AB,AB,NA,AB,AB,NA,BB,AA,BB,AB,AB,NA,2,2,AA,BB,NA,AB,AA,AA,AB,NA,AB,AB,NA,AB,1,NA,AB,AA,NA,BB,BB,AB,AB,AB,NA,BB,NA,AA,AB,AB,AB,AA,NA,AB,1,AA,3,AB,AB,AB,NA,AA,AB,AB,NA,1,2,AB,AB,AB,AB,NA,AB,AB,NA,AB,AB,AA,3,AB,AB,AA,BB,NA,NA,AB,1,AA,AB,NA,AB,AA,BB,AB,NA,BB,AA,BB,AA,AA,NA,AB,BB,AB,NA,BB,AA,AA,AA,AA,3,AA,NA,AB,AB,AB,AB,AB,NA,AB,2,AB,AB,NA,AB,NA,AB,AB,AB,AB,BB,AB,NA,AB,AA,AB,AA,AB,AB,BB,AA,AB,AB,NA,NA,NA,BB,AB,AB,AA,AB,NA,NA,1,NA,2,NA,AA,NA,AA,AA,AB,AA,AB,AB,AB,AB,AB,AB
3.69,NA,NA,185.8,NA,140,AA,AB,NA,AA,AA,AB,NA,AA,3,NA,AB,AB,AB,NA,AB,AB,NA,AA,BB,AA,BB,AA,BB,AA,AB,NA,AA,NA,NA,NA,AA,BB,BB,AB,NA,AA,AB,AB,1,NA,AA,AB,AB,4,NA,AB,BB,BB,NA,AA,AA,NA,AA,AB,BB,AB,NA,NA,NA,3,AA,NA,AA,AB,AB,BB,AB,3,NA,AB,NA,AA,AB,AB,AA,AB,AA,BB,AB,AA,AB,BB,AB,NA,NA,NA,BB,AA,1,AA,AA,AB,BB,AA,NA,BB,1,BB,AB,BB,AB,NA,AB,AB,NA,AB,AB,AB,AB,AB,NA,AB,AA,BB,AB,AB,NA,2,2,AA,BB,NA,AB,AA,AA,AB,NA,BB,AA,NA,AB,4,NA,BB,AB,NA,BB,AB,AB,AB,AB,NA,BB,NA,AB,AB,AA,AB,AA,1,AB,1,AA,4,AA,AB,AB,NA,AB,AB,BB,NA,2,1,AB,AB,AB,NA,NA,AB,AB,NA,AB,AB,AA,2,AA,AA,AB,BB,NA,NA,AB,1,AB,AA,NA,AB,AA,BB,AB,NA,AB,AA,BB,AA,AB,NA,AB,BB,NA,NA,AB,AA,AA,AB,AA,3,AA,NA,AA,BB,AB,AB,AB,NA,AB,2,AB,AB,NA,AB,NA,AB,AB,AB,AB,AB,AB,NA,AB,AA,AB,AA,AA,AB,BB,AA,AB,AA,NA,NA,NA,BB,AB,AB,AA,AB,NA,NA,1,NA,2,NA,AA,NA,AA,AB,AA,AA,AB,AB,AB,AB,AA,BB
3.87,NA,NA,178.95,9.33,141,AB,AB,NA,AA,AA,AA,NA,AB,3,NA,AA,AB,AB,NA,BB,BB,NA,AB,BB,AA,BB,AA,AB,AB,AB,NA,AB,NA,NA,NA,AB,AB,BB,BB,NA,AA,BB,AA,2,NA,AA,AB,BB,4,NA,AB,AB,AB,NA,AA,AA,NA,AA,BB,AB,AA,NA,NA,NA,4,BB,NA,BB,AA,AB,AB,BB,1,BB,BB,NA,AB,AA,BB,AA,AA,AA,AB,AB,AB,AA,AB,AB,NA,NA,NA,BB,AA,1,AB,AA,AB,BB,AA,NA,BB,1,BB,AB,AB,AB,NA,AB,AA,BB,AB,AB,NA,AA,AB,NA,BB,AB,AB,AA,AA,NA,4,1,AB,AB,NA,AB,AB,AA,AB,NA,AB,AB,NA,AB,3,NA,BB,AB,NA,BB,AA,AB,AB,AB,NA,AB,NA,AB,BB,AB,AB,NA,NA,BB,2,BB,2,AA,BB,BB,NA,AA,AB,AA,NA,3,3,AA,AB,AB,AA,NA,BB,AA,NA,AB,AB,AA,3,AB,AA,AB,AA,NA,NA,BB,2,AB,AA,NA,AB,AA,BB,AB,NA,BB,AB,AB,AB,AA,NA,BB,AB,BB,NA,AB,AA,AA,AA,AA,2,AA,NA,AA,AB,AB,AB,AB,NA,AB,2,AB,AB,NA,AB,NA,AB,AB,AB,AB,BB,AB,NA,AB,AA,AB,AA,AA,AA,AB,AA,AB,AB,NA,NA,NA,AB,AA,AB,AA,BB,NA,NA,1,NA,1,NA,NA,NA,AA,AA,AB,AA,AB,AB,AB,AB,AA,AB
6.23,NA,NA,230.62,9.76,142,AB,AB,NA,AB,AB,AB,NA,AB,1,NA,AA,AB,AA,NA,AA,AA,NA,AB,AB,AB,AB,AB,AB,AB,BB,NA,AA,NA,NA,NA,AA,BB,AB,AA,NA,AB,BB,AA,2,NA,AB,AB,BB,4,NA,AA,BB,AB,NA,AB,AB,NA,AB,AA,AA,AB,NA,NA,NA,3,AA,NA,AA,AB,AA,AB,AA,4,AB,AB,NA,BB,AB,AB,AA,AA,AB,AB,AB,AB,AA,AB,AB,NA,NA,NA,AA,BB,4,AA,AB,AA,AB,AB,NA,AB,3,AA,BB,AB,AA,NA,AA,AB,AB,AA,AA,AB,AB,AB,NA,AB,AA,BB,AB,AB,NA,3,1,BB,AA,NA,AA,AA,AA,AB,NA,BB,AB,NA,AA,1,NA,AB,AA,AA,BB,AA,AB,AB,AB,NA,AB,NA,AA,BB,AB,AB,AB,NA,AB,1,AA,1,AB,BB,BB,NA,AB,AB,AB,NA,4,4,AA,AA,AB,AB,NA,BB,AA,NA,AB,AB,AA,3,AB,AB,AA,AB,NA,NA,AB,1,AB,AA,NA,AB,AA,BB,AB,NA,AB,AA,BB,AB,AB,NA,BB,AB,BB,NA,AB,AB,AA,AB,AB,3,AA,NA,AA,AB,AB,AB,AA,NA,AB,2,AB,AB,NA,AB,NA,AB,AB,AB,AB,AB,AB,NA,AA,AB,BB,AB,AA,AB,BB,AA,AB,AA,NA,NA,NA,AB,AB,AB,AA,AB,NA,NA,1,NA,2,NA,NA,NA,AA,AA,AB,AA,AB,AB,AB,AB,AA,AB
3.97,NA,NA,451.18,13.34,143,AB,AB,NA,NA,AA,AA,NA,AB,4,NA,AA,AB,AA,NA,AA,BB,NA,AB,AB,AA,BB,AA,NA,AA,AB,NA,AA,NA,NA,NA,AB,AB,AA,AA,NA,AB,BB,AA,2,NA,AB,AB,BB,4,NA,NA,NA,AB,NA,AB,AB,NA,AA,NA,AB,AB,NA,NA,NA,3,AA,NA,AA,AB,AA,AB,AB,2,NA,BB,NA,BB,AA,BB,AA,AA,AA,AA,BB,NA,NA,AB,AA,NA,NA,NA,AB,AB,4,AB,AA,AA,AB,AB,NA,BB,3,BB,AB,NA,AA,NA,AA,AA,NA,AB,AB,NA,AA,AB,NA,AB,AB,AB,AA,AA,NA,3,NA,BB,AA,NA,AA,AA,AA,NA,NA,AB,AB,NA,AA,1,NA,AB,AA,AA,BB,BB,AA,AA,AA,NA,AB,NA,AA,BB,AB,AB,NA,2,AB,NA,AA,NA,NA,AB,AB,NA,AA,AB,AB,NA,4,4,AA,NA,AA,AA,NA,BB,NA,NA,AB,AB,AA,3,AB,AB,AA,AB,NA,NA,AB,1,BB,AA,NA,BB,AA,BB,AB,NA,BB,AA,NA,AA,NA,NA,BB,AB,NA,NA,NA,AB,AB,AA,AB,2,AB,NA,AA,BB,AB,AB,AB,NA,AB,1,AB,AB,NA,AB,NA,AB,AB,AB,AB,BB,AB,NA,AB,AA,AB,AA,AA,AA,AB,AB,AA,AA,NA,NA,NA,AB,AA,AB,AA,AB,NA,NA,NA,NA,2,NA,NA,NA,AB,AA,AB,AB,AB,AB,NA,AB,AB,BB
4.1,NA,NA,9822.49,1.09,144,AB,AB,NA,AB,AB,BB,NA,AB,1,NA,AB,AB,AA,NA,AA,AB,NA,AB,AB,AA,BB,AA,AB,AB,AB,NA,AB,NA,NA,NA,AB,AB,AB,AB,NA,AA,AB,AB,1,NA,AA,AB,AB,4,NA,AB,BB,AB,NA,AB,AA,NA,AB,AB,AB,AA,NA,NA,NA,3,AA,NA,AB,AB,AB,BB,AB,3,NA,AB,NA,AA,AB,AB,AA,AB,AB,AB,AB,NA,AA,AB,AB,NA,NA,NA,AB,AB,4,AA,AA,AA,AB,AA,NA,AB,3,BB,AB,NA,AB,NA,AA,AA,BB,AB,AB,AA,AA,AA,NA,AB,AB,AB,AA,AA,NA,3,1,BB,AA,NA,AA,AA,AA,AB,NA,BB,AA,NA,AA,3,NA,BB,AB,AA,AB,AB,AB,AB,AB,NA,AB,NA,AA,AB,AA,BB,BB,1,BB,2,BB,2,AA,BB,BB,NA,AA,AB,AB,NA,4,4,AA,AB,AA,AA,NA,AB,AB,NA,AA,AB,AA,3,AB,AA,AB,AB,NA,NA,BB,2,BB,AA,NA,BB,AB,AB,BB,NA,AB,AA,BB,AA,AB,NA,BB,AB,NA,NA,BB,AA,AB,AA,AA,3,AB,NA,AA,BB,AB,AB,AB,NA,AB,2,AB,AB,NA,AB,NA,AB,AB,AB,AB,AB,AB,NA,AB,AA,BB,AB,AB,AB,BB,AB,AA,AA,NA,NA,NA,AB,AA,AB,AA,BB,NA,NA,NA,NA,1,NA,NA,NA,AB,AB,AA,AB,AB,AB,AB,AB,AB,AB
NA,35836.67,2.87,NA,24.32,145,AA,AB,NA,AA,AA,AB,NA,AA,4,NA,AB,AA,AA,NA,AA,AB,NA,AB,BB,AB,AB,AB,AA,BB,BB,NA,AA,NA,NA,NA,AA,BB,BB,BB,NA,AA,AB,AA,3,NA,AB,AA,BB,1,NA,AB,AB,AA,NA,AB,AA,NA,AB,AA,AB,AA,NA,NA,NA,4,AB,NA,AA,AB,AB,BB,AB,3,NA,AB,NA,AA,AB,AB,AA,AB,AB,BB,AB,AA,AB,BB,AB,NA,NA,NA,BB,AA,1,AA,AA,AB,BB,AA,NA,AB,1,BB,AB,BB,AB,NA,AB,AB,AB,AB,AB,AB,AA,AB,NA,AB,AB,AB,AA,AA,NA,3,1,BB,AA,NA,AA,AA,AA,AB,NA,AA,BB,NA,AB,2,NA,AB,AA,NA,BB,BB,AB,AB,AB,NA,BB,NA,AA,AB,AB,AB,AA,1,BB,2,AB,3,AB,AB,AB,NA,AA,AB,AB,NA,4,4,AA,AA,AA,AA,NA,BB,AA,NA,AB,AB,AA,2,AA,AB,AA,BB,NA,NA,AB,1,AB,AB,NA,BB,AB,AB,BB,NA,AB,AB,AB,AA,AA,NA,AB,BB,AA,NA,BB,AA,AA,AA,AA,3,AB,NA,AA,AB,AB,AB,AB,NA,AB,1,AB,AB,NA,AB,NA,AB,AB,AB,AB,BB,AB,NA,AB,AA,AB,AA,AA,AA,AB,NA,AA,AB,NA,NA,NA,BB,AB,AB,AA,AB,NA,NA,NA,NA,2,NA,NA,NA,AA,AB,AA,AB,AB,AB,AB,AB,AA,BB
NA,74320,3.87,NA,3.22,146,NA,AA,NA,NA,NA,NA,NA,AA,3,NA,AB,NA,AB,NA,NA,NA,NA,AA,NA,AA,NA,NA,AB,AB,NA,NA,NA,NA,NA,NA,AA,NA,NA,AA,NA,AB,NA,AA,2,NA,NA,NA,NA,4,NA,NA,NA,NA,NA,NA,AB,NA,NA,NA,AB,AA,NA,NA,NA,3,NA,NA,AB,AB,NA,AB,NA,4,NA,NA,NA,NA,AB,NA,AA,NA,NA,NA,NA,AA,NA,NA,NA,NA,NA,NA,BB,NA,1,NA,NA,NA,NA,NA,NA,BB,1,NA,NA,AB,NA,NA,NA,NA,NA,AA,AA,AB,AA,NA,NA,NA,AB,AB,NA,NA,NA,1,2,NA,NA,NA,AA,AB,NA,AA,NA,AA,NA,NA,NA,2,NA,AB,AA,NA,BB,BB,NA,AB,AB,NA,BB,NA,AA,AB,NA,NA,NA,2,NA,2,BB,4,AA,AB,NA,NA,NA,NA,NA,NA,1,2,AB,BB,NA,NA,NA,NA,AA,NA,NA,AB,AB,4,NA,AA,AB,NA,NA,NA,NA,2,NA,AB,NA,NA,NA,NA,NA,NA,NA,AB,NA,NA,AA,NA,NA,AB,NA,NA,BB,NA,NA,AA,NA,3,NA,NA,AB,AB,AB,AB,AA,NA,BB,2,NA,AB,NA,NA,NA,AB,AB,NA,NA,BB,AB,NA,AA,AB,NA,NA,AA,AA,NA,AA,AB,AB,NA,NA,NA,BB,NA,AB,AA,NA,NA,NA,NA,NA,1,NA,NA,NA,AB,AB,AA,NA,AB,AB,AB,AB,AA,AB
NA,59716.67,2.85,3705.28,2.33,147,AB,AB,NA,AA,AA,AA,NA,AA,3,NA,AA,AB,NA,NA,NA,AB,NA,BB,AB,AB,AB,AB,AB,AB,BB,NA,AA,NA,NA,NA,AB,AB,AA,AA,NA,NA,AA,AB,3,NA,BB,AA,BB,2,NA,AA,AB,AA,NA,AB,AB,NA,AB,AB,AB,AB,NA,NA,NA,3,AA,NA,AA,AB,AB,BB,AA,4,NA,AB,NA,BB,NA,AB,AA,AB,AB,AB,BB,NA,AB,BB,AA,NA,NA,NA,AB,AB,2,AB,AB,AB,BB,AB,NA,BB,1,AA,BB,NA,AA,NA,AB,AB,AB,AA,AA,NA,NA,BB,NA,BB,AA,BB,AB,AB,NA,3,1,BB,AA,NA,AA,AA,AB,AA,NA,AA,BB,NA,AB,3,NA,BB,AB,NA,BB,AA,AB,AB,AB,NA,NA,NA,AB,NA,AA,BB,AB,2,BB,2,BB,1,AB,BB,BB,NA,AB,AB,AB,NA,4,4,AA,AB,AB,AB,NA,AB,AB,NA,AA,NA,AA,2,AA,AA,AB,BB,NA,NA,AB,1,AA,AB,NA,AB,AA,BB,AB,NA,BB,AA,BB,AA,AA,NA,AB,BB,NA,NA,BB,AA,AB,NA,AA,3,AA,NA,NA,NA,AB,NA,AB,NA,NA,2,AB,NA,NA,AB,NA,AB,NA,AB,AB,AB,NA,NA,NA,AA,BB,AB,AA,AA,BB,AA,AB,NA,NA,NA,NA,AB,AA,AB,AA,BB,NA,NA,1,NA,1,NA,NA,NA,NA,AB,AA,AA,AB,AB,AB,AB,AB,BB
NA,30856.67,2.87,NA,5.98,148,AB,AB,NA,AA,AA,AA,NA,AB,3,NA,AA,AB,AB,NA,AB,AB,NA,AA,BB,AA,BB,AA,AB,AB,AB,NA,AA,NA,NA,NA,AA,BB,AB,AA,NA,AB,AB,AA,3,NA,BB,AA,BB,1,NA,AA,BB,AB,NA,AA,AA,NA,AA,BB,AB,AA,NA,NA,NA,2,AB,NA,BB,AA,AB,AB,BB,1,NA,BB,NA,AB,AA,BB,AA,AA,AA,AB,BB,AB,AB,BB,AA,NA,NA,NA,BB,AA,1,AB,AB,AB,BB,AA,NA,BB,1,BB,AB,AB,AA,NA,AA,AB,NA,AA,AA,AB,AA,AA,NA,AB,AB,AB,AA,AA,NA,1,2,AB,AB,NA,AA,AB,AB,AA,NA,AA,BB,NA,AA,1,NA,AB,AA,AA,BB,AB,BB,BB,BB,NA,BB,NA,AA,AB,AB,AB,NA,1,BB,2,AB,3,AB,AB,AB,NA,AA,AB,AA,NA,3,3,AB,BB,AA,AA,NA,AB,AB,NA,AA,AB,AA,3,AB,AB,AA,BB,NA,NA,AB,1,AA,AB,NA,AB,AA,BB,AB,NA,BB,AB,NA,AB,AB,NA,BB,AB,AA,NA,NA,AA,AB,AB,AA,3,AA,NA,AB,BB,AB,AB,AB,NA,AB,2,AB,AB,NA,AB,NA,AB,AB,AB,AB,BB,AB,NA,AB,AA,AB,AA,AB,AB,BB,AA,AB,AB,NA,NA,NA,BB,AB,AB,AA,AB,NA,NA,1,NA,2,NA,NA,NA,AB,AB,AA,AA,AB,AB,AB,AB,AA,BB
4.07,NA,NA,239.24,13.65,149,AB,AB,NA,AB,AB,AB,NA,AB,1,NA,AA,AB,AA,NA,AA,BB,NA,BB,BB,AB,AB,AB,AB,AB,BB,NA,AA,NA,NA,NA,AB,AB,AB,NA,NA,NA,AB,NA,1,NA,AB,AB,AB,4,NA,AA,AB,BB,NA,AA,AA,NA,AA,BB,BB,AB,NA,NA,NA,2,AB,NA,BB,AA,AB,AB,AB,3,AB,AB,NA,AA,NA,AB,AA,AB,AB,AB,BB,NA,AB,BB,AA,NA,NA,NA,AB,AB,4,AA,AA,AA,AB,AB,NA,BB,3,AB,BB,NA,BB,NA,AA,AA,BB,AA,NA,AB,AB,AB,NA,AB,AA,BB,AB,AB,NA,1,2,AB,AB,NA,AA,AB,AB,AA,NA,AB,AB,NA,AB,4,NA,BB,AB,NA,NA,AA,AB,AB,AB,NA,AB,NA,AA,BB,AB,AB,AB,2,AB,1,AA,1,AB,BB,BB,NA,AB,AB,AB,NA,4,4,AA,AA,BB,AB,NA,AA,AB,NA,AA,AB,AA,2,AA,AB,NA,AB,NA,NA,BB,2,BB,AA,NA,BB,AA,BB,AB,NA,BB,AA,BB,AA,AA,NA,AB,BB,BB,NA,AB,AB,AA,AB,AB,2,AB,NA,NA,BB,AB,AB,AB,NA,AB,4,AB,AB,NA,AB,NA,AB,AB,AB,AB,BB,NA,NA,NA,AB,BB,AB,AA,AA,AB,AB,AB,NA,NA,NA,NA,BB,AB,AB,AA,AB,NA,NA,NA,NA,2,NA,NA,NA,AA,AA,AB,AB,NA,AB,AB,AB,AA,AB
NA,30290,2.85,NA,22.72,150,AB,AB,NA,AA,AA,AA,NA,AA,3,NA,AA,AB,AB,NA,AB,AA,NA,AA,BB,AA,BB,AA,AB,AB,AB,NA,AA,NA,NA,NA,AA,BB,BB,AB,NA,AA,BB,AB,1,NA,AA,AB,AB,4,NA,AB,BB,BB,NA,AA,AA,NA,AB,AB,AB,AA,NA,NA,NA,2,AB,NA,BB,AA,BB,BB,AB,3,AB,AB,NA,AA,AB,AB,AA,AB,AB,BB,AB,AA,AB,BB,AB,NA,NA,NA,BB,AA,1,AA,AA,AB,BB,AA,NA,AB,1,BB,AB,NA,BB,NA,AA,AA,BB,AA,AA,AB,AA,AB,NA,AB,AB,AB,AA,AA,NA,3,2,BB,AA,NA,AA,AA,AB,AA,NA,AA,BB,NA,AA,1,NA,AB,AA,AA,BB,AA,AB,AB,AB,NA,AB,NA,AB,AA,AA,BB,AB,1,AB,1,AB,2,AA,BB,BB,NA,AA,AB,AB,NA,4,4,AA,AA,AB,AA,NA,AB,AB,NA,AA,AB,AA,2,AA,AB,AA,AB,NA,NA,BB,2,AA,AB,NA,AB,AA,BB,AB,NA,AB,AA,BB,AA,AA,NA,AB,BB,BB,NA,AB,AA,AB,AB,AA,3,AA,NA,AB,BB,AB,AB,AA,NA,AB,3,AB,AB,NA,AB,NA,AB,AB,AB,AB,AB,AB,NA,AA,AB,AB,AA,AB,AA,AB,AB,AA,AA,NA,NA,NA,AB,AA,AB,AA,BB,NA,NA,1,NA,1,NA,AA,NA,AB,AB,AA,AA,AB,AB,AB,AB,AA,AB
NA,73866.67,3.86,NA,38.64,151,AB,AB,NA,NA,AB,AB,NA,AA,1,NA,AA,AB,AA,NA,AA,AA,NA,BB,BB,AB,AB,AB,AB,AB,BB,NA,AA,NA,NA,NA,AB,AB,BB,BB,NA,AA,BB,AA,2,NA,AA,AB,AB,4,NA,AA,AB,AB,NA,AB,AB,NA,AA,AB,AB,AA,NA,NA,NA,1,BB,NA,BB,AA,AB,AB,BB,1,BB,BB,NA,AB,AA,BB,AA,AA,AB,BB,AB,AA,AB,BB,AB,NA,NA,NA,AA,BB,3,AB,AB,AA,AB,AA,NA,BB,3,AA,BB,AB,AB,NA,AB,AB,BB,AB,AA,AB,AA,AB,NA,AB,AA,BB,AB,AB,NA,1,2,AB,AB,NA,AA,AB,AA,AB,NA,AB,AB,NA,AB,2,NA,AB,AA,AA,AB,AB,BB,BB,BB,NA,BB,NA,AB,AA,AA,BB,NA,1,BB,1,AB,2,AB,BB,BB,NA,AA,AB,AB,NA,4,4,AA,AB,AB,AA,NA,AB,AB,NA,AB,AA,AB,3,BB,AB,AA,AA,NA,NA,BB,2,AB,AB,NA,BB,AA,BB,AB,NA,BB,AB,AB,AB,AB,NA,AB,BB,BB,NA,AB,AA,AB,AB,AA,3,AB,NA,AB,AB,AB,AB,AB,NA,AB,1,AB,AB,NA,AB,NA,AB,AB,AB,AB,BB,AB,NA,AA,AB,AB,AA,AA,AA,AB,AA,AB,AA,NA,NA,NA,BB,AB,AB,AA,AB,NA,NA,NA,NA,2,NA,AA,NA,AA,AA,AB,AA,AB,AB,AB,AB,AB,AB
NA,36246.67,2.91,NA,25.5,152,AA,AA,NA,AB,AB,AA,NA,AA,4,NA,AA,AB,AA,NA,AA,AA,NA,AB,AB,AA,BB,AA,BB,AA,AB,NA,AA,NA,NA,NA,AB,AB,AA,AA,NA,AB,BB,AA,2,NA,AB,AB,BB,4,NA,AA,BB,AA,NA,AB,AA,NA,AB,AA,AB,AA,NA,NA,NA,4,AB,NA,AA,AB,AA,AB,BB,2,AB,AB,NA,BB,AA,BB,AB,AB,AA,AA,BB,AB,AB,BB,AA,NA,NA,NA,BB,AA,1,AA,AB,AB,BB,AA,NA,BB,1,BB,AB,BB,BB,NA,AB,AA,BB,AA,AA,AB,AA,AB,NA,AB,AB,AB,AA,AA,NA,1,2,AB,AB,NA,AA,AB,AA,AB,NA,AB,AB,NA,AB,4,NA,BB,AB,AA,AB,BB,AA,AA,AA,NA,AB,NA,AA,AB,AB,AB,AA,2,BB,2,AB,1,AA,BB,BB,NA,AA,AA,AA,NA,3,3,AA,AA,AB,AB,NA,AA,AB,NA,AB,AA,AB,4,BB,AA,AB,AB,NA,NA,BB,2,AA,AB,NA,BB,AB,AB,BB,NA,AB,AA,BB,AA,AB,NA,BB,AB,AB,NA,AB,AB,AB,AA,AB,3,AA,NA,AB,BB,AB,AB,AA,NA,AB,2,AB,AB,NA,AB,NA,AB,AB,AB,AB,AB,AB,NA,AB,AA,BB,AB,AB,AB,BB,AB,AA,AA,NA,NA,NA,BB,AB,AB,AA,AB,NA,NA,1,NA,2,NA,NA,NA,AB,AA,AB,AB,AB,AB,AB,AB,AB,AB
3.95,NA,NA,8555.53,3.48,153,AB,AB,NA,NA,AA,AA,NA,AB,4,NA,AA,AB,AA,NA,AA,BB,NA,AB,BB,AB,AB,AB,AA,BB,BB,NA,AA,NA,NA,NA,AA,BB,AB,BB,NA,AA,AB,AA,1,NA,AA,AB,BB,4,NA,AA,AB,AB,NA,AA,AB,NA,AB,BB,AB,AB,NA,NA,NA,NA,AA,NA,AB,AB,AB,BB,AB,2,NA,AB,NA,BB,AA,BB,AB,AB,AB,AA,BB,AA,AA,AB,AA,NA,NA,NA,AB,AB,4,AA,AA,AA,AB,AB,NA,BB,3,BB,AB,AB,AB,NA,AB,AA,BB,AB,AB,AA,AA,BB,NA,AB,AA,BB,AB,AB,NA,NA,2,AB,AB,NA,AA,AB,AB,AA,NA,AB,AA,NA,AB,2,NA,AB,AA,NA,AB,BB,AB,AB,AB,NA,BB,NA,AA,BB,AB,AB,NA,1,BB,2,NA,2,AB,BB,BB,NA,AB,BB,BB,NA,2,NA,AA,AB,AB,AA,NA,AB,AA,NA,BB,AB,AA,NA,AB,AA,AB,AA,NA,NA,BB,2,BB,AA,NA,BB,AB,AB,BB,NA,BB,AA,BB,AA,AB,NA,AB,BB,AB,NA,NA,AB,AA,AB,AB,2,AB,NA,AB,AB,AB,AB,AB,NA,AB,4,AB,AB,NA,AB,NA,AB,AB,AB,AB,AB,AB,NA,AB,AB,BB,AB,AB,AB,BB,AB,AA,AB,NA,NA,NA,BB,AB,AB,AA,AB,NA,NA,NA,NA,2,NA,NA,NA,AB,AB,AA,AB,AB,AB,AB,AB,AB,AB
4.12,NA,NA,274.94,16.86,154,AA,AA,NA,NA,AB,AB,NA,AB,4,NA,AB,AB,AA,NA,AA,BB,NA,AB,AB,AA,BB,AA,BB,AA,AB,NA,AA,NA,NA,NA,AB,AB,AA,AB,NA,AB,AB,AB,3,NA,BB,AA,AB,2,NA,AB,AB,AB,NA,AB,AB,NA,AA,AB,AA,AA,NA,NA,NA,1,AB,NA,BB,AA,BB,BB,AB,2,BB,BB,NA,BB,AA,BB,AA,AB,AA,AA,BB,AA,AA,AB,AA,NA,NA,NA,AB,AB,4,AA,AA,AA,AB,AB,NA,BB,3,BB,AB,NA,AA,NA,AA,AB,NA,AA,AA,AA,AA,BB,NA,BB,AA,BB,AB,AB,NA,1,2,AB,AB,NA,AA,AB,AB,AA,NA,AB,AB,NA,AB,2,NA,AB,AA,NA,AB,AB,AB,AB,AB,NA,AB,NA,AA,AB,AA,BB,NA,2,AB,1,AB,3,AA,AB,AB,NA,AB,AA,AB,NA,4,1,AB,BB,AA,AB,NA,AA,AB,NA,AB,AA,AB,1,AB,AB,AA,AA,NA,NA,BB,2,BB,AA,NA,BB,AA,BB,AB,NA,BB,AA,BB,AA,AA,NA,AB,BB,AA,NA,BB,AA,AA,AA,AA,2,AB,NA,AA,AB,AB,AB,AA,NA,AB,1,AB,AB,NA,AB,NA,AB,AB,AB,AB,AB,BB,NA,AB,AB,BB,AB,AB,AB,BB,AB,AA,AA,NA,NA,NA,BB,AB,AB,AA,BB,NA,NA,NA,NA,1,NA,NA,NA,AA,AA,AB,AB,AB,AB,AB,AB,AA,AB
3.95,NA,NA,6464.25,1.6,155,AB,AB,NA,NA,AA,AA,NA,AA,4,NA,AA,AB,AA,NA,AA,AA,NA,AB,BB,AA,BB,AA,NA,AB,AB,NA,AA,NA,NA,NA,AB,AB,AB,AB,NA,AB,AB,AB,3,NA,BB,AA,BB,1,NA,AA,AB,BB,NA,AA,AB,NA,AB,BB,AB,AB,NA,NA,NA,4,AA,NA,AA,AB,AA,AB,BB,1,NA,BB,NA,AB,AA,BB,AA,AA,AA,AB,AB,NA,AA,AB,AB,NA,NA,NA,AB,AB,2,AA,AB,AB,BB,AB,NA,AB,1,BB,AB,BB,BB,NA,AB,AA,BB,AA,AA,NA,AB,AB,NA,BB,AA,BB,AB,AB,NA,3,1,BB,AA,NA,AA,AA,AB,AA,NA,AA,BB,NA,AA,1,NA,AB,AA,NA,BB,AA,AB,AB,AB,NA,AB,NA,AA,BB,AB,AB,NA,1,AB,1,AA,3,AA,AB,AB,NA,AB,AA,AA,NA,3,3,AB,AB,AA,AA,NA,AB,AA,NA,BB,AA,AB,1,AB,AB,AA,AB,NA,NA,BB,2,AB,AA,NA,AB,AB,AB,BB,NA,BB,AB,AB,AB,AA,NA,AB,BB,AB,NA,NA,AA,AA,AA,AA,3,AA,NA,AA,BB,AB,AB,AB,NA,AB,4,AB,AB,NA,AB,NA,AB,AB,AB,AB,AB,AB,NA,AA,AB,AB,AA,AB,AB,BB,AB,AA,AB,NA,NA,NA,AB,AA,AB,AA,AB,NA,NA,1,NA,2,NA,NA,NA,AB,AB,AA,AA,AB,AB,AB,AB,AA,AB
4.23,NA,NA,258.33,NA,156,AA,AA,NA,BB,BB,BB,NA,AB,1,NA,AB,AB,AA,NA,AA,AA,NA,AA,BB,AA,BB,AA,BB,AA,AB,NA,AA,NA,NA,NA,AA,BB,AB,AA,NA,AB,AB,AA,2,NA,AB,AB,BB,4,NA,AB,BB,AB,NA,AA,AA,NA,AB,BB,AB,AA,NA,NA,NA,1,BB,NA,BB,AA,BB,BB,AB,2,AB,AB,NA,BB,AA,BB,AB,AB,AA,AA,BB,AB,AA,BB,AA,NA,NA,NA,AB,AB,4,AA,AB,AA,AB,AB,NA,BB,3,AA,BB,NA,AB,NA,AB,AA,BB,AB,AB,AB,AA,AB,NA,AB,AB,AB,AA,AA,NA,3,1,BB,AA,NA,AA,AA,AA,AB,NA,BB,AB,NA,AB,2,NA,AB,AA,AA,AB,AB,AB,AB,AB,NA,BB,NA,AB,BB,AB,AB,AB,2,AB,1,AA,1,AB,BB,BB,NA,AB,BB,AB,NA,1,2,AB,AB,AB,NA,NA,AB,AB,NA,AA,AB,AA,3,AB,AB,AA,BB,NA,NA,AB,1,BB,AA,NA,AB,AA,BB,AB,NA,BB,AA,BB,AA,AA,NA,AB,BB,BB,NA,AB,AA,AB,AB,AA,3,AB,NA,AB,AB,AB,AB,AB,NA,AB,4,AB,AB,NA,AB,NA,AB,AB,AB,AB,AB,AB,NA,AA,AB,AB,AA,AA,AA,AB,AA,AB,AA,NA,NA,NA,AB,AB,AB,AA,AB,NA,NA,1,NA,2,NA,NA,NA,AB,AA,AB,AB,AB,AB,AB,AB,AB,AB
NA,80356.67,2.86,NA,22.78,157,AA,AB,NA,NA,AB,AB,NA,AB,4,NA,AB,AB,AA,NA,AA,BB,NA,BB,AB,AB,AB,AB,AA,BB,BB,NA,AB,NA,NA,NA,AB,AB,AA,AA,NA,AB,BB,AA,2,NA,AB,AB,BB,4,NA,AB,BB,BB,NA,AA,AA,NA,AB,BB,AB,AB,NA,NA,NA,4,AB,NA,AA,AB,AB,BB,AB,3,NA,AA,NA,AA,AB,AB,AB,AA,AA,AA,BB,AA,AA,AB,AA,NA,NA,NA,BB,AA,1,AB,AA,AB,BB,AA,NA,BB,1,AA,BB,AB,AA,NA,AB,AB,AB,AA,AA,AA,AA,BB,NA,BB,AA,BB,AB,AB,NA,3,1,BB,AA,NA,AA,AA,AB,AA,NA,AA,BB,NA,AA,3,NA,BB,AB,AA,BB,BB,AA,AB,AB,NA,AB,NA,AB,BB,AB,AB,NA,NA,BB,2,AB,1,AB,BB,BB,NA,AB,AB,BB,NA,2,1,AB,BB,AA,AA,NA,AA,AB,NA,AB,AA,AB,1,AB,AB,AA,BB,NA,NA,AB,1,AB,AB,NA,BB,AA,BB,AB,NA,BB,AB,AB,AB,AA,NA,BB,AB,NA,NA,BB,AB,AA,AB,AB,2,AB,NA,AB,BB,AB,AB,AB,NA,AB,4,AB,AB,NA,AB,NA,AB,AB,AB,AB,BB,AB,NA,AB,AA,AB,AA,AA,AB,BB,AA,AB,AB,NA,NA,NA,BB,AB,AB,AA,AB,NA,NA,NA,NA,2,NA,NA,NA,AB,AB,AA,AA,AB,AB,AB,AB,AA,BB
NA,42926.67,2.87,NA,48.66,158,AB,AB,NA,AA,AA,AA,NA,AA,4,NA,AA,AB,AA,NA,AA,BB,NA,AA,AB,AA,BB,AA,BB,AA,AB,NA,AA,NA,NA,NA,AA,BB,BB,AB,NA,AA,AB,AB,1,NA,AA,AB,AB,4,NA,AA,BB,BB,NA,AA,AB,NA,AB,AB,AB,AB,NA,NA,NA,1,BB,NA,AB,AA,AB,AB,BB,1,NA,BB,NA,AB,AA,BB,AA,AA,AA,AB,BB,NA,AB,BB,AA,NA,NA,NA,AB,AB,4,AB,AA,AA,AB,AB,NA,BB,4,AA,BB,AB,AB,NA,AB,AA,BB,AB,AB,AB,AA,AB,NA,AB,AB,AB,AA,AA,NA,2,NA,AA,BB,NA,AB,AA,AB,AA,NA,AA,BB,NA,AA,1,NA,AB,AA,AA,AB,AB,BB,BB,BB,NA,BB,NA,AB,BB,AB,AB,AA,1,BB,2,BB,NA,AB,BB,BB,NA,AB,AA,AA,NA,3,3,AB,BB,AA,AB,NA,AA,AB,NA,AA,AA,AB,1,AB,AB,AA,AB,NA,NA,BB,2,AB,AB,NA,AB,AB,AB,BB,NA,AB,AA,BB,AA,AA,NA,BB,AB,NA,NA,BB,AA,AB,AB,AA,2,AB,NA,AA,BB,AB,AB,AB,NA,AB,4,AB,AB,NA,AB,NA,AB,AB,AB,AB,BB,AB,NA,AA,AB,AB,AA,AA,AA,AB,AB,AA,AA,NA,NA,NA,BB,AB,AB,AA,BB,NA,NA,1,NA,1,NA,NA,NA,AB,AB,AA,AB,AB,AB,AB,AB,AB,AB
NA,73033.33,2.86,NA,23.3,159,AA,AA,NA,AB,AB,AA,NA,AA,3,NA,AA,AB,AB,NA,NA,AB,NA,AB,BB,AA,BB,AA,BB,AA,AB,NA,AA,NA,NA,NA,AB,AB,BB,BB,NA,AA,AB,AB,3,NA,AB,AA,BB,1,NA,AB,AB,AB,NA,AA,AB,NA,AA,BB,BB,AA,NA,NA,NA,2,AB,NA,BB,AA,AB,AB,AA,4,AB,AB,NA,BB,AB,AB,AA,AB,AB,BB,AB,AA,AB,BB,AB,NA,NA,NA,AB,AB,2,AB,AB,AB,BB,AB,NA,BB,1,BB,AB,AB,AA,NA,AA,AB,AB,AA,AA,AA,AA,AA,NA,AB,AB,AB,AA,AA,NA,2,NA,AA,BB,NA,AB,AA,AA,AB,NA,BB,AA,NA,AA,3,NA,BB,AB,AA,AB,AA,AB,AB,AB,NA,AB,NA,AA,AA,AA,BB,AB,1,AB,2,AB,4,AA,AB,AB,NA,AB,BB,BB,NA,2,NA,AB,AB,AA,AB,NA,BB,AA,NA,AB,AA,AB,4,BB,AA,AB,AB,NA,NA,BB,2,AA,AB,NA,AB,AB,AB,BB,NA,AB,AB,AB,AB,AB,NA,BB,AB,AB,NA,AB,AB,AB,AA,AB,3,AA,NA,AB,AB,AB,AB,AB,NA,BB,2,AB,AB,NA,AB,NA,AB,AB,AB,AB,BB,AB,NA,AA,AB,BB,AB,AA,AA,AB,AB,AA,AA,NA,NA,NA,BB,AB,AB,AA,BB,NA,NA,1,NA,1,NA,AA,NA,AB,AB,AA,AA,AB,AB,AB,AB,AA,AB
NA,76956.67,2.89,NA,43.43,160,AA,AA,NA,AB,AB,AB,NA,AB,4,NA,AB,AA,AA,NA,AA,AB,NA,BB,AB,AB,AB,AB,AB,BB,BB,NA,AB,NA,NA,NA,AB,AB,BB,BB,NA,AA,BB,AA,2,NA,AA,AB,BB,4,NA,AA,AB,AA,NA,AB,AA,NA,AB,AA,AB,AB,NA,NA,NA,1,BB,NA,AB,AA,AB,AB,AA,4,AA,AA,NA,BB,AB,AB,AB,AA,AA,AA,BB,AA,AA,AB,AA,NA,NA,NA,AB,AB,2,AB,AB,AB,BB,AB,NA,BB,NA,AA,BB,AB,AA,NA,AB,AB,AB,AA,AA,AB,AB,AB,NA,BB,AA,BB,AB,AB,NA,1,2,AB,AB,NA,AA,AB,AA,AB,NA,BB,AA,NA,AA,3,NA,BB,AB,AA,BB,BB,AB,AB,AB,NA,BB,NA,AA,AB,AB,AB,AB,NA,AB,1,AB,4,AB,AB,AB,NA,AA,AB,AA,NA,3,NA,AA,AB,NA,AA,NA,AA,AB,NA,AA,AB,AA,2,AA,AB,AA,AB,NA,NA,AB,NA,AA,AB,NA,BB,AB,AB,BB,NA,AB,AA,BB,AA,AB,NA,BB,AB,NA,NA,BB,AB,AA,AB,AB,NA,AA,NA,AA,AB,AB,AB,AB,NA,AB,NA,AB,AB,NA,AB,NA,AB,AB,AB,AB,BB,AB,NA,AB,AA,BB,AB,AB,AB,BB,AB,AA,AA,NA,NA,NA,AB,AA,AB,AA,BB,NA,NA,1,NA,NA,NA,AB,NA,AA,AA,AB,AB,AB,AB,AB,AB,AB,AB
NA,32140,2.83,NA,14.92,161,AA,AB,NA,AA,AB,AB,NA,AA,3,NA,AB,AB,AA,NA,AB,AB,NA,AB,AB,AA,BB,AA,AB,AB,AB,NA,AB,NA,NA,NA,AB,AB,BB,AB,NA,AA,AB,AB,3,NA,AB,AA,BB,1,NA,AB,BB,BB,NA,AA,AB,NA,AB,AB,AB,AA,NA,NA,NA,4,AB,NA,AA,AB,AA,AB,BB,1,BB,BB,NA,AB,AA,BB,AA,AA,AA,AB,BB,AB,AB,BB,AA,NA,NA,NA,BB,AA,1,AB,AA,AB,BB,AA,NA,BB,1,BB,AB,AB,AB,NA,AB,AA,BB,AB,AB,AB,AB,AB,NA,BB,AB,AB,AA,AA,NA,1,2,AB,AB,NA,AA,AB,AA,AB,NA,AB,AB,NA,AB,2,NA,AB,AA,AA,AB,AB,AB,AB,AB,NA,AB,NA,AA,BB,AA,BB,NA,1,AB,1,AB,1,AA,BB,BB,NA,AB,AB,AB,NA,1,2,AA,AB,AA,AB,NA,AB,AA,NA,BB,AB,AA,2,AA,AB,AA,AA,NA,NA,BB,2,AA,AB,NA,AB,AB,AB,BB,NA,AB,AB,AB,AB,AB,NA,BB,AB,AB,NA,AB,AB,AB,AA,AB,3,AA,NA,AB,AB,AB,AB,AA,NA,AB,4,AB,AB,NA,AB,NA,AB,AB,AB,AB,AB,AB,NA,AA,AA,AB,AA,AB,AB,BB,AA,AB,AB,NA,NA,NA,BB,AB,AB,AA,BB,NA,NA,1,NA,2,NA,NA,NA,AB,AB,AA,AB,AB,AB,AB,AB,AB,BB
6.02,NA,NA,NA,44.73,162,AB,AA,NA,NA,BB,AB,NA,AA,2,NA,AA,BB,AB,NA,AA,AB,NA,BB,BB,AB,AB,AB,AB,AB,BB,NA,AA,NA,NA,NA,AB,AB,AB,AB,NA,AA,AB,AA,1,NA,AA,AB,AB,4,NA,AA,AB,AB,NA,AA,AB,NA,AA,AB,BB,AB,NA,NA,NA,2,BB,NA,AB,AA,BB,BB,AB,2,NA,BB,NA,BB,AA,BB,AA,AA,AA,BB,AB,AA,AB,BB,AB,NA,NA,NA,AB,BB,3,AB,AA,AA,AB,AA,NA,BB,3,BB,AB,AA,AA,NA,AA,AB,NA,AA,AA,AA,AA,AA,NA,AB,AB,AB,AA,AA,NA,3,1,BB,AA,NA,AA,AA,AB,AA,NA,AA,BB,NA,AB,4,NA,BB,AB,NA,AB,AA,BB,BB,BB,NA,BB,NA,AB,AB,AA,BB,NA,1,BB,2,AB,3,AB,AB,AB,NA,AA,AB,BB,NA,2,1,AA,AB,NA,AB,NA,AB,AA,NA,BB,AA,AB,4,BB,AB,AA,AB,NA,NA,BB,2,AB,AA,NA,AB,AB,AB,BB,NA,AB,AB,AB,AB,AB,NA,BB,AB,AB,NA,NA,AB,AB,AA,AB,3,AA,NA,AA,BB,AB,AB,AB,NA,AB,2,AB,AB,NA,AB,NA,AB,AB,AB,AB,BB,AB,NA,AB,AB,BB,AB,AA,AA,AB,AB,AA,AB,NA,NA,NA,AB,AA,AB,AA,AB,NA,NA,1,NA,2,NA,NA,NA,AB,AB,AA,AA,AB,AB,AB,AB,AB,BB
3.92,NA,NA,386.67,9.41,163,AB,AA,NA,NA,AA,AA,NA,AA,3,NA,AA,AB,NA,NA,AB,AB,NA,AA,AB,AA,BB,AA,NA,AB,AB,NA,NA,NA,NA,NA,AA,BB,AB,AB,NA,AA,BB,AB,2,NA,AA,AB,BB,4,NA,AB,BB,AB,NA,AA,AB,NA,AB,AB,AB,AB,NA,NA,NA,NA,AB,NA,AA,AB,AA,AB,AB,3,NA,AB,NA,AA,AB,AB,AA,AB,AA,BB,AB,NA,AB,BB,AB,NA,NA,NA,AB,BB,3,AB,AA,AA,AB,AA,NA,BB,4,BB,AB,NA,AA,NA,AA,AA,NA,AA,AB,AB,AA,AB,NA,AB,AB,AB,AA,AA,NA,NA,1,BB,AA,NA,AA,AA,AB,AA,NA,AB,AB,NA,AA,1,NA,AB,AA,NA,BB,AB,AA,AA,AA,NA,AB,NA,AB,AB,AB,AB,NA,2,BB,2,NA,4,AA,AB,AB,NA,AB,AB,AA,NA,3,NA,AA,AA,AB,AA,NA,AA,NA,NA,AB,AA,AB,NA,BB,AB,AA,AB,NA,NA,BB,2,BB,AA,NA,AB,AB,AB,AB,NA,AB,AA,BB,AA,AB,NA,AB,BB,AB,NA,NA,AB,AA,AB,AB,3,AB,NA,AA,BB,AB,NA,AA,NA,BB,2,AB,AB,NA,AB,NA,AB,AB,AB,AB,BB,NA,NA,AA,AA,BB,AB,AA,AA,AB,AB,AA,AB,NA,NA,NA,AB,AA,AB,AA,BB,NA,NA,1,NA,1,NA,NA,NA,AB,AA,AB,AB,AB,AB,AB,AB,AA,AB
NA,24116.67,2.9,NA,3.41,164,AB,AA,NA,AA,AA,AA,NA,AB,3,NA,AA,AB,AB,NA,BB,AB,NA,AB,AB,AB,AB,AB,AA,BB,BB,NA,AB,NA,NA,NA,AA,BB,BB,BB,NA,AA,AB,AA,4,NA,AB,AA,AB,1,NA,AA,AB,AB,NA,AA,AB,NA,AA,AB,AB,AA,NA,NA,NA,1,BB,NA,AB,AA,AB,AB,AA,3,NA,AB,NA,AA,AB,AB,AA,AB,AB,AB,BB,AB,AB,BB,AA,NA,NA,NA,AB,AB,2,AB,AB,AB,BB,AB,NA,BB,NA,AA,BB,AB,AB,NA,AB,AA,NA,AB,AB,AA,AA,BB,NA,AB,AA,BB,AB,AB,NA,4,NA,AB,AB,NA,AB,AB,AA,AB,NA,AB,AB,NA,AB,2,NA,AB,AA,AA,AB,BB,AB,AB,AB,NA,BB,NA,AA,AB,AA,BB,NA,2,AB,NA,AB,3,AB,AB,AB,NA,AA,AA,AA,NA,3,3,AA,NA,AB,AA,NA,AB,AA,NA,BB,AA,AB,4,BB,AA,AB,AB,NA,NA,BB,NA,AA,AB,NA,BB,AB,AB,BB,NA,AB,AA,BB,AB,AB,NA,AB,BB,NA,NA,BB,AA,AB,AB,AA,NA,AB,NA,AA,BB,AB,AB,AB,NA,AB,NA,AB,AB,NA,AB,NA,AB,AB,AB,NA,BB,AB,NA,AB,AB,BB,AB,AB,AB,AB,AA,AB,AB,NA,NA,NA,BB,AB,AB,AA,BB,NA,NA,NA,NA,NA,NA,NA,NA,AB,AB,AA,NA,AB,AB,AB,AB,AA,AB
NA,29373.33,3.87,NA,4.74,165,AB,AB,NA,NA,AA,AB,NA,AB,NA,NA,AB,AB,AA,NA,AA,AB,NA,AB,AB,AA,BB,AA,NA,AB,AB,NA,AB,NA,NA,NA,AB,AB,BB,AB,NA,AA,AA,AB,NA,NA,AB,AA,BB,1,NA,AB,BB,AA,NA,AB,AA,NA,AB,AA,AB,AA,NA,NA,NA,1,BB,NA,AB,AA,AB,AB,BB,NA,NA,BB,NA,AB,AA,BB,AA,AA,AA,AA,BB,AA,AA,AB,AA,NA,NA,NA,AB,AB,2,AB,AB,AB,BB,AB,NA,AB,1,AA,BB,NA,AA,NA,AA,AB,NA,AA,AA,NA,AB,AA,NA,AB,AB,AB,AA,AA,NA,4,1,AB,AB,NA,AB,AB,AA,AB,NA,BB,AB,NA,AA,NA,NA,AB,AA,AA,BB,NA,BB,BB,BB,NA,BB,NA,AA,AB,AA,BB,NA,2,AB,1,AA,1,AB,BB,BB,NA,AB,AB,AB,NA,4,4,AB,BB,AA,AA,NA,AA,NA,NA,AA,AB,AA,3,AB,AB,AA,BB,NA,NA,AB,1,AB,AB,NA,BB,AB,AB,BB,NA,AB,AB,AB,AB,AB,NA,AB,BB,AA,NA,NA,AB,AB,AA,AB,3,AB,NA,AA,BB,AB,AB,AB,NA,AB,1,AB,AB,NA,AB,NA,AB,AB,AB,AB,AB,AB,NA,AA,AB,BB,AB,AA,AA,AB,AB,AA,AB,NA,NA,NA,BB,AB,AB,AA,AB,NA,NA,NA,NA,2,NA,NA,NA,AB,AA,AB,AB,AB,AB,AB,AB,AA,BB
NA,NA,NA,2940.27,2.08,166,AB,AB,NA,AB,AB,AB,NA,AA,2,NA,AA,AB,AB,NA,AB,AA,NA,BB,AB,AB,AB,AB,AB,AB,BB,NA,AA,NA,NA,NA,AB,AB,AB,AB,NA,AA,BB,AB,2,NA,AA,AB,AB,4,NA,AB,BB,AB,NA,AB,AB,NA,AA,AA,AA,AB,NA,NA,NA,3,AA,NA,AA,AB,AA,AB,AB,1,NA,BB,NA,AB,AA,BB,AA,AA,AA,AB,BB,NA,AB,BB,AA,NA,NA,NA,BB,AB,NA,AA,AA,AB,BB,AB,NA,AB,1,AB,BB,BB,BB,NA,AA,AA,BB,AA,AA,AB,AB,AB,NA,BB,AB,AB,AA,AA,NA,1,2,AB,AB,NA,AA,AB,AA,AB,NA,BB,AA,NA,AA,3,NA,BB,AB,AA,BB,AB,AB,AB,AB,NA,BB,NA,AA,AA,AA,BB,NA,1,AB,1,NA,2,AA,BB,BB,NA,AA,BB,AB,NA,NA,NA,AB,BB,AA,AB,NA,AB,AA,NA,NA,AB,AA,3,AB,AB,AA,AB,NA,NA,BB,2,AB,AA,NA,BB,AA,BB,AB,NA,AB,AB,AB,AB,AA,NA,BB,AB,BB,NA,AB,AB,AA,AB,AB,3,AA,NA,AB,BB,AB,AB,AA,NA,AB,2,AB,AB,NA,AB,NA,AB,AB,AB,AB,AB,AB,NA,AB,AA,AB,AA,AA,AB,BB,AB,AA,AA,NA,NA,NA,BB,AB,AB,AA,AB,NA,NA,1,NA,2,NA,NA,NA,AA,AA,AB,AA,AB,AB,AB,AB,AB,BB
NA,64853.33,2.84,NA,17.52,167,AB,AA,NA,NA,AB,AA,NA,AA,4,NA,AA,AA,AA,NA,AA,AB,NA,AB,AB,AA,BB,AA,AB,AB,AB,NA,AB,NA,NA,NA,AB,AB,AA,AA,NA,AB,BB,AB,2,NA,AB,AB,AB,4,NA,AA,AB,AB,NA,AB,AB,NA,AA,AB,AA,AB,NA,NA,NA,NA,AB,NA,AA,AB,AA,AB,AB,2,NA,AB,NA,BB,AA,BB,AB,AB,AA,AA,BB,AA,AA,AB,AA,NA,NA,NA,AB,AB,4,AA,AA,AA,AB,AB,NA,AB,3,AA,BB,AB,AA,NA,AB,AB,NA,AA,AA,AA,AB,AA,NA,BB,AB,AB,AA,AA,NA,NA,1,AB,AB,NA,AB,AB,AA,AB,NA,AB,AB,NA,AB,4,NA,BB,AB,NA,AB,AB,AA,AA,AA,NA,AB,NA,AA,AA,AA,BB,NA,2,AB,1,NA,3,AB,AB,AB,NA,AA,AB,AB,NA,1,NA,AA,AA,AB,AB,NA,AA,AB,NA,AB,AA,AB,NA,AB,AA,AB,AA,NA,NA,BB,2,AA,AB,NA,BB,AA,BB,AB,NA,BB,AB,AB,AB,AB,NA,BB,AB,BB,NA,AB,AB,AB,AA,AB,3,AA,NA,AB,BB,AB,AB,AA,NA,AB,1,AB,AB,NA,AB,NA,AB,AB,AB,AB,BB,AB,NA,AA,AB,BB,AB,AB,AB,BB,AA,AB,AA,NA,NA,NA,BB,AB,AB,AA,BB,NA,NA,1,NA,1,NA,NA,NA,AB,AA,AB,AB,AB,AB,AB,AB,AA,BB
NA,100646.67,4.57,NA,36.62,168,AB,AB,NA,AA,AA,AB,NA,AA,4,NA,AB,AB,AA,NA,AA,AA,NA,AB,AB,AA,BB,AA,AB,AB,AB,NA,AB,NA,NA,NA,AB,AB,AA,AB,NA,AB,AB,AB,3,NA,BB,AA,BB,2,NA,AA,AB,AB,NA,AA,AA,NA,AB,BB,AB,AA,NA,NA,NA,4,AB,NA,AB,AB,AB,BB,AB,2,NA,AA,NA,BB,AA,BB,AB,AB,NA,BB,AB,AA,AB,BB,AB,NA,NA,NA,AB,AB,4,AB,AA,AA,AB,AB,NA,BB,3,BB,AB,NA,AA,NA,AA,AB,NA,AA,AA,AB,AA,AB,NA,AB,AB,AB,AA,AA,NA,1,2,AB,AB,NA,AA,AB,AA,AB,NA,BB,AA,NA,AA,NA,NA,BB,AB,NA,BB,AA,AB,AB,AB,NA,BB,NA,AA,AB,AB,AB,NA,1,AB,1,NA,1,AB,BB,BB,NA,AB,BB,BB,NA,2,NA,AB,NA,AA,AA,NA,AB,NA,NA,AA,AA,AB,1,AB,AA,AB,AB,NA,NA,BB,2,AA,AB,NA,BB,AA,BB,AB,NA,BB,AA,BB,AA,AA,NA,BB,AB,BB,NA,NA,AA,AB,AB,AA,3,AA,NA,AA,AB,AB,AB,AB,NA,AB,1,AB,AB,NA,AB,NA,AB,AB,AB,AB,BB,AB,NA,AB,AA,AB,AA,AB,AB,AB,NA,AA,AA,NA,NA,NA,AB,AA,AB,AA,AB,NA,NA,1,NA,2,NA,NA,NA,AA,AB,AA,AA,AB,AB,AB,AB,AB,AB
3.95,NA,NA,154.35,12.63,169,AA,AA,NA,NA,BB,BB,NA,AB,1,NA,AB,AB,AA,NA,AA,AB,NA,AA,AB,AA,BB,AA,BB,AA,AB,NA,AA,NA,NA,NA,AA,BB,AB,BB,NA,AA,AA,AA,4,NA,AB,AA,AB,2,NA,AA,AB,BB,NA,AA,AA,NA,AB,BB,AB,AA,NA,NA,NA,3,AA,NA,AB,AB,AA,AB,AB,4,NA,AA,NA,BB,AB,AB,AB,AA,AA,AB,AB,AB,AA,AB,AB,NA,NA,NA,AA,BB,3,AB,AB,AA,AB,AA,NA,BB,3,BB,AB,AB,AB,NA,AB,AA,BB,AB,AB,AB,AB,AB,NA,BB,AA,BB,AB,AB,NA,4,NA,AB,AB,NA,AB,AB,AA,AB,NA,BB,AA,NA,AB,4,NA,BB,AB,NA,AB,BB,AA,AA,AA,NA,AB,NA,AA,AB,AB,AB,NA,1,BB,NA,NA,NA,AA,AB,AB,NA,AB,AA,AA,NA,3,NA,AA,NA,AB,AB,NA,AB,AA,NA,BB,AA,AB,1,AB,AA,AB,AA,NA,NA,BB,2,BB,AA,NA,AB,AA,BB,AB,NA,BB,AA,BB,AA,AB,NA,BB,AB,AB,NA,NA,AB,AA,AB,AB,3,AB,NA,AB,AB,AB,AB,AB,NA,AB,1,AB,AB,NA,AB,NA,AB,AB,AB,AB,AB,AB,NA,AA,AA,AB,AA,AA,AB,BB,AB,AA,AA,NA,NA,NA,AB,AA,AB,AA,BB,NA,NA,NA,NA,1,NA,NA,NA,AB,AA,AB,AB,AB,AB,AB,AB,AA,AB
NA,NA,NA,3652.19,21.32,170,AB,AB,NA,NA,AA,AB,NA,AB,3,NA,AB,AB,AB,NA,AA,AB,NA,AA,BB,AB,AB,AB,NA,AB,BB,NA,NA,NA,NA,NA,AB,BB,BB,AA,NA,AA,BB,AA,2,NA,AA,AB,BB,4,NA,AA,BB,AB,NA,AA,AA,NA,AA,BB,AB,AB,NA,NA,NA,1,AB,NA,NA,AB,AB,BB,BB,1,NA,BB,NA,AB,AA,BB,AA,AA,AA,AB,BB,NA,AB,BB,AA,NA,NA,NA,AB,BB,3,AA,AA,AA,AB,AA,NA,BB,3,BB,AB,BB,BB,NA,AB,AA,NA,AB,AA,NA,AA,AB,NA,AB,AA,BB,AB,AB,NA,4,NA,AB,AB,NA,AA,AA,AB,AA,NA,AA,BB,NA,AB,4,NA,BB,AB,NA,BB,AA,BB,BB,BB,NA,BB,NA,AA,AB,AB,AB,NA,2,BB,NA,BB,NA,AB,AB,BB,NA,AA,AB,AB,NA,1,2,AA,NA,AB,AA,NA,BB,AA,NA,BB,AB,AB,3,AB,AB,AA,BB,NA,NA,AB,1,AB,AB,NA,BB,AA,BB,AB,NA,AB,AA,BB,AA,AB,NA,BB,AB,AB,NA,AB,AB,AB,AA,AB,3,AB,NA,AA,AB,AB,AB,AB,NA,AB,2,AB,AB,NA,AB,NA,AB,AB,AB,AB,BB,AB,NA,AB,AA,AB,AA,AB,AA,BB,AB,AA,AA,NA,NA,NA,AB,AB,AB,AA,BB,NA,NA,NA,NA,1,NA,NA,NA,AA,AB,AA,AB,AB,AB,AB,AB,AA,AB
4,NA,NA,NA,NA,172,AA,AA,NA,NA,AB,AB,NA,AA,4,NA,AB,AA,AA,NA,AA,AB,NA,AB,AB,AB,AB,AB,AB,AB,BB,NA,AA,NA,NA,NA,AA,BB,BB,BB,NA,AA,BB,AA,2,NA,AA,AB,BB,4,NA,AA,AB,AB,NA,AB,AB,NA,AA,AA,AA,AA,NA,NA,NA,1,AB,NA,AA,AB,AB,AB,BB,1,NA,BB,NA,AB,AA,BB,AA,AA,AA,AB,AB,AB,AA,AB,AB,NA,NA,NA,BB,AB,2,AA,AA,AB,BB,AB,NA,AB,1,BB,AB,BB,AB,NA,AB,AB,NA,AB,AB,AA,AB,BB,NA,BB,AA,BB,AB,AB,NA,3,1,BB,AA,NA,AA,AA,AA,AB,NA,BB,AA,NA,AB,4,NA,BB,AB,NA,AB,AA,AB,AB,AB,NA,AB,NA,AA,BB,AA,AB,NA,2,BB,2,AB,1,AB,BB,BB,NA,AB,AB,AB,NA,4,4,AA,AB,AB,AA,NA,AA,AB,NA,AB,AA,AB,4,BB,AA,AB,AA,NA,NA,BB,2,BB,AA,NA,BB,AA,BB,AB,NA,AB,AB,AB,AB,AA,NA,AB,BB,NA,NA,BB,AB,AB,AA,AB,1,AB,NA,AB,BB,AB,AB,AB,NA,AB,2,AB,AB,NA,AB,NA,AB,AB,AB,AB,AB,AB,NA,AB,AB,BB,AB,AB,AB,BB,AA,AB,AA,NA,NA,NA,AB,AA,AB,AA,AB,NA,NA,NA,NA,2,NA,NA,NA,AA,AA,AB,AB,AB,AB,AB,AB,AA,BB
3.8,NA,NA,362.21,20.66,173,AA,AA,NA,BB,BB,AB,NA,AB,1,NA,AA,AB,NA,NA,AA,BB,NA,BB,AB,AB,AB,AB,AB,AB,BB,NA,AA,NA,NA,NA,AB,AB,BB,AB,NA,AA,AB,AB,3,NA,AB,AA,BB,1,NA,AB,BB,AB,NA,AA,AA,NA,AA,BB,AB,AB,NA,NA,NA,3,AA,NA,AA,AB,AA,AB,AB,1,NA,BB,NA,AB,NA,BB,AA,AA,AA,AB,AB,NA,AA,AB,AB,NA,NA,NA,BB,AA,1,AA,AA,AB,BB,AA,NA,AB,1,BB,AB,NA,AB,NA,AB,AB,AB,AB,AB,NA,AA,AB,NA,AB,AB,AB,AA,AA,NA,3,1,BB,AA,NA,AA,AA,AA,AB,NA,AB,BB,NA,AA,1,NA,AB,AA,NA,BB,AB,AA,AA,AA,NA,AB,NA,AB,AA,AA,BB,NA,1,AB,1,AB,3,AB,AB,AB,NA,AA,AB,AB,NA,1,2,AA,AB,NA,AA,NA,AB,AB,NA,AA,AA,AB,4,BB,AA,AB,BB,NA,NA,AB,1,AB,AA,NA,AB,AA,BB,BB,NA,BB,AA,BB,AA,AB,NA,AB,BB,AB,NA,NA,AB,AB,AA,AB,2,AA,NA,NA,AB,AB,AB,AB,NA,AB,2,AB,AB,NA,AB,NA,AB,AB,AB,AB,AB,AB,NA,AB,AB,AB,AA,AA,AB,BB,AB,AA,AB,NA,NA,NA,BB,AB,AB,AA,BB,NA,NA,1,NA,1,NA,NA,NA,AA,AB,AA,AA,AB,AB,AB,AB,AA,AB
6.05,NA,NA,388.53,14.59,174,AA,AB,NA,AA,AA,AB,NA,AB,4,NA,AB,AA,AA,NA,AB,AB,NA,BB,BB,AB,AB,AB,AB,AB,BB,NA,AA,NA,NA,NA,AB,AB,BB,BB,NA,AA,BB,AA,2,NA,AA,AB,BB,4,NA,AB,AB,AB,NA,AA,AA,NA,AA,AB,AB,AA,NA,NA,NA,4,AB,NA,AA,AB,AA,AB,AB,3,AB,AB,NA,AA,AB,AB,AA,AB,AB,BB,AB,AA,AB,BB,AB,NA,NA,NA,AA,AB,4,AA,AB,AA,AB,AB,NA,AB,3,BB,AB,BB,AB,NA,AB,AB,AB,AB,AB,AA,AB,AA,NA,BB,AB,AB,AA,AA,NA,2,NA,AA,BB,NA,AB,AA,AA,AB,NA,AA,BB,NA,AB,4,NA,BB,AB,AB,AB,AB,AB,AB,AB,NA,BB,NA,AB,AB,AA,BB,BB,NA,AB,1,NA,1,AA,BB,BB,NA,AA,AA,AA,NA,3,NA,AB,AB,AB,AB,NA,AB,AA,NA,BB,AB,AA,2,AA,AB,AA,BB,NA,NA,AB,1,BB,AA,NA,AB,AA,BB,AB,NA,AB,AA,BB,AA,AA,NA,BB,AB,BB,NA,AB,AB,AA,AA,AB,3,AB,NA,AA,BB,AB,AB,AB,NA,AB,2,AB,AB,NA,AB,NA,AB,AB,AB,AB,AB,AB,NA,AA,AB,BB,AB,AB,AB,BB,AA,AB,AA,NA,NA,NA,AB,AA,AB,AA,AB,NA,NA,NA,NA,2,NA,AB,NA,AB,AA,AB,AA,AB,AB,AB,AB,AB,AB
NA,83483.33,2.81,345.52,12.15,175,AB,AB,NA,AA,AA,AA,NA,AB,3,NA,AA,AA,AB,NA,AA,AB,NA,AB,BB,AA,BB,AA,BB,AA,AB,NA,AA,NA,NA,NA,AB,AB,BB,AB,NA,AA,AB,AA,1,NA,AA,AB,BB,4,NA,AA,BB,AB,NA,AA,AB,NA,AB,BB,AB,AA,NA,NA,NA,NA,AA,NA,AB,AB,AA,AB,BB,1,BB,AB,NA,AB,AA,BB,AB,AA,AA,AB,AB,AA,AB,BB,AB,NA,NA,NA,AA,BB,3,AB,AA,AA,AB,AA,NA,AB,3,AA,BB,AB,AB,NA,AB,AA,BB,AB,AB,AA,AA,BB,NA,AB,AA,BB,AB,AB,NA,NA,1,AB,AB,NA,AB,AB,AB,AA,NA,AB,AB,NA,AA,1,NA,AB,AA,AA,BB,AA,BB,BB,BB,NA,BB,NA,AB,AB,AA,BB,BB,2,AB,1,NA,4,AA,AB,AB,NA,AB,BB,BB,NA,1,NA,AA,NA,AB,AB,NA,AB,AB,NA,AB,AA,AB,1,AB,AB,AA,AB,NA,NA,AB,NA,AA,AB,NA,BB,AB,AB,BB,NA,BB,AB,AB,AB,AB,NA,AB,BB,AB,NA,NA,AA,AA,AA,AA,3,AA,NA,AA,AB,AB,AB,AB,NA,BB,1,AB,AB,NA,AB,NA,AB,AB,AB,AB,BB,AB,NA,AA,AB,AB,AA,AA,AB,BB,AB,AA,AB,NA,NA,NA,AB,AA,AB,AA,BB,NA,NA,1,NA,1,NA,AB,NA,AB,AA,AB,AA,AB,AB,AB,AB,AA,BB
3.65,NA,NA,NA,0.56,176,AB,AB,NA,AA,AA,AA,NA,AA,3,NA,AA,AB,AB,NA,AB,AB,NA,BB,AB,AB,AB,AB,AA,BB,BB,NA,AB,NA,NA,NA,AB,AB,AB,BB,NA,AA,AB,AB,NA,NA,AA,AB,AB,4,NA,AB,BB,AA,NA,AB,AB,NA,AB,AB,AB,AB,NA,NA,NA,1,BB,NA,AB,AA,AB,AB,AA,3,AB,AB,NA,AA,AB,AB,AA,AB,AB,AB,BB,NA,AB,BB,AA,NA,NA,NA,AA,BB,3,AA,AB,AA,AB,AB,NA,BB,1,AA,BB,AB,AB,NA,AB,AA,BB,AB,AB,AB,NA,AB,NA,BB,AA,BB,AB,AB,NA,NA,NA,BB,AA,NA,AA,AA,AB,AA,NA,BB,AA,NA,AA,NA,NA,BB,AB,NA,BB,AB,AB,AB,AB,NA,AB,NA,AA,AB,AB,AB,AB,2,BB,2,NA,NA,AA,BB,BB,NA,AA,AA,AA,NA,3,NA,AB,NA,AA,AA,NA,AB,AB,NA,AA,AB,AA,NA,AB,AA,AB,AA,NA,NA,BB,NA,AB,AA,NA,BB,AA,BB,AB,NA,BB,AB,AB,AB,AB,NA,BB,AB,AA,NA,BB,AA,AA,AA,AA,3,AA,NA,AB,AB,AB,AB,AB,NA,AB,1,AB,AB,NA,AB,NA,AB,AB,AB,AB,BB,AB,NA,AB,AA,AB,AA,AB,AB,BB,AB,AA,AA,NA,NA,NA,AB,AA,AB,AA,BB,NA,NA,NA,NA,1,NA,AA,NA,AA,AB,AA,AB,AB,AB,AB,AB,AB,BB
NA,75800,2.85,5342.89,0.85,177,AA,AA,NA,AA,AB,AB,NA,AA,3,NA,AB,AB,AB,NA,AB,AB,NA,BB,BB,AB,AB,AB,AB,AB,BB,NA,AA,NA,NA,NA,AB,AB,AB,AB,NA,AA,AB,AB,3,NA,AB,AA,BB,2,NA,AB,BB,AB,NA,AB,AB,NA,AA,AB,AA,AB,NA,NA,NA,2,AB,NA,AB,AA,AB,AB,BB,2,AB,AB,NA,BB,AA,BB,AB,AB,NA,AA,BB,AB,AB,BB,AA,NA,NA,NA,AB,AB,2,AB,AB,AB,BB,AB,NA,BB,1,AB,BB,BB,AB,NA,AB,AB,AB,AB,AB,AB,AA,AB,NA,AB,AB,AB,AA,AA,NA,1,2,AB,AB,NA,AA,AB,AB,AA,NA,AA,AB,NA,AA,3,NA,BB,AB,AA,NA,BB,AA,AA,NA,NA,AB,NA,AB,BB,AB,AB,AB,2,AB,1,NA,3,AB,AB,AB,NA,AA,AA,AA,NA,3,NA,AB,AB,AA,AA,NA,AA,AB,NA,AB,AB,AA,2,AA,AB,AA,BB,NA,NA,AB,1,AB,AB,NA,AB,AA,BB,AB,NA,BB,AA,BB,AA,AB,NA,AB,BB,AB,NA,AB,AA,AA,AA,AA,3,AA,NA,AB,BB,AB,AB,AB,NA,AB,1,AB,AB,NA,AB,NA,AB,AB,AB,AB,BB,AB,NA,AA,AB,BB,AB,AA,AA,AB,AB,AA,AB,NA,NA,NA,AB,AA,AB,AA,AB,NA,NA,1,NA,2,NA,NA,NA,AB,AA,AB,AB,AB,AB,AB,AB,AA,AB
NA,89366.67,2.85,NA,17.43,178,AA,AB,NA,AA,AA,AB,NA,AA,3,NA,AB,AB,AB,NA,AB,AA,NA,AA,BB,AA,BB,AA,BB,AA,AB,NA,AA,NA,NA,NA,AA,BB,AB,AB,NA,AB,BB,AA,2,NA,AB,AB,BB,4,NA,AB,AB,AB,NA,AA,AA,NA,AA,BB,AB,AB,NA,NA,NA,3,AA,NA,AA,AB,AA,AB,AA,4,AA,AA,NA,BB,AB,AB,AB,AA,AA,AA,BB,AA,AA,AB,AA,NA,NA,NA,AB,AB,2,AA,AB,AB,BB,AA,NA,BB,1,BB,AB,AB,AA,NA,AA,AB,NA,AA,AA,AB,AB,AB,NA,BB,AB,AB,AA,AA,NA,4,1,AB,AB,NA,AB,AB,AA,AB,NA,AB,AB,NA,AA,3,NA,BB,AB,AA,BB,AA,BB,BB,BB,NA,BB,NA,AA,AB,AB,BB,BB,NA,AB,1,AB,1,AB,BB,BB,NA,AB,AA,AB,NA,4,4,AA,AB,AB,AA,NA,AB,AA,NA,BB,AB,AA,3,AB,AB,AA,AA,NA,NA,BB,2,AA,AB,NA,AB,AA,BB,AB,NA,BB,AB,AB,AB,AA,NA,AB,BB,AA,NA,BB,AA,AA,AA,AA,3,AA,NA,AA,AB,AB,AB,AB,NA,AB,4,AB,AB,NA,AB,NA,AB,AB,AB,AB,AB,AB,NA,AA,AB,BB,AB,AA,AB,BB,AA,AB,AA,NA,NA,NA,AB,AA,AB,AA,BB,NA,NA,1,NA,1,NA,NA,NA,AB,AB,AA,AA,AB,AB,AB,AB,AB,BB
